n,m,s,r,w,z,independent_groups,dependent_failures,C_t1,C_t4,effective_t4,bytes_equal,syndrome,status
4,1,1,4,8,1,3,2,29,29,3,PASS,PASS,PASS
4,1,1,5,8,1,4,2,36,36,4,PASS,PASS,PASS
4,1,1,6,8,1,5,2,43,43,4,PASS,PASS,PASS
4,1,1,7,8,1,6,2,50,50,4,PASS,PASS,PASS
4,1,1,8,8,1,7,2,57,57,4,PASS,PASS,PASS
4,1,1,9,8,1,8,2,64,64,4,PASS,PASS,PASS
4,1,1,10,8,1,9,2,71,71,4,PASS,PASS,PASS
4,1,1,11,8,1,10,2,78,78,4,PASS,PASS,PASS
4,1,1,12,8,1,11,2,85,85,4,PASS,PASS,PASS
4,1,1,13,8,1,12,2,92,92,4,PASS,PASS,PASS
4,1,1,14,8,1,13,2,99,99,4,PASS,PASS,PASS
4,1,1,15,8,1,14,2,106,106,4,PASS,PASS,PASS
4,1,1,16,8,1,15,2,113,113,4,PASS,PASS,PASS
4,1,1,17,8,1,16,2,120,120,4,PASS,PASS,PASS
4,1,1,18,8,1,17,2,127,127,4,PASS,PASS,PASS
4,1,1,19,8,1,18,2,134,134,4,PASS,PASS,PASS
4,1,1,20,8,1,19,2,141,141,4,PASS,PASS,PASS
4,1,1,21,8,1,20,2,148,148,4,PASS,PASS,PASS
4,1,1,22,8,1,21,2,155,155,4,PASS,PASS,PASS
4,1,1,23,8,1,22,2,162,162,4,PASS,PASS,PASS
4,1,1,24,8,1,23,2,169,169,4,PASS,PASS,PASS
4,1,2,4,8,1,3,3,45,45,3,PASS,PASS,PASS
4,1,2,4,8,2,2,4,50,50,2,PASS,PASS,PASS
4,1,2,5,8,1,4,3,56,56,4,PASS,PASS,PASS
4,1,2,5,8,2,3,4,61,61,3,PASS,PASS,PASS
4,1,2,6,8,1,5,3,67,67,4,PASS,PASS,PASS
4,1,2,6,8,2,4,4,72,72,4,PASS,PASS,PASS
4,1,2,7,8,1,6,3,78,78,4,PASS,PASS,PASS
4,1,2,7,8,2,5,4,83,83,4,PASS,PASS,PASS
4,1,2,8,8,1,7,3,89,89,4,PASS,PASS,PASS
4,1,2,8,8,2,6,4,94,94,4,PASS,PASS,PASS
4,1,2,9,8,1,8,3,100,100,4,PASS,PASS,PASS
4,1,2,9,8,2,7,4,105,105,4,PASS,PASS,PASS
4,1,2,10,8,1,9,3,111,111,4,PASS,PASS,PASS
4,1,2,10,8,2,8,4,116,116,4,PASS,PASS,PASS
4,1,2,11,8,1,10,3,122,122,4,PASS,PASS,PASS
4,1,2,11,8,2,9,4,127,127,4,PASS,PASS,PASS
4,1,2,12,8,1,11,3,133,133,4,PASS,PASS,PASS
4,1,2,12,8,2,10,4,138,138,4,PASS,PASS,PASS
4,1,2,13,8,1,12,3,144,144,4,PASS,PASS,PASS
4,1,2,13,8,2,11,4,149,149,4,PASS,PASS,PASS
4,1,2,14,8,1,13,3,155,155,4,PASS,PASS,PASS
4,1,2,14,8,2,12,4,160,160,4,PASS,PASS,PASS
4,1,2,15,8,1,14,3,166,166,4,PASS,PASS,PASS
4,1,2,15,8,2,13,4,171,171,4,PASS,PASS,PASS
4,1,2,16,8,1,15,3,177,177,4,PASS,PASS,PASS
4,1,2,16,8,2,14,4,182,182,4,PASS,PASS,PASS
4,1,2,17,8,1,16,3,188,188,4,PASS,PASS,PASS
4,1,2,17,8,2,15,4,193,193,4,PASS,PASS,PASS
4,1,2,18,8,1,17,3,199,199,4,PASS,PASS,PASS
4,1,2,18,8,2,16,4,204,204,4,PASS,PASS,PASS
4,1,2,19,8,1,18,3,210,210,4,PASS,PASS,PASS
4,1,2,19,8,2,17,4,215,215,4,PASS,PASS,PASS
4,1,2,20,8,1,19,3,221,221,4,PASS,PASS,PASS
4,1,2,20,8,2,18,4,226,226,4,PASS,PASS,PASS
4,1,2,21,8,1,20,3,232,232,4,PASS,PASS,PASS
4,1,2,21,8,2,19,4,237,237,4,PASS,PASS,PASS
4,1,2,22,8,1,21,3,243,243,4,PASS,PASS,PASS
4,1,2,22,8,2,20,4,248,248,4,PASS,PASS,PASS
4,1,2,23,8,1,22,3,254,254,4,PASS,PASS,PASS
4,1,2,23,8,2,21,4,259,259,4,PASS,PASS,PASS
4,1,2,24,8,1,23,3,265,265,4,PASS,PASS,PASS
4,1,2,24,8,2,22,4,270,270,4,PASS,PASS,PASS
4,1,3,4,8,1,3,4,61,61,3,PASS,PASS,PASS
4,1,3,4,8,2,2,5,66,66,2,PASS,PASS,PASS
4,1,3,4,8,3,1,6,75,75,1,PASS,PASS,PASS
4,1,3,5,8,1,4,4,76,76,4,PASS,PASS,PASS
4,1,3,5,8,2,3,5,82,82,3,PASS,PASS,PASS
4,1,3,5,8,3,2,6,90,90,2,PASS,PASS,PASS
4,1,3,6,8,1,5,4,91,91,4,PASS,PASS,PASS
4,1,3,6,8,2,4,5,97,97,4,PASS,PASS,PASS
4,1,3,6,8,3,3,6,105,105,3,PASS,PASS,PASS
4,1,3,7,8,1,6,4,106,106,4,PASS,PASS,PASS
4,1,3,7,8,2,5,5,111,111,4,PASS,PASS,PASS
4,1,3,7,8,3,4,6,120,120,4,PASS,PASS,PASS
4,1,3,8,8,1,7,4,121,121,4,PASS,PASS,PASS
4,1,3,8,8,2,6,5,127,127,4,PASS,PASS,PASS
4,1,3,8,8,3,5,6,135,135,4,PASS,PASS,PASS
4,1,3,9,8,1,8,4,136,136,4,PASS,PASS,PASS
4,1,3,9,8,2,7,5,142,142,4,PASS,PASS,PASS
4,1,3,9,8,3,6,6,150,150,4,PASS,PASS,PASS
4,1,3,10,16,1,9,4,151,151,4,PASS,PASS,PASS
4,1,3,10,16,2,8,5,157,157,4,PASS,PASS,PASS
4,1,3,10,16,3,7,6,165,165,4,PASS,PASS,PASS
4,1,3,11,16,1,10,4,166,166,4,PASS,PASS,PASS
4,1,3,11,16,2,9,5,172,172,4,PASS,PASS,PASS
4,1,3,11,16,3,8,6,180,180,4,PASS,PASS,PASS
4,1,3,12,16,1,11,4,181,181,4,PASS,PASS,PASS
4,1,3,12,16,2,10,5,187,187,4,PASS,PASS,PASS
4,1,3,12,16,3,9,6,195,195,4,PASS,PASS,PASS
4,1,3,13,16,1,12,4,196,196,4,PASS,PASS,PASS
4,1,3,13,16,2,11,5,202,202,4,PASS,PASS,PASS
4,1,3,13,16,3,10,6,210,210,4,PASS,PASS,PASS
4,1,3,14,16,1,13,4,211,211,4,PASS,PASS,PASS
4,1,3,14,16,2,12,5,217,217,4,PASS,PASS,PASS
4,1,3,14,16,3,11,6,225,225,4,PASS,PASS,PASS
4,1,3,15,16,1,14,4,226,226,4,PASS,PASS,PASS
4,1,3,15,16,2,13,5,232,232,4,PASS,PASS,PASS
4,1,3,15,16,3,12,6,240,240,4,PASS,PASS,PASS
4,1,3,16,16,1,15,4,241,241,4,PASS,PASS,PASS
4,1,3,16,16,2,14,5,247,247,4,PASS,PASS,PASS
4,1,3,16,16,3,13,6,255,255,4,PASS,PASS,PASS
4,1,3,17,16,1,16,4,256,256,4,PASS,PASS,PASS
4,1,3,17,16,2,15,5,262,262,4,PASS,PASS,PASS
4,1,3,17,16,3,14,6,270,270,4,PASS,PASS,PASS
4,1,3,18,16,1,17,4,271,271,4,PASS,PASS,PASS
4,1,3,18,16,2,16,5,277,277,4,PASS,PASS,PASS
4,1,3,18,16,3,15,6,285,285,4,PASS,PASS,PASS
4,1,3,19,16,1,18,4,286,286,4,PASS,PASS,PASS
4,1,3,19,16,2,17,5,292,292,4,PASS,PASS,PASS
4,1,3,19,16,3,16,6,300,300,4,PASS,PASS,PASS
4,1,3,20,16,1,19,4,301,301,4,PASS,PASS,PASS
4,1,3,20,16,2,18,5,307,307,4,PASS,PASS,PASS
4,1,3,20,16,3,17,6,315,315,4,PASS,PASS,PASS
4,1,3,21,16,1,20,4,316,316,4,PASS,PASS,PASS
4,1,3,21,16,2,19,5,322,322,4,PASS,PASS,PASS
4,1,3,21,16,3,18,6,330,330,4,PASS,PASS,PASS
4,1,3,22,16,1,21,4,331,331,4,PASS,PASS,PASS
4,1,3,22,16,2,20,5,337,337,4,PASS,PASS,PASS
4,1,3,22,16,3,19,6,345,345,4,PASS,PASS,PASS
4,1,3,23,16,1,22,4,346,346,4,PASS,PASS,PASS
4,1,3,23,16,2,21,5,352,352,4,PASS,PASS,PASS
4,1,3,23,16,3,20,6,360,360,4,PASS,PASS,PASS
4,1,3,24,16,1,23,4,361,361,4,PASS,PASS,PASS
4,1,3,24,16,2,22,5,367,367,4,PASS,PASS,PASS
4,1,3,24,16,3,21,6,375,375,4,PASS,PASS,PASS
4,2,1,4,8,1,3,3,36,36,3,PASS,PASS,PASS
4,2,1,5,8,1,4,3,44,44,4,PASS,PASS,PASS
4,2,1,6,8,1,5,3,52,52,4,PASS,PASS,PASS
4,2,1,7,8,1,6,3,60,60,4,PASS,PASS,PASS
4,2,1,8,8,1,7,3,68,68,4,PASS,PASS,PASS
4,2,1,9,8,1,8,3,76,76,4,PASS,PASS,PASS
4,2,1,10,8,1,9,3,84,84,4,PASS,PASS,PASS
4,2,1,11,8,1,10,3,92,92,4,PASS,PASS,PASS
4,2,1,12,8,1,11,3,100,100,4,PASS,PASS,PASS
4,2,1,13,8,1,12,3,108,108,4,PASS,PASS,PASS
4,2,1,14,8,1,13,3,116,116,4,PASS,PASS,PASS
4,2,1,15,8,1,14,3,124,124,4,PASS,PASS,PASS
4,2,1,16,8,1,15,3,132,132,4,PASS,PASS,PASS
4,2,1,17,8,1,16,3,140,140,4,PASS,PASS,PASS
4,2,1,18,8,1,17,3,148,148,4,PASS,PASS,PASS
4,2,1,19,8,1,18,3,156,156,4,PASS,PASS,PASS
4,2,1,20,8,1,19,3,164,164,4,PASS,PASS,PASS
4,2,1,21,8,1,20,3,172,172,4,PASS,PASS,PASS
4,2,1,22,8,1,21,3,180,180,4,PASS,PASS,PASS
4,2,1,23,8,1,22,3,188,188,4,PASS,PASS,PASS
4,2,1,24,8,1,23,3,196,196,4,PASS,PASS,PASS
4,2,2,4,8,1,3,4,52,52,3,PASS,PASS,PASS
4,2,2,4,8,2,2,6,68,68,2,PASS,PASS,PASS
4,2,2,5,8,1,4,4,64,64,4,PASS,PASS,PASS
4,2,2,5,8,2,3,6,80,80,3,PASS,PASS,PASS
4,2,2,6,8,1,5,4,76,76,4,PASS,PASS,PASS
4,2,2,6,8,2,4,6,92,92,4,PASS,PASS,PASS
4,2,2,7,8,1,6,4,88,88,4,PASS,PASS,PASS
4,2,2,7,8,2,5,6,104,104,4,PASS,PASS,PASS
4,2,2,8,8,1,7,4,100,100,4,PASS,PASS,PASS
4,2,2,8,8,2,6,6,116,116,4,PASS,PASS,PASS
4,2,2,9,8,1,8,4,112,112,4,PASS,PASS,PASS
4,2,2,9,8,2,7,6,128,128,4,PASS,PASS,PASS
4,2,2,10,8,1,9,4,124,124,4,PASS,PASS,PASS
4,2,2,10,8,2,8,6,140,140,4,PASS,PASS,PASS
4,2,2,11,8,1,10,4,136,136,4,PASS,PASS,PASS
4,2,2,11,8,2,9,6,152,152,4,PASS,PASS,PASS
4,2,2,12,8,1,11,4,148,148,4,PASS,PASS,PASS
4,2,2,12,8,2,10,6,164,164,4,PASS,PASS,PASS
4,2,2,13,8,1,12,4,160,160,4,PASS,PASS,PASS
4,2,2,13,8,2,11,6,176,176,4,PASS,PASS,PASS
4,2,2,14,8,1,13,4,172,172,4,PASS,PASS,PASS
4,2,2,14,8,2,12,6,188,188,4,PASS,PASS,PASS
4,2,2,15,8,1,14,4,184,184,4,PASS,PASS,PASS
4,2,2,15,8,2,13,6,200,200,4,PASS,PASS,PASS
4,2,2,16,8,1,15,4,196,196,4,PASS,PASS,PASS
4,2,2,16,8,2,14,6,210,210,4,PASS,PASS,PASS
4,2,2,17,8,1,16,4,208,208,4,PASS,PASS,PASS
4,2,2,17,8,2,15,6,224,224,4,PASS,PASS,PASS
4,2,2,18,8,1,17,4,220,220,4,PASS,PASS,PASS
4,2,2,18,8,2,16,6,236,236,4,PASS,PASS,PASS
4,2,2,19,8,1,18,4,232,232,4,PASS,PASS,PASS
4,2,2,19,8,2,17,6,248,248,4,PASS,PASS,PASS
4,2,2,20,8,1,19,4,244,244,4,PASS,PASS,PASS
4,2,2,20,8,2,18,6,260,260,4,PASS,PASS,PASS
4,2,2,21,8,1,20,4,256,256,4,PASS,PASS,PASS
4,2,2,21,8,2,19,6,272,272,4,PASS,PASS,PASS
4,2,2,22,8,1,21,4,268,268,4,PASS,PASS,PASS
4,2,2,22,8,2,20,6,284,284,4,PASS,PASS,PASS
4,2,2,23,8,1,22,4,280,280,4,PASS,PASS,PASS
4,2,2,23,8,2,21,6,296,296,4,PASS,PASS,PASS
4,2,2,24,8,1,23,4,292,292,4,PASS,PASS,PASS
4,2,2,24,8,2,22,6,308,308,4,PASS,PASS,PASS
4,2,3,4,8,1,,,,,,,INFEASIBLE,SKIP
4,2,3,4,8,2,2,7,86,86,2,PASS,PASS,PASS
4,2,3,4,8,3,1,9,112,112,1,PASS,PASS,PASS
4,2,3,5,8,1,,,,,,,INFEASIBLE,SKIP
4,2,3,5,8,2,3,7,102,102,3,PASS,PASS,PASS
4,2,3,5,8,3,2,9,128,128,2,PASS,PASS,PASS
4,2,3,6,8,1,,,,,,,INFEASIBLE,SKIP
4,2,3,6,8,2,4,7,118,118,4,PASS,PASS,PASS
4,2,3,6,8,3,3,9,144,144,3,PASS,PASS,PASS
4,2,3,7,8,1,,,,,,,INFEASIBLE,SKIP
4,2,3,7,8,2,5,7,134,134,4,PASS,PASS,PASS
4,2,3,7,8,3,4,9,160,160,4,PASS,PASS,PASS
4,2,3,8,8,1,,,,,,,INFEASIBLE,SKIP
4,2,3,8,8,2,6,7,150,150,4,PASS,PASS,PASS
4,2,3,8,8,3,5,9,176,176,4,PASS,PASS,PASS
4,2,3,9,8,1,,,,,,,INFEASIBLE,SKIP
4,2,3,9,8,2,7,7,166,166,4,PASS,PASS,PASS
4,2,3,9,8,3,6,9,191,191,4,PASS,PASS,PASS
4,2,3,10,8,1,,,,,,,INFEASIBLE,SKIP
4,2,3,10,8,2,8,7,182,182,4,PASS,PASS,PASS
4,2,3,10,8,3,7,9,208,208,4,PASS,PASS,PASS
4,2,3,11,8,1,,,,,,,INFEASIBLE,SKIP
4,2,3,11,8,2,9,7,197,197,4,PASS,PASS,PASS
4,2,3,11,8,3,8,9,224,224,4,PASS,PASS,PASS
4,2,3,12,8,1,,,,,,,INFEASIBLE,SKIP
4,2,3,12,8,2,10,7,213,213,4,PASS,PASS,PASS
4,2,3,12,8,3,9,9,239,239,4,PASS,PASS,PASS
4,2,3,13,16,1,,,,,,,INFEASIBLE,SKIP
4,2,3,13,16,2,11,7,230,230,4,PASS,PASS,PASS
4,2,3,13,16,3,10,9,256,256,4,PASS,PASS,PASS
4,2,3,14,16,1,,,,,,,INFEASIBLE,SKIP
4,2,3,14,16,2,12,7,246,246,4,PASS,PASS,PASS
4,2,3,14,16,3,11,9,272,272,4,PASS,PASS,PASS
4,2,3,15,16,1,,,,,,,INFEASIBLE,SKIP
4,2,3,15,16,2,13,7,262,262,4,PASS,PASS,PASS
4,2,3,15,16,3,12,9,288,288,4,PASS,PASS,PASS
4,2,3,16,16,1,,,,,,,INFEASIBLE,SKIP
4,2,3,16,16,2,14,7,278,278,4,PASS,PASS,PASS
4,2,3,16,16,3,13,9,304,304,4,PASS,PASS,PASS
4,2,3,17,16,1,,,,,,,INFEASIBLE,SKIP
4,2,3,17,16,2,15,7,294,294,4,PASS,PASS,PASS
4,2,3,17,16,3,14,9,320,320,4,PASS,PASS,PASS
4,2,3,18,16,1,,,,,,,INFEASIBLE,SKIP
4,2,3,18,16,2,16,7,310,310,4,PASS,PASS,PASS
4,2,3,18,16,3,15,9,336,336,4,PASS,PASS,PASS
4,2,3,19,16,1,,,,,,,INFEASIBLE,SKIP
4,2,3,19,16,2,17,7,326,326,4,PASS,PASS,PASS
4,2,3,19,16,3,16,9,352,352,4,PASS,PASS,PASS
4,2,3,20,16,1,,,,,,,INFEASIBLE,SKIP
4,2,3,20,16,2,18,7,342,342,4,PASS,PASS,PASS
4,2,3,20,16,3,17,9,368,368,4,PASS,PASS,PASS
4,2,3,21,16,1,,,,,,,INFEASIBLE,SKIP
4,2,3,21,16,2,19,7,358,358,4,PASS,PASS,PASS
4,2,3,21,16,3,18,9,384,384,4,PASS,PASS,PASS
4,2,3,22,16,1,,,,,,,INFEASIBLE,SKIP
4,2,3,22,16,2,20,7,374,374,4,PASS,PASS,PASS
4,2,3,22,16,3,19,9,400,400,4,PASS,PASS,PASS
4,2,3,23,16,1,,,,,,,INFEASIBLE,SKIP
4,2,3,23,16,2,21,7,390,390,4,PASS,PASS,PASS
4,2,3,23,16,3,20,9,416,416,4,PASS,PASS,PASS
4,2,3,24,16,1,,,,,,,INFEASIBLE,SKIP
4,2,3,24,16,2,22,7,406,406,4,PASS,PASS,PASS
4,2,3,24,16,3,21,9,432,432,4,PASS,PASS,PASS
4,3,1,4,8,1,3,4,37,37,3,PASS,PASS,PASS
4,3,1,5,8,1,4,4,44,44,4,PASS,PASS,PASS
4,3,1,6,8,1,5,4,51,51,4,PASS,PASS,PASS
4,3,1,7,8,1,6,4,58,58,4,PASS,PASS,PASS
4,3,1,8,8,1,7,4,65,65,4,PASS,PASS,PASS
4,3,1,9,8,1,8,4,72,72,4,PASS,PASS,PASS
4,3,1,10,8,1,9,4,79,79,4,PASS,PASS,PASS
4,3,1,11,8,1,10,4,86,86,4,PASS,PASS,PASS
4,3,1,12,8,1,11,4,93,93,4,PASS,PASS,PASS
4,3,1,13,8,1,12,4,100,100,4,PASS,PASS,PASS
4,3,1,14,8,1,13,4,107,107,4,PASS,PASS,PASS
4,3,1,15,8,1,14,4,114,114,4,PASS,PASS,PASS
4,3,1,16,8,1,15,4,121,121,4,PASS,PASS,PASS
4,3,1,17,8,1,16,4,128,128,4,PASS,PASS,PASS
4,3,1,18,8,1,17,4,135,135,4,PASS,PASS,PASS
4,3,1,19,8,1,18,4,142,142,4,PASS,PASS,PASS
4,3,1,20,8,1,19,4,149,149,4,PASS,PASS,PASS
4,3,1,21,8,1,20,4,156,156,4,PASS,PASS,PASS
4,3,1,22,8,1,21,4,163,163,4,PASS,PASS,PASS
4,3,1,23,8,1,22,4,170,170,4,PASS,PASS,PASS
4,3,1,24,8,1,23,4,177,177,4,PASS,PASS,PASS
4,3,2,4,8,1,,,,,,,INFEASIBLE,SKIP
4,3,2,4,8,2,2,8,85,85,2,PASS,PASS,PASS
4,3,2,5,8,1,,,,,,,INFEASIBLE,SKIP
4,3,2,5,8,2,3,8,97,97,3,PASS,PASS,PASS
4,3,2,6,8,1,,,,,,,INFEASIBLE,SKIP
4,3,2,6,8,2,4,8,108,108,4,PASS,PASS,PASS
4,3,2,7,8,1,,,,,,,INFEASIBLE,SKIP
4,3,2,7,8,2,5,8,119,119,4,PASS,PASS,PASS
4,3,2,8,8,1,,,,,,,INFEASIBLE,SKIP
4,3,2,8,8,2,6,8,128,128,4,PASS,PASS,PASS
4,3,2,9,8,1,,,,,,,INFEASIBLE,SKIP
4,3,2,9,8,2,7,8,141,141,4,PASS,PASS,PASS
4,3,2,10,8,1,,,,,,,INFEASIBLE,SKIP
4,3,2,10,8,2,8,8,152,152,4,PASS,PASS,PASS
4,3,2,11,8,1,,,,,,,INFEASIBLE,SKIP
4,3,2,11,8,2,9,8,163,163,4,PASS,PASS,PASS
4,3,2,12,8,1,,,,,,,INFEASIBLE,SKIP
4,3,2,12,8,2,10,8,174,174,4,PASS,PASS,PASS
4,3,2,13,8,1,,,,,,,INFEASIBLE,SKIP
4,3,2,13,8,2,11,8,185,185,4,PASS,PASS,PASS
4,3,2,14,8,1,,,,,,,INFEASIBLE,SKIP
4,3,2,14,8,2,12,8,196,196,4,PASS,PASS,PASS
4,3,2,15,8,1,,,,,,,INFEASIBLE,SKIP
4,3,2,15,8,2,13,8,207,207,4,PASS,PASS,PASS
4,3,2,16,8,1,,,,,,,INFEASIBLE,SKIP
4,3,2,16,8,2,14,8,217,217,4,PASS,PASS,PASS
4,3,2,17,8,1,,,,,,,INFEASIBLE,SKIP
4,3,2,17,8,2,15,8,229,229,4,PASS,PASS,PASS
4,3,2,18,8,1,,,,,,,INFEASIBLE,SKIP
4,3,2,18,8,2,16,8,240,240,4,PASS,PASS,PASS
4,3,2,19,8,1,,,,,,,INFEASIBLE,SKIP
4,3,2,19,8,2,17,8,251,251,4,PASS,PASS,PASS
4,3,2,20,8,1,,,,,,,INFEASIBLE,SKIP
4,3,2,20,8,2,18,8,262,262,4,PASS,PASS,PASS
4,3,2,21,8,1,,,,,,,INFEASIBLE,SKIP
4,3,2,21,8,2,19,8,273,273,4,PASS,PASS,PASS
4,3,2,22,8,1,,,,,,,INFEASIBLE,SKIP
4,3,2,22,8,2,20,8,284,284,4,PASS,PASS,PASS
4,3,2,23,8,1,,,,,,,INFEASIBLE,SKIP
4,3,2,23,8,2,21,8,295,295,4,PASS,PASS,PASS
4,3,2,24,8,1,,,,,,,INFEASIBLE,SKIP
4,3,2,24,8,2,22,8,306,306,4,PASS,PASS,PASS
4,3,3,4,8,1,,,,,,,INFEASIBLE,SKIP
4,3,3,4,8,2,,,,,,,INFEASIBLE,SKIP
4,3,3,4,8,3,1,12,159,159,1,PASS,PASS,PASS
4,3,3,5,8,1,,,,,,,INFEASIBLE,SKIP
4,3,3,5,8,2,,,,,,,INFEASIBLE,SKIP
4,3,3,5,8,3,2,12,174,174,2,PASS,PASS,PASS
4,3,3,6,8,1,,,,,,,INFEASIBLE,SKIP
4,3,3,6,8,2,,,,,,,INFEASIBLE,SKIP
4,3,3,6,8,3,3,12,189,189,3,PASS,PASS,PASS
4,3,3,7,8,1,,,,,,,INFEASIBLE,SKIP
4,3,3,7,8,2,,,,,,,INFEASIBLE,SKIP
4,3,3,7,8,3,4,12,204,204,4,PASS,PASS,PASS
4,3,3,8,8,1,,,,,,,INFEASIBLE,SKIP
4,3,3,8,8,2,,,,,,,INFEASIBLE,SKIP
4,3,3,8,8,3,5,12,219,219,4,PASS,PASS,PASS
4,3,3,9,8,1,,,,,,,INFEASIBLE,SKIP
4,3,3,9,8,2,,,,,,,INFEASIBLE,SKIP
4,3,3,9,8,3,6,12,234,234,4,PASS,PASS,PASS
4,3,3,10,8,1,,,,,,,INFEASIBLE,SKIP
4,3,3,10,8,2,,,,,,,INFEASIBLE,SKIP
4,3,3,10,8,3,7,12,249,249,4,PASS,PASS,PASS
4,3,3,11,8,1,,,,,,,INFEASIBLE,SKIP
4,3,3,11,8,2,,,,,,,INFEASIBLE,SKIP
4,3,3,11,8,3,8,12,264,264,4,PASS,PASS,PASS
4,3,3,12,8,1,,,,,,,INFEASIBLE,SKIP
4,3,3,12,8,2,,,,,,,INFEASIBLE,SKIP
4,3,3,12,8,3,9,12,279,279,4,PASS,PASS,PASS
4,3,3,13,8,1,,,,,,,INFEASIBLE,SKIP
4,3,3,13,8,2,,,,,,,INFEASIBLE,SKIP
4,3,3,13,8,3,10,12,294,294,4,PASS,PASS,PASS
4,3,3,14,8,1,,,,,,,INFEASIBLE,SKIP
4,3,3,14,8,2,,,,,,,INFEASIBLE,SKIP
4,3,3,14,8,3,11,12,301,301,4,PASS,PASS,PASS
4,3,3,15,8,1,,,,,,,INFEASIBLE,SKIP
4,3,3,15,8,2,,,,,,,INFEASIBLE,SKIP
4,3,3,15,8,3,12,12,324,324,4,PASS,PASS,PASS
4,3,3,16,8,1,,,,,,,INFEASIBLE,SKIP
4,3,3,16,8,2,,,,,,,INFEASIBLE,SKIP
4,3,3,16,8,3,13,12,339,339,4,PASS,PASS,PASS
4,3,3,17,8,1,,,,,,,INFEASIBLE,SKIP
4,3,3,17,8,2,,,,,,,INFEASIBLE,SKIP
4,3,3,17,8,3,14,12,353,353,4,PASS,PASS,PASS
4,3,3,18,8,1,,,,,,,INFEASIBLE,SKIP
4,3,3,18,8,2,,,,,,,INFEASIBLE,SKIP
4,3,3,18,8,3,15,12,369,369,4,PASS,PASS,PASS
4,3,3,19,8,1,,,,,,,INFEASIBLE,SKIP
4,3,3,19,8,2,,,,,,,INFEASIBLE,SKIP
4,3,3,19,8,3,16,12,375,375,4,PASS,PASS,PASS
4,3,3,20,8,1,,,,,,,INFEASIBLE,SKIP
4,3,3,20,8,2,,,,,,,INFEASIBLE,SKIP
4,3,3,20,8,3,17,12,395,395,4,PASS,PASS,PASS
4,3,3,21,8,1,,,,,,,INFEASIBLE,SKIP
4,3,3,21,8,2,,,,,,,INFEASIBLE,SKIP
4,3,3,21,8,3,18,12,413,413,4,PASS,PASS,PASS
4,3,3,22,8,1,,,,,,,INFEASIBLE,SKIP
4,3,3,22,8,2,,,,,,,INFEASIBLE,SKIP
4,3,3,22,8,3,19,12,429,429,4,PASS,PASS,PASS
4,3,3,23,8,1,,,,,,,INFEASIBLE,SKIP
4,3,3,23,8,2,,,,,,,INFEASIBLE,SKIP
4,3,3,23,8,3,20,12,444,444,4,PASS,PASS,PASS
4,3,3,24,8,1,,,,,,,INFEASIBLE,SKIP
4,3,3,24,8,2,,,,,,,INFEASIBLE,SKIP
4,3,3,24,8,3,21,12,459,459,4,PASS,PASS,PASS
5,1,1,4,8,1,3,2,37,37,3,PASS,PASS,PASS
5,1,1,5,8,1,4,2,46,46,4,PASS,PASS,PASS
5,1,1,6,8,1,5,2,55,55,4,PASS,PASS,PASS
5,1,1,7,8,1,6,2,64,64,4,PASS,PASS,PASS
5,1,1,8,8,1,7,2,73,73,4,PASS,PASS,PASS
5,1,1,9,8,1,8,2,82,82,4,PASS,PASS,PASS
5,1,1,10,8,1,9,2,91,91,4,PASS,PASS,PASS
5,1,1,11,8,1,10,2,100,100,4,PASS,PASS,PASS
5,1,1,12,8,1,11,2,109,109,4,PASS,PASS,PASS
5,1,1,13,8,1,12,2,118,118,4,PASS,PASS,PASS
5,1,1,14,8,1,13,2,127,127,4,PASS,PASS,PASS
5,1,1,15,8,1,14,2,136,136,4,PASS,PASS,PASS
5,1,1,16,8,1,15,2,145,145,4,PASS,PASS,PASS
5,1,1,17,8,1,16,2,154,154,4,PASS,PASS,PASS
5,1,1,18,8,1,17,2,163,163,4,PASS,PASS,PASS
5,1,1,19,8,1,18,2,172,172,4,PASS,PASS,PASS
5,1,1,20,8,1,19,2,181,181,4,PASS,PASS,PASS
5,1,1,21,8,1,20,2,190,190,4,PASS,PASS,PASS
5,1,1,22,8,1,21,2,199,199,4,PASS,PASS,PASS
5,1,1,23,8,1,22,2,208,208,4,PASS,PASS,PASS
5,1,1,24,8,1,23,2,217,217,4,PASS,PASS,PASS
5,1,2,4,8,1,3,3,57,57,3,PASS,PASS,PASS
5,1,2,4,8,2,2,4,62,62,2,PASS,PASS,PASS
5,1,2,5,8,1,4,3,71,71,4,PASS,PASS,PASS
5,1,2,5,8,2,3,4,76,76,3,PASS,PASS,PASS
5,1,2,6,8,1,5,3,85,85,4,PASS,PASS,PASS
5,1,2,6,8,2,4,4,90,90,4,PASS,PASS,PASS
5,1,2,7,8,1,6,3,99,99,4,PASS,PASS,PASS
5,1,2,7,8,2,5,4,104,104,4,PASS,PASS,PASS
5,1,2,8,8,1,7,3,113,113,4,PASS,PASS,PASS
5,1,2,8,8,2,6,4,118,118,4,PASS,PASS,PASS
5,1,2,9,8,1,8,3,127,127,4,PASS,PASS,PASS
5,1,2,9,8,2,7,4,132,132,4,PASS,PASS,PASS
5,1,2,10,8,1,9,3,141,141,4,PASS,PASS,PASS
5,1,2,10,8,2,8,4,146,146,4,PASS,PASS,PASS
5,1,2,11,8,1,10,3,155,155,4,PASS,PASS,PASS
5,1,2,11,8,2,9,4,160,160,4,PASS,PASS,PASS
5,1,2,12,8,1,11,3,169,169,4,PASS,PASS,PASS
5,1,2,12,8,2,10,4,174,174,4,PASS,PASS,PASS
5,1,2,13,8,1,12,3,183,183,4,PASS,PASS,PASS
5,1,2,13,8,2,11,4,188,188,4,PASS,PASS,PASS
5,1,2,14,8,1,13,3,197,197,4,PASS,PASS,PASS
5,1,2,14,8,2,12,4,202,202,4,PASS,PASS,PASS
5,1,2,15,8,1,14,3,211,211,4,PASS,PASS,PASS
5,1,2,15,8,2,13,4,216,216,4,PASS,PASS,PASS
5,1,2,16,8,1,15,3,225,225,4,PASS,PASS,PASS
5,1,2,16,8,2,14,4,230,230,4,PASS,PASS,PASS
5,1,2,17,8,1,16,3,239,239,4,PASS,PASS,PASS
5,1,2,17,8,2,15,4,244,244,4,PASS,PASS,PASS
5,1,2,18,8,1,17,3,253,253,4,PASS,PASS,PASS
5,1,2,18,8,2,16,4,258,258,4,PASS,PASS,PASS
5,1,2,19,8,1,18,3,267,267,4,PASS,PASS,PASS
5,1,2,19,8,2,17,4,272,272,4,PASS,PASS,PASS
5,1,2,20,8,1,19,3,281,281,4,PASS,PASS,PASS
5,1,2,20,8,2,18,4,286,286,4,PASS,PASS,PASS
5,1,2,21,8,1,20,3,295,295,4,PASS,PASS,PASS
5,1,2,21,8,2,19,4,300,300,4,PASS,PASS,PASS
5,1,2,22,8,1,21,3,309,309,4,PASS,PASS,PASS
5,1,2,22,8,2,20,4,314,314,4,PASS,PASS,PASS
5,1,2,23,8,1,22,3,323,323,4,PASS,PASS,PASS
5,1,2,23,8,2,21,4,328,328,4,PASS,PASS,PASS
5,1,2,24,8,1,23,3,337,337,4,PASS,PASS,PASS
5,1,2,24,8,2,22,4,342,342,4,PASS,PASS,PASS
5,1,3,4,8,1,3,4,77,77,3,PASS,PASS,PASS
5,1,3,4,8,2,2,5,83,83,2,PASS,PASS,PASS
5,1,3,4,8,3,1,6,91,91,1,PASS,PASS,PASS
5,1,3,5,8,1,4,4,95,95,4,PASS,PASS,PASS
5,1,3,5,8,2,3,5,102,102,3,PASS,PASS,PASS
5,1,3,5,8,3,2,6,110,110,2,PASS,PASS,PASS
5,1,3,6,8,1,5,4,115,115,4,PASS,PASS,PASS
5,1,3,6,8,2,4,5,121,121,4,PASS,PASS,PASS
5,1,3,6,8,3,3,6,129,129,3,PASS,PASS,PASS
5,1,3,7,16,1,6,4,134,134,4,PASS,PASS,PASS
5,1,3,7,16,2,5,5,140,140,4,PASS,PASS,PASS
5,1,3,7,16,3,4,6,148,148,4,PASS,PASS,PASS
5,1,3,8,16,1,7,4,153,153,4,PASS,PASS,PASS
5,1,3,8,16,2,6,5,159,159,4,PASS,PASS,PASS
5,1,3,8,16,3,5,6,167,167,4,PASS,PASS,PASS
5,1,3,9,16,1,8,4,172,172,4,PASS,PASS,PASS
5,1,3,9,16,2,7,5,178,178,4,PASS,PASS,PASS
5,1,3,9,16,3,6,6,186,186,4,PASS,PASS,PASS
5,1,3,10,16,1,9,4,191,191,4,PASS,PASS,PASS
5,1,3,10,16,2,8,5,197,197,4,PASS,PASS,PASS
5,1,3,10,16,3,7,6,205,205,4,PASS,PASS,PASS
5,1,3,11,16,1,10,4,210,210,4,PASS,PASS,PASS
5,1,3,11,16,2,9,5,216,216,4,PASS,PASS,PASS
5,1,3,11,16,3,8,6,224,224,4,PASS,PASS,PASS
5,1,3,12,16,1,11,4,229,229,4,PASS,PASS,PASS
5,1,3,12,16,2,10,5,235,235,4,PASS,PASS,PASS
5,1,3,12,16,3,9,6,243,243,4,PASS,PASS,PASS
5,1,3,13,16,1,12,4,248,248,4,PASS,PASS,PASS
5,1,3,13,16,2,11,5,254,254,4,PASS,PASS,PASS
5,1,3,13,16,3,10,6,262,262,4,PASS,PASS,PASS
5,1,3,14,16,1,13,4,267,267,4,PASS,PASS,PASS
5,1,3,14,16,2,12,5,273,273,4,PASS,PASS,PASS
5,1,3,14,16,3,11,6,281,281,4,PASS,PASS,PASS
5,1,3,15,16,1,14,4,286,286,4,PASS,PASS,PASS
5,1,3,15,16,2,13,5,292,292,4,PASS,PASS,PASS
5,1,3,15,16,3,12,6,300,300,4,PASS,PASS,PASS
5,1,3,16,16,1,15,4,305,305,4,PASS,PASS,PASS
5,1,3,16,16,2,14,5,311,311,4,PASS,PASS,PASS
5,1,3,16,16,3,13,6,319,319,4,PASS,PASS,PASS
5,1,3,17,16,1,16,4,324,324,4,PASS,PASS,PASS
5,1,3,17,16,2,15,5,330,330,4,PASS,PASS,PASS
5,1,3,17,16,3,14,6,338,338,4,PASS,PASS,PASS
5,1,3,18,16,1,17,4,343,343,4,PASS,PASS,PASS
5,1,3,18,16,2,16,5,349,349,4,PASS,PASS,PASS
5,1,3,18,16,3,15,6,357,357,4,PASS,PASS,PASS
5,1,3,19,16,1,18,4,362,362,4,PASS,PASS,PASS
5,1,3,19,16,2,17,5,368,368,4,PASS,PASS,PASS
5,1,3,19,16,3,16,6,376,376,4,PASS,PASS,PASS
5,1,3,20,16,1,19,4,381,381,4,PASS,PASS,PASS
5,1,3,20,16,2,18,5,387,387,4,PASS,PASS,PASS
5,1,3,20,16,3,17,6,395,395,4,PASS,PASS,PASS
5,1,3,21,16,1,20,4,400,400,4,PASS,PASS,PASS
5,1,3,21,16,2,19,5,406,406,4,PASS,PASS,PASS
5,1,3,21,16,3,18,6,414,414,4,PASS,PASS,PASS
5,1,3,22,16,1,21,4,419,419,4,PASS,PASS,PASS
5,1,3,22,16,2,20,5,425,425,4,PASS,PASS,PASS
5,1,3,22,16,3,19,6,433,433,4,PASS,PASS,PASS
5,1,3,23,16,1,22,4,438,438,4,PASS,PASS,PASS
5,1,3,23,16,2,21,5,444,444,4,PASS,PASS,PASS
5,1,3,23,16,3,20,6,452,452,4,PASS,PASS,PASS
5,1,3,24,16,1,23,4,457,457,4,PASS,PASS,PASS
5,1,3,24,16,2,22,5,463,463,4,PASS,PASS,PASS
5,1,3,24,16,3,21,6,471,471,4,PASS,PASS,PASS
5,2,1,4,8,1,3,3,48,48,3,PASS,PASS,PASS
5,2,1,5,8,1,4,3,59,59,4,PASS,PASS,PASS
5,2,1,6,8,1,5,3,70,70,4,PASS,PASS,PASS
5,2,1,7,8,1,6,3,81,81,4,PASS,PASS,PASS
5,2,1,8,8,1,7,3,92,92,4,PASS,PASS,PASS
5,2,1,9,8,1,8,3,103,103,4,PASS,PASS,PASS
5,2,1,10,8,1,9,3,114,114,4,PASS,PASS,PASS
5,2,1,11,8,1,10,3,125,125,4,PASS,PASS,PASS
5,2,1,12,8,1,11,3,136,136,4,PASS,PASS,PASS
5,2,1,13,8,1,12,3,147,147,4,PASS,PASS,PASS
5,2,1,14,8,1,13,3,158,158,4,PASS,PASS,PASS
5,2,1,15,8,1,14,3,169,169,4,PASS,PASS,PASS
5,2,1,16,8,1,15,3,180,180,4,PASS,PASS,PASS
5,2,1,17,8,1,16,3,191,191,4,PASS,PASS,PASS
5,2,1,18,8,1,17,3,202,202,4,PASS,PASS,PASS
5,2,1,19,8,1,18,3,213,213,4,PASS,PASS,PASS
5,2,1,20,8,1,19,3,224,224,4,PASS,PASS,PASS
5,2,1,21,8,1,20,3,235,235,4,PASS,PASS,PASS
5,2,1,22,8,1,21,3,246,246,4,PASS,PASS,PASS
5,2,1,23,8,1,22,3,257,257,4,PASS,PASS,PASS
5,2,1,24,8,1,23,3,268,268,4,PASS,PASS,PASS
5,2,2,4,8,1,3,4,68,68,3,PASS,PASS,PASS
5,2,2,4,8,2,2,6,84,84,2,PASS,PASS,PASS
5,2,2,5,8,1,4,4,84,84,4,PASS,PASS,PASS
5,2,2,5,8,2,3,6,100,100,3,PASS,PASS,PASS
5,2,2,6,8,1,5,4,100,100,4,PASS,PASS,PASS
5,2,2,6,8,2,4,6,116,116,4,PASS,PASS,PASS
5,2,2,7,8,1,6,4,116,116,4,PASS,PASS,PASS
5,2,2,7,8,2,5,6,132,132,4,PASS,PASS,PASS
5,2,2,8,8,1,7,4,132,132,4,PASS,PASS,PASS
5,2,2,8,8,2,6,6,148,148,4,PASS,PASS,PASS
5,2,2,9,8,1,8,4,148,148,4,PASS,PASS,PASS
5,2,2,9,8,2,7,6,164,164,4,PASS,PASS,PASS
5,2,2,10,8,1,9,4,164,164,4,PASS,PASS,PASS
5,2,2,10,8,2,8,6,180,180,4,PASS,PASS,PASS
5,2,2,11,8,1,10,4,180,180,4,PASS,PASS,PASS
5,2,2,11,8,2,9,6,196,196,4,PASS,PASS,PASS
5,2,2,12,8,1,11,4,196,196,4,PASS,PASS,PASS
5,2,2,12,8,2,10,6,212,212,4,PASS,PASS,PASS
5,2,2,13,8,1,12,4,212,212,4,PASS,PASS,PASS
5,2,2,13,8,2,11,6,228,228,4,PASS,PASS,PASS
5,2,2,14,8,1,13,4,228,228,4,PASS,PASS,PASS
5,2,2,14,8,2,12,6,244,244,4,PASS,PASS,PASS
5,2,2,15,8,1,14,4,244,244,4,PASS,PASS,PASS
5,2,2,15,8,2,13,6,260,260,4,PASS,PASS,PASS
5,2,2,16,8,1,15,4,260,260,4,PASS,PASS,PASS
5,2,2,16,8,2,14,6,276,276,4,PASS,PASS,PASS
5,2,2,17,8,1,16,4,276,276,4,PASS,PASS,PASS
5,2,2,17,8,2,15,6,292,292,4,PASS,PASS,PASS
5,2,2,18,8,1,17,4,292,292,4,PASS,PASS,PASS
5,2,2,18,8,2,16,6,308,308,4,PASS,PASS,PASS
5,2,2,19,8,1,18,4,308,308,4,PASS,PASS,PASS
5,2,2,19,8,2,17,6,324,324,4,PASS,PASS,PASS
5,2,2,20,8,1,19,4,324,324,4,PASS,PASS,PASS
5,2,2,20,8,2,18,6,340,340,4,PASS,PASS,PASS
5,2,2,21,8,1,20,4,340,340,4,PASS,PASS,PASS
5,2,2,21,8,2,19,6,356,356,4,PASS,PASS,PASS
5,2,2,22,8,1,21,4,356,356,4,PASS,PASS,PASS
5,2,2,22,8,2,20,6,372,372,4,PASS,PASS,PASS
5,2,2,23,8,1,22,4,372,372,4,PASS,PASS,PASS
5,2,2,23,8,2,21,6,388,388,4,PASS,PASS,PASS
5,2,2,24,8,1,23,4,388,388,4,PASS,PASS,PASS
5,2,2,24,8,2,22,6,404,404,4,PASS,PASS,PASS
5,2,3,4,8,1,3,5,88,88,3,PASS,PASS,PASS
5,2,3,4,8,2,2,7,106,106,2,PASS,PASS,PASS
5,2,3,4,8,3,1,9,132,132,1,PASS,PASS,PASS
5,2,3,5,8,1,4,5,109,109,4,PASS,PASS,PASS
5,2,3,5,8,2,3,7,127,127,3,PASS,PASS,PASS
5,2,3,5,8,3,2,9,152,152,2,PASS,PASS,PASS
5,2,3,6,8,1,5,5,129,129,4,PASS,PASS,PASS
5,2,3,6,8,2,4,7,148,148,4,PASS,PASS,PASS
5,2,3,6,8,3,3,9,173,173,3,PASS,PASS,PASS
5,2,3,7,16,1,6,5,151,151,4,PASS,PASS,PASS
5,2,3,7,16,2,5,7,169,169,4,PASS,PASS,PASS
5,2,3,7,16,3,4,9,195,195,4,PASS,PASS,PASS
5,2,3,8,16,1,7,5,172,172,4,PASS,PASS,PASS
5,2,3,8,16,2,6,7,190,190,4,PASS,PASS,PASS
5,2,3,8,16,3,5,9,216,216,4,PASS,PASS,PASS
5,2,3,9,16,1,8,5,193,193,4,PASS,PASS,PASS
5,2,3,9,16,2,7,7,211,211,4,PASS,PASS,PASS
5,2,3,9,16,3,6,9,237,237,4,PASS,PASS,PASS
5,2,3,10,16,1,9,5,214,214,4,PASS,PASS,PASS
5,2,3,10,16,2,8,7,232,232,4,PASS,PASS,PASS
5,2,3,10,16,3,7,9,258,258,4,PASS,PASS,PASS
5,2,3,11,16,1,10,5,235,235,4,PASS,PASS,PASS
5,2,3,11,16,2,9,7,253,253,4,PASS,PASS,PASS
5,2,3,11,16,3,8,9,279,279,4,PASS,PASS,PASS
5,2,3,12,16,1,11,5,256,256,4,PASS,PASS,PASS
5,2,3,12,16,2,10,7,274,274,4,PASS,PASS,PASS
5,2,3,12,16,3,9,9,300,300,4,PASS,PASS,PASS
5,2,3,13,16,1,12,5,277,277,4,PASS,PASS,PASS
5,2,3,13,16,2,11,7,295,295,4,PASS,PASS,PASS
5,2,3,13,16,3,10,9,321,321,4,PASS,PASS,PASS
5,2,3,14,16,1,13,5,298,298,4,PASS,PASS,PASS
5,2,3,14,16,2,12,7,316,316,4,PASS,PASS,PASS
5,2,3,14,16,3,11,9,342,342,4,PASS,PASS,PASS
5,2,3,15,16,1,14,5,319,319,4,PASS,PASS,PASS
5,2,3,15,16,2,13,7,337,337,4,PASS,PASS,PASS
5,2,3,15,16,3,12,9,363,363,4,PASS,PASS,PASS
5,2,3,16,16,1,15,5,340,340,4,PASS,PASS,PASS
5,2,3,16,16,2,14,7,358,358,4,PASS,PASS,PASS
5,2,3,16,16,3,13,9,384,384,4,PASS,PASS,PASS
5,2,3,17,16,1,16,5,361,361,4,PASS,PASS,PASS
5,2,3,17,16,2,15,7,379,379,4,PASS,PASS,PASS
5,2,3,17,16,3,14,9,405,405,4,PASS,PASS,PASS
5,2,3,18,16,1,17,5,382,382,4,PASS,PASS,PASS
5,2,3,18,16,2,16,7,400,400,4,PASS,PASS,PASS
5,2,3,18,16,3,15,9,426,426,4,PASS,PASS,PASS
5,2,3,19,16,1,18,5,403,403,4,PASS,PASS,PASS
5,2,3,19,16,2,17,7,421,421,4,PASS,PASS,PASS
5,2,3,19,16,3,16,9,447,447,4,PASS,PASS,PASS
5,2,3,20,16,1,19,5,424,424,4,PASS,PASS,PASS
5,2,3,20,16,2,18,7,442,442,4,PASS,PASS,PASS
5,2,3,20,16,3,17,9,468,468,4,PASS,PASS,PASS
5,2,3,21,16,1,20,5,445,445,4,PASS,PASS,PASS
5,2,3,21,16,2,19,7,463,463,4,PASS,PASS,PASS
5,2,3,21,16,3,18,9,489,489,4,PASS,PASS,PASS
5,2,3,22,16,1,21,5,466,466,4,PASS,PASS,PASS
5,2,3,22,16,2,20,7,484,484,4,PASS,PASS,PASS
5,2,3,22,16,3,19,9,510,510,4,PASS,PASS,PASS
5,2,3,23,16,1,22,5,487,487,4,PASS,PASS,PASS
5,2,3,23,16,2,21,7,505,505,4,PASS,PASS,PASS
5,2,3,23,16,3,20,9,531,531,4,PASS,PASS,PASS
5,2,3,24,16,1,23,5,508,508,4,PASS,PASS,PASS
5,2,3,24,16,2,22,7,526,526,4,PASS,PASS,PASS
5,2,3,24,16,3,21,9,552,552,4,PASS,PASS,PASS
5,3,1,4,8,1,3,4,53,53,3,PASS,PASS,PASS
5,3,1,5,8,1,4,4,64,64,4,PASS,PASS,PASS
5,3,1,6,8,1,5,4,75,75,4,PASS,PASS,PASS
5,3,1,7,8,1,6,4,86,86,4,PASS,PASS,PASS
5,3,1,8,8,1,7,4,97,97,4,PASS,PASS,PASS
5,3,1,9,8,1,8,4,108,108,4,PASS,PASS,PASS
5,3,1,10,8,1,9,4,119,119,4,PASS,PASS,PASS
5,3,1,11,8,1,10,4,130,130,4,PASS,PASS,PASS
5,3,1,12,8,1,11,4,141,141,4,PASS,PASS,PASS
5,3,1,13,8,1,12,4,152,152,4,PASS,PASS,PASS
5,3,1,14,8,1,13,4,163,163,4,PASS,PASS,PASS
5,3,1,15,8,1,14,4,174,174,4,PASS,PASS,PASS
5,3,1,16,8,1,15,4,185,185,4,PASS,PASS,PASS
5,3,1,17,8,1,16,4,196,196,4,PASS,PASS,PASS
5,3,1,18,8,1,17,4,207,207,4,PASS,PASS,PASS
5,3,1,19,8,1,18,4,218,218,4,PASS,PASS,PASS
5,3,1,20,8,1,19,4,229,229,4,PASS,PASS,PASS
5,3,1,21,8,1,20,4,240,240,4,PASS,PASS,PASS
5,3,1,22,8,1,21,4,251,251,4,PASS,PASS,PASS
5,3,1,23,8,1,22,4,262,262,4,PASS,PASS,PASS
5,3,1,24,8,1,23,4,273,273,4,PASS,PASS,PASS
5,3,2,4,8,1,3,5,73,73,3,PASS,PASS,PASS
5,3,2,4,8,2,2,8,105,105,2,PASS,PASS,PASS
5,3,2,5,8,1,4,5,89,89,4,PASS,PASS,PASS
5,3,2,5,8,2,3,8,122,122,3,PASS,PASS,PASS
5,3,2,6,8,1,5,5,105,105,4,PASS,PASS,PASS
5,3,2,6,8,2,4,8,138,138,4,PASS,PASS,PASS
5,3,2,7,8,1,6,5,121,121,4,PASS,PASS,PASS
5,3,2,7,8,2,5,8,154,154,4,PASS,PASS,PASS
5,3,2,8,8,1,7,5,137,137,4,PASS,PASS,PASS
5,3,2,8,8,2,6,8,169,169,4,PASS,PASS,PASS
5,3,2,9,8,1,8,5,153,153,4,PASS,PASS,PASS
5,3,2,9,8,2,7,8,186,186,4,PASS,PASS,PASS
5,3,2,10,8,1,9,5,169,169,4,PASS,PASS,PASS
5,3,2,10,8,2,8,8,202,202,4,PASS,PASS,PASS
5,3,2,11,8,1,10,5,185,185,4,PASS,PASS,PASS
5,3,2,11,8,2,9,8,218,218,4,PASS,PASS,PASS
5,3,2,12,8,1,11,5,201,201,4,PASS,PASS,PASS
5,3,2,12,8,2,10,8,234,234,4,PASS,PASS,PASS
5,3,2,13,8,1,12,5,217,217,4,PASS,PASS,PASS
5,3,2,13,8,2,11,8,250,250,4,PASS,PASS,PASS
5,3,2,14,8,1,13,5,233,233,4,PASS,PASS,PASS
5,3,2,14,8,2,12,8,266,266,4,PASS,PASS,PASS
5,3,2,15,8,1,14,5,249,249,4,PASS,PASS,PASS
5,3,2,15,8,2,13,8,282,282,4,PASS,PASS,PASS
5,3,2,16,8,1,15,5,265,265,4,PASS,PASS,PASS
5,3,2,16,8,2,14,8,297,297,4,PASS,PASS,PASS
5,3,2,17,8,1,16,5,281,281,4,PASS,PASS,PASS
5,3,2,17,8,2,15,8,314,314,4,PASS,PASS,PASS
5,3,2,18,8,1,17,5,297,297,4,PASS,PASS,PASS
5,3,2,18,8,2,16,8,330,330,4,PASS,PASS,PASS
5,3,2,19,8,1,18,5,313,313,4,PASS,PASS,PASS
5,3,2,19,8,2,17,8,346,346,4,PASS,PASS,PASS
5,3,2,20,8,1,19,5,329,329,4,PASS,PASS,PASS
5,3,2,20,8,2,18,8,362,362,4,PASS,PASS,PASS
5,3,2,21,8,1,20,5,345,345,4,PASS,PASS,PASS
5,3,2,21,8,2,19,8,378,378,4,PASS,PASS,PASS
5,3,2,22,8,1,21,5,361,361,4,PASS,PASS,PASS
5,3,2,22,8,2,20,8,394,394,4,PASS,PASS,PASS
5,3,2,23,8,1,22,5,377,377,4,PASS,PASS,PASS
5,3,2,23,8,2,21,8,410,410,4,PASS,PASS,PASS
5,3,2,24,8,1,23,5,393,393,4,PASS,PASS,PASS
5,3,2,24,8,2,22,8,426,426,4,PASS,PASS,PASS
5,3,3,4,8,1,,,,,,,INFEASIBLE,SKIP
5,3,3,4,8,2,2,9,127,127,2,PASS,PASS,PASS
5,3,3,4,8,3,1,12,183,183,1,PASS,PASS,PASS
5,3,3,5,8,1,,,,,,,INFEASIBLE,SKIP
5,3,3,5,8,2,3,9,150,150,3,PASS,PASS,PASS
5,3,3,5,8,3,2,12,204,204,2,PASS,PASS,PASS
5,3,3,6,8,1,,,,,,,INFEASIBLE,SKIP
5,3,3,6,8,2,4,9,170,170,4,PASS,PASS,PASS
5,3,3,6,8,3,3,12,225,225,3,PASS,PASS,PASS
5,3,3,7,8,1,,,,,,,INFEASIBLE,SKIP
5,3,3,7,8,2,5,9,192,192,4,PASS,PASS,PASS
5,3,3,7,8,3,4,12,246,246,4,PASS,PASS,PASS
5,3,3,8,8,1,,,,,,,INFEASIBLE,SKIP
5,3,3,8,8,2,6,9,213,213,4,PASS,PASS,PASS
5,3,3,8,8,3,5,12,266,266,4,PASS,PASS,PASS
5,3,3,9,8,1,,,,,,,INFEASIBLE,SKIP
5,3,3,9,8,2,7,9,234,234,4,PASS,PASS,PASS
5,3,3,9,8,3,6,12,288,288,4,PASS,PASS,PASS
5,3,3,10,8,1,,,,,,,INFEASIBLE,SKIP
5,3,3,10,8,2,8,9,255,255,4,PASS,PASS,PASS
5,3,3,10,8,3,7,12,309,309,4,PASS,PASS,PASS
5,3,3,11,8,1,,,,,,,INFEASIBLE,SKIP
5,3,3,11,8,2,9,9,276,276,4,PASS,PASS,PASS
5,3,3,11,8,3,8,12,328,328,4,PASS,PASS,PASS
5,3,3,12,16,1,,,,,,,INFEASIBLE,SKIP
5,3,3,12,16,2,10,9,297,297,4,PASS,PASS,PASS
5,3,3,12,16,3,9,12,351,351,4,PASS,PASS,PASS
5,3,3,13,16,1,,,,,,,INFEASIBLE,SKIP
5,3,3,13,16,2,11,9,318,318,4,PASS,PASS,PASS
5,3,3,13,16,3,10,12,372,372,4,PASS,PASS,PASS
5,3,3,14,16,1,,,,,,,INFEASIBLE,SKIP
5,3,3,14,16,2,12,9,339,339,4,PASS,PASS,PASS
5,3,3,14,16,3,11,12,393,393,4,PASS,PASS,PASS
5,3,3,15,16,1,,,,,,,INFEASIBLE,SKIP
5,3,3,15,16,2,13,9,360,360,4,PASS,PASS,PASS
5,3,3,15,16,3,12,12,414,414,4,PASS,PASS,PASS
5,3,3,16,16,1,,,,,,,INFEASIBLE,SKIP
5,3,3,16,16,2,14,9,381,381,4,PASS,PASS,PASS
5,3,3,16,16,3,13,12,435,435,4,PASS,PASS,PASS
5,3,3,17,16,1,,,,,,,INFEASIBLE,SKIP
5,3,3,17,16,2,15,9,402,402,4,PASS,PASS,PASS
5,3,3,17,16,3,14,12,456,456,4,PASS,PASS,PASS
5,3,3,18,16,1,,,,,,,INFEASIBLE,SKIP
5,3,3,18,16,2,16,9,423,423,4,PASS,PASS,PASS
5,3,3,18,16,3,15,12,477,477,4,PASS,PASS,PASS
5,3,3,19,16,1,,,,,,,INFEASIBLE,SKIP
5,3,3,19,16,2,17,9,444,444,4,PASS,PASS,PASS
5,3,3,19,16,3,16,12,498,498,4,PASS,PASS,PASS
5,3,3,20,16,1,,,,,,,INFEASIBLE,SKIP
5,3,3,20,16,2,18,9,465,465,4,PASS,PASS,PASS
5,3,3,20,16,3,17,12,519,519,4,PASS,PASS,PASS
5,3,3,21,16,1,,,,,,,INFEASIBLE,SKIP
5,3,3,21,16,2,19,9,486,486,4,PASS,PASS,PASS
5,3,3,21,16,3,18,12,540,540,4,PASS,PASS,PASS
5,3,3,22,16,1,,,,,,,INFEASIBLE,SKIP
5,3,3,22,16,2,20,9,507,507,4,PASS,PASS,PASS
5,3,3,22,16,3,19,12,561,561,4,PASS,PASS,PASS
5,3,3,23,16,1,,,,,,,INFEASIBLE,SKIP
5,3,3,23,16,2,21,9,528,528,4,PASS,PASS,PASS
5,3,3,23,16,3,20,12,582,582,4,PASS,PASS,PASS
5,3,3,24,16,1,,,,,,,INFEASIBLE,SKIP
5,3,3,24,16,2,22,9,549,549,4,PASS,PASS,PASS
5,3,3,24,16,3,21,12,603,603,4,PASS,PASS,PASS
6,1,1,4,8,1,3,2,45,45,3,PASS,PASS,PASS
6,1,1,5,8,1,4,2,56,56,4,PASS,PASS,PASS
6,1,1,6,8,1,5,2,67,67,4,PASS,PASS,PASS
6,1,1,7,8,1,6,2,78,78,4,PASS,PASS,PASS
6,1,1,8,8,1,7,2,89,89,4,PASS,PASS,PASS
6,1,1,9,8,1,8,2,100,100,4,PASS,PASS,PASS
6,1,1,10,8,1,9,2,111,111,4,PASS,PASS,PASS
6,1,1,11,8,1,10,2,122,122,4,PASS,PASS,PASS
6,1,1,12,8,1,11,2,133,133,4,PASS,PASS,PASS
6,1,1,13,8,1,12,2,144,144,4,PASS,PASS,PASS
6,1,1,14,8,1,13,2,155,155,4,PASS,PASS,PASS
6,1,1,15,8,1,14,2,166,166,4,PASS,PASS,PASS
6,1,1,16,8,1,15,2,177,177,4,PASS,PASS,PASS
6,1,1,17,8,1,16,2,188,188,4,PASS,PASS,PASS
6,1,1,18,8,1,17,2,199,199,4,PASS,PASS,PASS
6,1,1,19,8,1,18,2,210,210,4,PASS,PASS,PASS
6,1,1,20,8,1,19,2,221,221,4,PASS,PASS,PASS
6,1,1,21,8,1,20,2,232,232,4,PASS,PASS,PASS
6,1,1,22,8,1,21,2,243,243,4,PASS,PASS,PASS
6,1,1,23,8,1,22,2,254,254,4,PASS,PASS,PASS
6,1,1,24,8,1,23,2,265,265,4,PASS,PASS,PASS
6,1,2,4,8,1,3,3,69,69,3,PASS,PASS,PASS
6,1,2,4,8,2,2,4,74,74,2,PASS,PASS,PASS
6,1,2,5,8,1,4,3,86,86,4,PASS,PASS,PASS
6,1,2,5,8,2,3,4,91,91,3,PASS,PASS,PASS
6,1,2,6,8,1,5,3,103,103,4,PASS,PASS,PASS
6,1,2,6,8,2,4,4,108,108,4,PASS,PASS,PASS
6,1,2,7,8,1,6,3,120,120,4,PASS,PASS,PASS
6,1,2,7,8,2,5,4,125,125,4,PASS,PASS,PASS
6,1,2,8,8,1,7,3,137,137,4,PASS,PASS,PASS
6,1,2,8,8,2,6,4,142,142,4,PASS,PASS,PASS
6,1,2,9,8,1,8,3,154,154,4,PASS,PASS,PASS
6,1,2,9,8,2,7,4,159,159,4,PASS,PASS,PASS
6,1,2,10,8,1,9,3,171,171,4,PASS,PASS,PASS
6,1,2,10,8,2,8,4,176,176,4,PASS,PASS,PASS
6,1,2,11,8,1,10,3,188,188,4,PASS,PASS,PASS
6,1,2,11,8,2,9,4,193,193,4,PASS,PASS,PASS
6,1,2,12,8,1,11,3,205,205,4,PASS,PASS,PASS
6,1,2,12,8,2,10,4,210,210,4,PASS,PASS,PASS
6,1,2,13,8,1,12,3,222,222,4,PASS,PASS,PASS
6,1,2,13,8,2,11,4,227,227,4,PASS,PASS,PASS
6,1,2,14,8,1,13,3,239,239,4,PASS,PASS,PASS
6,1,2,14,8,2,12,4,244,244,4,PASS,PASS,PASS
6,1,2,15,8,1,14,3,256,256,4,PASS,PASS,PASS
6,1,2,15,8,2,13,4,261,261,4,PASS,PASS,PASS
6,1,2,16,8,1,15,3,273,273,4,PASS,PASS,PASS
6,1,2,16,8,2,14,4,278,278,4,PASS,PASS,PASS
6,1,2,17,8,1,16,3,290,290,4,PASS,PASS,PASS
6,1,2,17,8,2,15,4,295,295,4,PASS,PASS,PASS
6,1,2,18,8,1,17,3,307,307,4,PASS,PASS,PASS
6,1,2,18,8,2,16,4,312,312,4,PASS,PASS,PASS
6,1,2,19,8,1,18,3,324,324,4,PASS,PASS,PASS
6,1,2,19,8,2,17,4,329,329,4,PASS,PASS,PASS
6,1,2,20,8,1,19,3,341,341,4,PASS,PASS,PASS
6,1,2,20,8,2,18,4,346,346,4,PASS,PASS,PASS
6,1,2,21,8,1,20,3,358,358,4,PASS,PASS,PASS
6,1,2,21,8,2,19,4,363,363,4,PASS,PASS,PASS
6,1,2,22,16,1,21,3,375,375,4,PASS,PASS,PASS
6,1,2,22,16,2,20,4,380,380,4,PASS,PASS,PASS
6,1,2,23,16,1,22,3,392,392,4,PASS,PASS,PASS
6,1,2,23,16,2,21,4,397,397,4,PASS,PASS,PASS
6,1,2,24,16,1,23,3,409,409,4,PASS,PASS,PASS
6,1,2,24,16,2,22,4,414,414,4,PASS,PASS,PASS
6,1,3,4,8,1,3,4,93,93,3,PASS,PASS,PASS
6,1,3,4,8,2,2,5,99,99,2,PASS,PASS,PASS
6,1,3,4,8,3,1,6,107,107,1,PASS,PASS,PASS
6,1,3,5,16,1,4,4,116,116,4,PASS,PASS,PASS
6,1,3,5,16,2,3,5,122,122,3,PASS,PASS,PASS
6,1,3,5,16,3,2,6,130,130,2,PASS,PASS,PASS
6,1,3,6,16,1,5,4,139,139,4,PASS,PASS,PASS
6,1,3,6,16,2,4,5,145,145,4,PASS,PASS,PASS
6,1,3,6,16,3,3,6,153,153,3,PASS,PASS,PASS
6,1,3,7,16,1,6,4,162,162,4,PASS,PASS,PASS
6,1,3,7,16,2,5,5,168,168,4,PASS,PASS,PASS
6,1,3,7,16,3,4,6,176,176,4,PASS,PASS,PASS
6,1,3,8,16,1,7,4,185,185,4,PASS,PASS,PASS
6,1,3,8,16,2,6,5,191,191,4,PASS,PASS,PASS
6,1,3,8,16,3,5,6,199,199,4,PASS,PASS,PASS
6,1,3,9,16,1,8,4,208,208,4,PASS,PASS,PASS
6,1,3,9,16,2,7,5,214,214,4,PASS,PASS,PASS
6,1,3,9,16,3,6,6,222,222,4,PASS,PASS,PASS
6,1,3,10,16,1,9,4,231,231,4,PASS,PASS,PASS
6,1,3,10,16,2,8,5,237,237,4,PASS,PASS,PASS
6,1,3,10,16,3,7,6,245,245,4,PASS,PASS,PASS
6,1,3,11,16,1,10,4,254,254,4,PASS,PASS,PASS
6,1,3,11,16,2,9,5,260,260,4,PASS,PASS,PASS
6,1,3,11,16,3,8,6,268,268,4,PASS,PASS,PASS
6,1,3,12,16,1,11,4,277,277,4,PASS,PASS,PASS
6,1,3,12,16,2,10,5,283,283,4,PASS,PASS,PASS
6,1,3,12,16,3,9,6,291,291,4,PASS,PASS,PASS
6,1,3,13,16,1,12,4,300,300,4,PASS,PASS,PASS
6,1,3,13,16,2,11,5,306,306,4,PASS,PASS,PASS
6,1,3,13,16,3,10,6,314,314,4,PASS,PASS,PASS
6,1,3,14,16,1,13,4,323,323,4,PASS,PASS,PASS
6,1,3,14,16,2,12,5,329,329,4,PASS,PASS,PASS
6,1,3,14,16,3,11,6,337,337,4,PASS,PASS,PASS
6,1,3,15,16,1,14,4,346,346,4,PASS,PASS,PASS
6,1,3,15,16,2,13,5,352,352,4,PASS,PASS,PASS
6,1,3,15,16,3,12,6,360,360,4,PASS,PASS,PASS
6,1,3,16,16,1,15,4,369,369,4,PASS,PASS,PASS
6,1,3,16,16,2,14,5,375,375,4,PASS,PASS,PASS
6,1,3,16,16,3,13,6,383,383,4,PASS,PASS,PASS
6,1,3,17,16,1,16,4,392,392,4,PASS,PASS,PASS
6,1,3,17,16,2,15,5,398,398,4,PASS,PASS,PASS
6,1,3,17,16,3,14,6,406,406,4,PASS,PASS,PASS
6,1,3,18,16,1,17,4,415,415,4,PASS,PASS,PASS
6,1,3,18,16,2,16,5,421,421,4,PASS,PASS,PASS
6,1,3,18,16,3,15,6,429,429,4,PASS,PASS,PASS
6,1,3,19,16,1,18,4,438,438,4,PASS,PASS,PASS
6,1,3,19,16,2,17,5,444,444,4,PASS,PASS,PASS
6,1,3,19,16,3,16,6,452,452,4,PASS,PASS,PASS
6,1,3,20,16,1,19,4,461,461,4,PASS,PASS,PASS
6,1,3,20,16,2,18,5,467,467,4,PASS,PASS,PASS
6,1,3,20,16,3,17,6,475,475,4,PASS,PASS,PASS
6,1,3,21,16,1,20,4,484,484,4,PASS,PASS,PASS
6,1,3,21,16,2,19,5,490,490,4,PASS,PASS,PASS
6,1,3,21,16,3,18,6,498,498,4,PASS,PASS,PASS
6,1,3,22,16,1,21,4,507,507,4,PASS,PASS,PASS
6,1,3,22,16,2,20,5,513,513,4,PASS,PASS,PASS
6,1,3,22,16,3,19,6,521,521,4,PASS,PASS,PASS
6,1,3,23,16,1,22,4,530,530,4,PASS,PASS,PASS
6,1,3,23,16,2,21,5,536,536,4,PASS,PASS,PASS
6,1,3,23,16,3,20,6,544,544,4,PASS,PASS,PASS
6,1,3,24,16,1,23,4,553,553,4,PASS,PASS,PASS
6,1,3,24,16,2,22,5,559,559,4,PASS,PASS,PASS
6,1,3,24,16,3,21,6,567,567,4,PASS,PASS,PASS
6,2,1,4,8,1,3,3,60,60,3,PASS,PASS,PASS
6,2,1,5,8,1,4,3,74,74,4,PASS,PASS,PASS
6,2,1,6,8,1,5,3,88,88,4,PASS,PASS,PASS
6,2,1,7,8,1,6,3,102,102,4,PASS,PASS,PASS
6,2,1,8,8,1,7,3,116,116,4,PASS,PASS,PASS
6,2,1,9,8,1,8,3,130,130,4,PASS,PASS,PASS
6,2,1,10,8,1,9,3,144,144,4,PASS,PASS,PASS
6,2,1,11,8,1,10,3,158,158,4,PASS,PASS,PASS
6,2,1,12,8,1,11,3,172,172,4,PASS,PASS,PASS
6,2,1,13,8,1,12,3,186,186,4,PASS,PASS,PASS
6,2,1,14,8,1,13,3,200,200,4,PASS,PASS,PASS
6,2,1,15,8,1,14,3,214,214,4,PASS,PASS,PASS
6,2,1,16,8,1,15,3,228,228,4,PASS,PASS,PASS
6,2,1,17,8,1,16,3,242,242,4,PASS,PASS,PASS
6,2,1,18,8,1,17,3,256,256,4,PASS,PASS,PASS
6,2,1,19,8,1,18,3,270,270,4,PASS,PASS,PASS
6,2,1,20,8,1,19,3,284,284,4,PASS,PASS,PASS
6,2,1,21,8,1,20,3,298,298,4,PASS,PASS,PASS
6,2,1,22,8,1,21,3,312,312,4,PASS,PASS,PASS
6,2,1,23,8,1,22,3,326,326,4,PASS,PASS,PASS
6,2,1,24,8,1,23,3,340,340,4,PASS,PASS,PASS
6,2,2,4,8,1,3,4,84,84,3,PASS,PASS,PASS
6,2,2,4,8,2,2,6,100,100,2,PASS,PASS,PASS
6,2,2,5,8,1,4,4,104,104,4,PASS,PASS,PASS
6,2,2,5,8,2,3,6,120,120,3,PASS,PASS,PASS
6,2,2,6,8,1,5,4,124,124,4,PASS,PASS,PASS
6,2,2,6,8,2,4,6,140,140,4,PASS,PASS,PASS
6,2,2,7,8,1,6,4,144,144,4,PASS,PASS,PASS
6,2,2,7,8,2,5,6,160,160,4,PASS,PASS,PASS
6,2,2,8,8,1,7,4,164,164,4,PASS,PASS,PASS
6,2,2,8,8,2,6,6,180,180,4,PASS,PASS,PASS
6,2,2,9,8,1,8,4,184,184,4,PASS,PASS,PASS
6,2,2,9,8,2,7,6,200,200,4,PASS,PASS,PASS
6,2,2,10,8,1,9,4,204,204,4,PASS,PASS,PASS
6,2,2,10,8,2,8,6,219,219,4,PASS,PASS,PASS
6,2,2,11,8,1,10,4,224,224,4,PASS,PASS,PASS
6,2,2,11,8,2,9,6,240,240,4,PASS,PASS,PASS
6,2,2,12,8,1,11,4,244,244,4,PASS,PASS,PASS
6,2,2,12,8,2,10,6,260,260,4,PASS,PASS,PASS
6,2,2,13,8,1,12,4,264,264,4,PASS,PASS,PASS
6,2,2,13,8,2,11,6,280,280,4,PASS,PASS,PASS
6,2,2,14,8,1,13,4,284,284,4,PASS,PASS,PASS
6,2,2,14,8,2,12,6,300,300,4,PASS,PASS,PASS
6,2,2,15,8,1,14,4,304,304,4,PASS,PASS,PASS
6,2,2,15,8,2,13,6,320,320,4,PASS,PASS,PASS
6,2,2,16,8,1,15,4,324,324,4,PASS,PASS,PASS
6,2,2,16,8,2,14,6,340,340,4,PASS,PASS,PASS
6,2,2,17,8,1,16,4,344,344,4,PASS,PASS,PASS
6,2,2,17,8,2,15,6,360,360,4,PASS,PASS,PASS
6,2,2,18,8,1,17,4,364,364,4,PASS,PASS,PASS
6,2,2,18,8,2,16,6,380,380,4,PASS,PASS,PASS
6,2,2,19,8,1,18,4,384,384,4,PASS,PASS,PASS
6,2,2,19,8,2,17,6,400,400,4,PASS,PASS,PASS
6,2,2,20,8,1,19,4,404,404,4,PASS,PASS,PASS
6,2,2,20,8,2,18,6,420,420,4,PASS,PASS,PASS
6,2,2,21,8,1,20,4,424,424,4,PASS,PASS,PASS
6,2,2,21,8,2,19,6,440,440,4,PASS,PASS,PASS
6,2,2,22,8,1,21,4,444,444,4,PASS,PASS,PASS
6,2,2,22,8,2,20,6,460,460,4,PASS,PASS,PASS
6,2,2,23,8,1,22,4,464,464,4,PASS,PASS,PASS
6,2,2,23,8,2,21,6,480,480,4,PASS,PASS,PASS
6,2,2,24,8,1,23,4,484,484,4,PASS,PASS,PASS
6,2,2,24,8,2,22,6,500,500,4,PASS,PASS,PASS
6,2,3,4,16,1,3,5,108,108,3,PASS,PASS,PASS
6,2,3,4,16,2,2,7,126,126,2,PASS,PASS,PASS
6,2,3,4,16,3,1,9,152,152,1,PASS,PASS,PASS
6,2,3,5,16,1,4,5,134,134,4,PASS,PASS,PASS
6,2,3,5,16,2,3,7,152,152,3,PASS,PASS,PASS
6,2,3,5,16,3,2,9,178,178,2,PASS,PASS,PASS
6,2,3,6,16,1,5,5,160,160,4,PASS,PASS,PASS
6,2,3,6,16,2,4,7,178,178,4,PASS,PASS,PASS
6,2,3,6,16,3,3,9,204,204,3,PASS,PASS,PASS
6,2,3,7,16,1,6,5,186,186,4,PASS,PASS,PASS
6,2,3,7,16,2,5,7,204,204,4,PASS,PASS,PASS
6,2,3,7,16,3,4,9,230,230,4,PASS,PASS,PASS
6,2,3,8,16,1,7,5,212,212,4,PASS,PASS,PASS
6,2,3,8,16,2,6,7,230,230,4,PASS,PASS,PASS
6,2,3,8,16,3,5,9,256,256,4,PASS,PASS,PASS
6,2,3,9,16,1,8,5,238,238,4,PASS,PASS,PASS
6,2,3,9,16,2,7,7,256,256,4,PASS,PASS,PASS
6,2,3,9,16,3,6,9,282,282,4,PASS,PASS,PASS
6,2,3,10,16,1,9,5,264,264,4,PASS,PASS,PASS
6,2,3,10,16,2,8,7,282,282,4,PASS,PASS,PASS
6,2,3,10,16,3,7,9,308,308,4,PASS,PASS,PASS
6,2,3,11,16,1,10,5,290,290,4,PASS,PASS,PASS
6,2,3,11,16,2,9,7,308,308,4,PASS,PASS,PASS
6,2,3,11,16,3,8,9,334,334,4,PASS,PASS,PASS
6,2,3,12,16,1,11,5,316,316,4,PASS,PASS,PASS
6,2,3,12,16,2,10,7,334,334,4,PASS,PASS,PASS
6,2,3,12,16,3,9,9,360,360,4,PASS,PASS,PASS
6,2,3,13,16,1,12,5,342,342,4,PASS,PASS,PASS
6,2,3,13,16,2,11,7,360,360,4,PASS,PASS,PASS
6,2,3,13,16,3,10,9,386,386,4,PASS,PASS,PASS
6,2,3,14,16,1,13,5,368,368,4,PASS,PASS,PASS
6,2,3,14,16,2,12,7,386,386,4,PASS,PASS,PASS
6,2,3,14,16,3,11,9,412,412,4,PASS,PASS,PASS
6,2,3,15,16,1,14,5,394,394,4,PASS,PASS,PASS
6,2,3,15,16,2,13,7,412,412,4,PASS,PASS,PASS
6,2,3,15,16,3,12,9,438,438,4,PASS,PASS,PASS
6,2,3,16,16,1,15,5,420,420,4,PASS,PASS,PASS
6,2,3,16,16,2,14,7,438,438,4,PASS,PASS,PASS
6,2,3,16,16,3,13,9,464,464,4,PASS,PASS,PASS
6,2,3,17,16,1,16,5,446,446,4,PASS,PASS,PASS
6,2,3,17,16,2,15,7,464,464,4,PASS,PASS,PASS
6,2,3,17,16,3,14,9,490,490,4,PASS,PASS,PASS
6,2,3,18,16,1,17,5,472,472,4,PASS,PASS,PASS
6,2,3,18,16,2,16,7,490,490,4,PASS,PASS,PASS
6,2,3,18,16,3,15,9,516,516,4,PASS,PASS,PASS
6,2,3,19,16,1,18,5,498,498,4,PASS,PASS,PASS
6,2,3,19,16,2,17,7,516,516,4,PASS,PASS,PASS
6,2,3,19,16,3,16,9,542,542,4,PASS,PASS,PASS
6,2,3,20,16,1,19,5,524,524,4,PASS,PASS,PASS
6,2,3,20,16,2,18,7,542,542,4,PASS,PASS,PASS
6,2,3,20,16,3,17,9,568,568,4,PASS,PASS,PASS
6,2,3,21,16,1,20,5,550,550,4,PASS,PASS,PASS
6,2,3,21,16,2,19,7,568,568,4,PASS,PASS,PASS
6,2,3,21,16,3,18,9,594,594,4,PASS,PASS,PASS
6,2,3,22,32,1,21,5,576,576,4,PASS,PASS,PASS
6,2,3,22,32,2,20,7,594,594,4,PASS,PASS,PASS
6,2,3,22,32,3,19,9,620,620,4,PASS,PASS,PASS
6,2,3,23,32,1,22,5,602,602,4,PASS,PASS,PASS
6,2,3,23,32,2,21,7,620,620,4,PASS,PASS,PASS
6,2,3,23,32,3,20,9,646,646,4,PASS,PASS,PASS
6,2,3,24,16,1,23,5,628,628,4,PASS,PASS,PASS
6,2,3,24,16,2,22,7,646,646,4,PASS,PASS,PASS
6,2,3,24,16,3,21,9,672,672,4,PASS,PASS,PASS
6,3,1,4,8,1,3,4,69,69,3,PASS,PASS,PASS
6,3,1,5,8,1,4,4,84,84,4,PASS,PASS,PASS
6,3,1,6,8,1,5,4,99,99,4,PASS,PASS,PASS
6,3,1,7,8,1,6,4,114,114,4,PASS,PASS,PASS
6,3,1,8,8,1,7,4,129,129,4,PASS,PASS,PASS
6,3,1,9,8,1,8,4,144,144,4,PASS,PASS,PASS
6,3,1,10,8,1,9,4,159,159,4,PASS,PASS,PASS
6,3,1,11,8,1,10,4,174,174,4,PASS,PASS,PASS
6,3,1,12,8,1,11,4,189,189,4,PASS,PASS,PASS
6,3,1,13,8,1,12,4,204,204,4,PASS,PASS,PASS
6,3,1,14,8,1,13,4,219,219,4,PASS,PASS,PASS
6,3,1,15,8,1,14,4,234,234,4,PASS,PASS,PASS
6,3,1,16,8,1,15,4,249,249,4,PASS,PASS,PASS
6,3,1,17,8,1,16,4,264,264,4,PASS,PASS,PASS
6,3,1,18,8,1,17,4,279,279,4,PASS,PASS,PASS
6,3,1,19,8,1,18,4,294,294,4,PASS,PASS,PASS
6,3,1,20,8,1,19,4,309,309,4,PASS,PASS,PASS
6,3,1,21,8,1,20,4,324,324,4,PASS,PASS,PASS
6,3,1,22,8,1,21,4,339,339,4,PASS,PASS,PASS
6,3,1,23,8,1,22,4,354,354,4,PASS,PASS,PASS
6,3,1,24,8,1,23,4,369,369,4,PASS,PASS,PASS
6,3,2,4,8,1,3,5,93,93,3,PASS,PASS,PASS
6,3,2,4,8,2,2,8,126,126,2,PASS,PASS,PASS
6,3,2,5,8,1,4,5,114,114,4,PASS,PASS,PASS
6,3,2,5,8,2,3,8,147,147,3,PASS,PASS,PASS
6,3,2,6,8,1,5,5,135,135,4,PASS,PASS,PASS
6,3,2,6,8,2,4,8,168,168,4,PASS,PASS,PASS
6,3,2,7,8,1,6,5,156,156,4,PASS,PASS,PASS
6,3,2,7,8,2,5,8,189,189,4,PASS,PASS,PASS
6,3,2,8,8,1,7,5,177,177,4,PASS,PASS,PASS
6,3,2,8,8,2,6,8,210,210,4,PASS,PASS,PASS
6,3,2,9,8,1,8,5,198,198,4,PASS,PASS,PASS
6,3,2,9,8,2,7,8,231,231,4,PASS,PASS,PASS
6,3,2,10,8,1,9,5,219,219,4,PASS,PASS,PASS
6,3,2,10,8,2,8,8,252,252,4,PASS,PASS,PASS
6,3,2,11,8,1,10,5,240,240,4,PASS,PASS,PASS
6,3,2,11,8,2,9,8,273,273,4,PASS,PASS,PASS
6,3,2,12,8,1,11,5,261,261,4,PASS,PASS,PASS
6,3,2,12,8,2,10,8,294,294,4,PASS,PASS,PASS
6,3,2,13,8,1,12,5,282,282,4,PASS,PASS,PASS
6,3,2,13,8,2,11,8,315,315,4,PASS,PASS,PASS
6,3,2,14,8,1,13,5,303,303,4,PASS,PASS,PASS
6,3,2,14,8,2,12,8,336,336,4,PASS,PASS,PASS
6,3,2,15,8,1,14,5,324,324,4,PASS,PASS,PASS
6,3,2,15,8,2,13,8,357,357,4,PASS,PASS,PASS
6,3,2,16,8,1,15,5,345,345,4,PASS,PASS,PASS
6,3,2,16,8,2,14,8,378,378,4,PASS,PASS,PASS
6,3,2,17,8,1,16,5,366,366,4,PASS,PASS,PASS
6,3,2,17,8,2,15,8,398,398,4,PASS,PASS,PASS
6,3,2,18,8,1,17,5,387,387,4,PASS,PASS,PASS
6,3,2,18,8,2,16,8,420,420,4,PASS,PASS,PASS
6,3,2,19,8,1,18,5,408,408,4,PASS,PASS,PASS
6,3,2,19,8,2,17,8,441,441,4,PASS,PASS,PASS
6,3,2,20,8,1,19,5,429,429,4,PASS,PASS,PASS
6,3,2,20,8,2,18,8,462,462,4,PASS,PASS,PASS
6,3,2,21,8,1,20,5,450,450,4,PASS,PASS,PASS
6,3,2,21,8,2,19,8,483,483,4,PASS,PASS,PASS
6,3,2,22,8,1,21,5,471,471,4,PASS,PASS,PASS
6,3,2,22,8,2,20,8,504,504,4,PASS,PASS,PASS
6,3,2,23,8,1,22,5,492,492,4,PASS,PASS,PASS
6,3,2,23,8,2,21,8,525,525,4,PASS,PASS,PASS
6,3,2,24,8,1,23,5,513,513,4,PASS,PASS,PASS
6,3,2,24,8,2,22,8,546,546,4,PASS,PASS,PASS
6,3,3,4,8,1,3,6,117,117,3,PASS,PASS,PASS
6,3,3,4,8,2,2,9,152,152,2,PASS,PASS,PASS
6,3,3,4,8,3,1,12,207,207,1,PASS,PASS,PASS
6,3,3,5,16,1,4,6,144,144,4,PASS,PASS,PASS
6,3,3,5,16,2,3,9,180,180,3,PASS,PASS,PASS
6,3,3,5,16,3,2,12,234,234,2,PASS,PASS,PASS
6,3,3,6,16,1,5,6,171,171,4,PASS,PASS,PASS
6,3,3,6,16,2,4,9,207,207,4,PASS,PASS,PASS
6,3,3,6,16,3,3,12,261,261,3,PASS,PASS,PASS
6,3,3,7,16,1,6,6,198,198,4,PASS,PASS,PASS
6,3,3,7,16,2,5,9,234,234,4,PASS,PASS,PASS
6,3,3,7,16,3,4,12,288,288,4,PASS,PASS,PASS
6,3,3,8,16,1,7,6,225,225,4,PASS,PASS,PASS
6,3,3,8,16,2,6,9,261,261,4,PASS,PASS,PASS
6,3,3,8,16,3,5,12,315,315,4,PASS,PASS,PASS
6,3,3,9,16,1,8,6,252,252,4,PASS,PASS,PASS
6,3,3,9,16,2,7,9,288,288,4,PASS,PASS,PASS
6,3,3,9,16,3,6,12,342,342,4,PASS,PASS,PASS
6,3,3,10,16,1,9,6,279,279,4,PASS,PASS,PASS
6,3,3,10,16,2,8,9,315,315,4,PASS,PASS,PASS
6,3,3,10,16,3,7,12,369,369,4,PASS,PASS,PASS
6,3,3,11,16,1,10,6,306,306,4,PASS,PASS,PASS
6,3,3,11,16,2,9,9,342,342,4,PASS,PASS,PASS
6,3,3,11,16,3,8,12,396,396,4,PASS,PASS,PASS
6,3,3,12,16,1,11,6,333,333,4,PASS,PASS,PASS
6,3,3,12,16,2,10,9,369,369,4,PASS,PASS,PASS
6,3,3,12,16,3,9,12,423,423,4,PASS,PASS,PASS
6,3,3,13,16,1,12,6,360,360,4,PASS,PASS,PASS
6,3,3,13,16,2,11,9,396,396,4,PASS,PASS,PASS
6,3,3,13,16,3,10,12,450,450,4,PASS,PASS,PASS
6,3,3,14,16,1,13,6,387,387,4,PASS,PASS,PASS
6,3,3,14,16,2,12,9,423,423,4,PASS,PASS,PASS
6,3,3,14,16,3,11,12,477,477,4,PASS,PASS,PASS
6,3,3,15,16,1,14,6,414,414,4,PASS,PASS,PASS
6,3,3,15,16,2,13,9,450,450,4,PASS,PASS,PASS
6,3,3,15,16,3,12,12,504,504,4,PASS,PASS,PASS
6,3,3,16,16,1,15,6,441,441,4,PASS,PASS,PASS
6,3,3,16,16,2,14,9,477,477,4,PASS,PASS,PASS
6,3,3,16,16,3,13,12,531,531,4,PASS,PASS,PASS
6,3,3,17,16,1,16,6,468,468,4,PASS,PASS,PASS
6,3,3,17,16,2,15,9,504,504,4,PASS,PASS,PASS
6,3,3,17,16,3,14,12,558,558,4,PASS,PASS,PASS
6,3,3,18,16,1,17,6,495,495,4,PASS,PASS,PASS
6,3,3,18,16,2,16,9,531,531,4,PASS,PASS,PASS
6,3,3,18,16,3,15,12,585,585,4,PASS,PASS,PASS
6,3,3,19,16,1,18,6,522,522,4,PASS,PASS,PASS
6,3,3,19,16,2,17,9,558,558,4,PASS,PASS,PASS
6,3,3,19,16,3,16,12,612,612,4,PASS,PASS,PASS
6,3,3,20,16,1,19,6,549,549,4,PASS,PASS,PASS
6,3,3,20,16,2,18,9,585,585,4,PASS,PASS,PASS
6,3,3,20,16,3,17,12,639,639,4,PASS,PASS,PASS
6,3,3,21,16,1,20,6,576,576,4,PASS,PASS,PASS
6,3,3,21,16,2,19,9,612,612,4,PASS,PASS,PASS
6,3,3,21,16,3,18,12,666,666,4,PASS,PASS,PASS
6,3,3,22,16,1,21,6,603,603,4,PASS,PASS,PASS
6,3,3,22,16,2,20,9,639,639,4,PASS,PASS,PASS
6,3,3,22,16,3,19,12,693,693,4,PASS,PASS,PASS
6,3,3,23,32,1,22,6,630,630,4,PASS,PASS,PASS
6,3,3,23,32,2,21,9,666,666,4,PASS,PASS,PASS
6,3,3,23,32,3,20,12,720,720,4,PASS,PASS,PASS
6,3,3,24,16,1,23,6,657,657,4,PASS,PASS,PASS
6,3,3,24,16,2,22,9,693,693,4,PASS,PASS,PASS
6,3,3,24,16,3,21,12,747,747,4,PASS,PASS,PASS
7,1,1,4,8,1,3,2,53,53,3,PASS,PASS,PASS
7,1,1,5,8,1,4,2,66,66,4,PASS,PASS,PASS
7,1,1,6,8,1,5,2,79,79,4,PASS,PASS,PASS
7,1,1,7,8,1,6,2,92,92,4,PASS,PASS,PASS
7,1,1,8,8,1,7,2,105,105,4,PASS,PASS,PASS
7,1,1,9,8,1,8,2,118,118,4,PASS,PASS,PASS
7,1,1,10,8,1,9,2,131,131,4,PASS,PASS,PASS
7,1,1,11,8,1,10,2,144,144,4,PASS,PASS,PASS
7,1,1,12,8,1,11,2,157,157,4,PASS,PASS,PASS
7,1,1,13,8,1,12,2,170,170,4,PASS,PASS,PASS
7,1,1,14,8,1,13,2,183,183,4,PASS,PASS,PASS
7,1,1,15,8,1,14,2,196,196,4,PASS,PASS,PASS
7,1,1,16,8,1,15,2,209,209,4,PASS,PASS,PASS
7,1,1,17,8,1,16,2,222,222,4,PASS,PASS,PASS
7,1,1,18,8,1,17,2,235,235,4,PASS,PASS,PASS
7,1,1,19,8,1,18,2,248,248,4,PASS,PASS,PASS
7,1,1,20,8,1,19,2,261,261,4,PASS,PASS,PASS
7,1,1,21,8,1,20,2,274,274,4,PASS,PASS,PASS
7,1,1,22,8,1,21,2,287,287,4,PASS,PASS,PASS
7,1,1,23,8,1,22,2,300,300,4,PASS,PASS,PASS
7,1,1,24,8,1,23,2,313,313,4,PASS,PASS,PASS
7,1,2,4,8,1,3,3,81,81,3,PASS,PASS,PASS
7,1,2,4,8,2,2,4,86,86,2,PASS,PASS,PASS
7,1,2,5,8,1,4,3,101,101,4,PASS,PASS,PASS
7,1,2,5,8,2,3,4,106,106,3,PASS,PASS,PASS
7,1,2,6,8,1,5,3,121,121,4,PASS,PASS,PASS
7,1,2,6,8,2,4,4,126,126,4,PASS,PASS,PASS
7,1,2,7,8,1,6,3,141,141,4,PASS,PASS,PASS
7,1,2,7,8,2,5,4,146,146,4,PASS,PASS,PASS
7,1,2,8,8,1,7,3,161,161,4,PASS,PASS,PASS
7,1,2,8,8,2,6,4,166,166,4,PASS,PASS,PASS
7,1,2,9,8,1,8,3,181,181,4,PASS,PASS,PASS
7,1,2,9,8,2,7,4,186,186,4,PASS,PASS,PASS
7,1,2,10,8,1,9,3,201,201,4,PASS,PASS,PASS
7,1,2,10,8,2,8,4,206,206,4,PASS,PASS,PASS
7,1,2,11,8,1,10,3,221,221,4,PASS,PASS,PASS
7,1,2,11,8,2,9,4,226,226,4,PASS,PASS,PASS
7,1,2,12,8,1,11,3,241,241,4,PASS,PASS,PASS
7,1,2,12,8,2,10,4,246,246,4,PASS,PASS,PASS
7,1,2,13,8,1,12,3,261,261,4,PASS,PASS,PASS
7,1,2,13,8,2,11,4,266,266,4,PASS,PASS,PASS
7,1,2,14,8,1,13,3,281,281,4,PASS,PASS,PASS
7,1,2,14,8,2,12,4,286,286,4,PASS,PASS,PASS
7,1,2,15,8,1,14,3,301,301,4,PASS,PASS,PASS
7,1,2,15,8,2,13,4,306,306,4,PASS,PASS,PASS
7,1,2,16,8,1,15,3,321,321,4,PASS,PASS,PASS
7,1,2,16,8,2,14,4,326,326,4,PASS,PASS,PASS
7,1,2,17,8,1,16,3,341,341,4,PASS,PASS,PASS
7,1,2,17,8,2,15,4,346,346,4,PASS,PASS,PASS
7,1,2,18,8,1,17,3,361,361,4,PASS,PASS,PASS
7,1,2,18,8,2,16,4,366,366,4,PASS,PASS,PASS
7,1,2,19,8,1,18,3,381,381,4,PASS,PASS,PASS
7,1,2,19,8,2,17,4,386,386,4,PASS,PASS,PASS
7,1,2,20,8,1,19,3,401,401,4,PASS,PASS,PASS
7,1,2,20,8,2,18,4,406,406,4,PASS,PASS,PASS
7,1,2,21,8,1,20,3,421,421,4,PASS,PASS,PASS
7,1,2,21,8,2,19,4,426,426,4,PASS,PASS,PASS
7,1,2,22,16,1,21,3,441,441,4,PASS,PASS,PASS
7,1,2,22,16,2,20,4,446,446,4,PASS,PASS,PASS
7,1,2,23,16,1,22,3,461,461,4,PASS,PASS,PASS
7,1,2,23,16,2,21,4,466,466,4,PASS,PASS,PASS
7,1,2,24,16,1,23,3,481,481,4,PASS,PASS,PASS
7,1,2,24,16,2,22,4,486,486,4,PASS,PASS,PASS
7,1,3,4,16,1,3,4,109,109,3,PASS,PASS,PASS
7,1,3,4,16,2,2,5,115,115,2,PASS,PASS,PASS
7,1,3,4,16,3,1,6,123,123,1,PASS,PASS,PASS
7,1,3,5,16,1,4,4,136,136,4,PASS,PASS,PASS
7,1,3,5,16,2,3,5,142,142,3,PASS,PASS,PASS
7,1,3,5,16,3,2,6,150,150,2,PASS,PASS,PASS
7,1,3,6,16,1,5,4,163,163,4,PASS,PASS,PASS
7,1,3,6,16,2,4,5,169,169,4,PASS,PASS,PASS
7,1,3,6,16,3,3,6,177,177,3,PASS,PASS,PASS
7,1,3,7,16,1,6,4,190,190,4,PASS,PASS,PASS
7,1,3,7,16,2,5,5,196,196,4,PASS,PASS,PASS
7,1,3,7,16,3,4,6,204,204,4,PASS,PASS,PASS
7,1,3,8,16,1,7,4,217,217,4,PASS,PASS,PASS
7,1,3,8,16,2,6,5,223,223,4,PASS,PASS,PASS
7,1,3,8,16,3,5,6,231,231,4,PASS,PASS,PASS
7,1,3,9,16,1,8,4,244,244,4,PASS,PASS,PASS
7,1,3,9,16,2,7,5,250,250,4,PASS,PASS,PASS
7,1,3,9,16,3,6,6,258,258,4,PASS,PASS,PASS
7,1,3,10,16,1,9,4,271,271,4,PASS,PASS,PASS
7,1,3,10,16,2,8,5,277,277,4,PASS,PASS,PASS
7,1,3,10,16,3,7,6,285,285,4,PASS,PASS,PASS
7,1,3,11,16,1,10,4,298,298,4,PASS,PASS,PASS
7,1,3,11,16,2,9,5,304,304,4,PASS,PASS,PASS
7,1,3,11,16,3,8,6,312,312,4,PASS,PASS,PASS
7,1,3,12,16,1,11,4,325,325,4,PASS,PASS,PASS
7,1,3,12,16,2,10,5,331,331,4,PASS,PASS,PASS
7,1,3,12,16,3,9,6,339,339,4,PASS,PASS,PASS
7,1,3,13,16,1,12,4,352,352,4,PASS,PASS,PASS
7,1,3,13,16,2,11,5,358,358,4,PASS,PASS,PASS
7,1,3,13,16,3,10,6,366,366,4,PASS,PASS,PASS
7,1,3,14,16,1,13,4,379,379,4,PASS,PASS,PASS
7,1,3,14,16,2,12,5,385,385,4,PASS,PASS,PASS
7,1,3,14,16,3,11,6,393,393,4,PASS,PASS,PASS
7,1,3,15,16,1,14,4,406,406,4,PASS,PASS,PASS
7,1,3,15,16,2,13,5,412,412,4,PASS,PASS,PASS
7,1,3,15,16,3,12,6,420,420,4,PASS,PASS,PASS
7,1,3,16,16,1,15,4,433,433,4,PASS,PASS,PASS
7,1,3,16,16,2,14,5,439,439,4,PASS,PASS,PASS
7,1,3,16,16,3,13,6,447,447,4,PASS,PASS,PASS
7,1,3,17,16,1,16,4,460,460,4,PASS,PASS,PASS
7,1,3,17,16,2,15,5,466,466,4,PASS,PASS,PASS
7,1,3,17,16,3,14,6,474,474,4,PASS,PASS,PASS
7,1,3,18,16,1,17,4,487,487,4,PASS,PASS,PASS
7,1,3,18,16,2,16,5,493,493,4,PASS,PASS,PASS
7,1,3,18,16,3,15,6,501,501,4,PASS,PASS,PASS
7,1,3,19,16,1,18,4,514,514,4,PASS,PASS,PASS
7,1,3,19,16,2,17,5,520,520,4,PASS,PASS,PASS
7,1,3,19,16,3,16,6,528,528,4,PASS,PASS,PASS
7,1,3,20,16,1,19,4,541,541,4,PASS,PASS,PASS
7,1,3,20,16,2,18,5,547,547,4,PASS,PASS,PASS
7,1,3,20,16,3,17,6,555,555,4,PASS,PASS,PASS
7,1,3,21,16,1,20,4,568,568,4,PASS,PASS,PASS
7,1,3,21,16,2,19,5,574,574,4,PASS,PASS,PASS
7,1,3,21,16,3,18,6,582,582,4,PASS,PASS,PASS
7,1,3,22,16,1,21,4,595,595,4,PASS,PASS,PASS
7,1,3,22,16,2,20,5,601,601,4,PASS,PASS,PASS
7,1,3,22,16,3,19,6,609,609,4,PASS,PASS,PASS
7,1,3,23,16,1,22,4,622,622,4,PASS,PASS,PASS
7,1,3,23,16,2,21,5,628,628,4,PASS,PASS,PASS
7,1,3,23,16,3,20,6,636,636,4,PASS,PASS,PASS
7,1,3,24,16,1,23,4,649,649,4,PASS,PASS,PASS
7,1,3,24,16,2,22,5,655,655,4,PASS,PASS,PASS
7,1,3,24,16,3,21,6,663,663,4,PASS,PASS,PASS
7,2,1,4,8,1,3,3,72,72,3,PASS,PASS,PASS
7,2,1,5,8,1,4,3,89,89,4,PASS,PASS,PASS
7,2,1,6,8,1,5,3,106,106,4,PASS,PASS,PASS
7,2,1,7,8,1,6,3,123,123,4,PASS,PASS,PASS
7,2,1,8,8,1,7,3,140,140,4,PASS,PASS,PASS
7,2,1,9,8,1,8,3,157,157,4,PASS,PASS,PASS
7,2,1,10,8,1,9,3,174,174,4,PASS,PASS,PASS
7,2,1,11,8,1,10,3,191,191,4,PASS,PASS,PASS
7,2,1,12,8,1,11,3,208,208,4,PASS,PASS,PASS
7,2,1,13,8,1,12,3,225,225,4,PASS,PASS,PASS
7,2,1,14,8,1,13,3,242,242,4,PASS,PASS,PASS
7,2,1,15,8,1,14,3,259,259,4,PASS,PASS,PASS
7,2,1,16,8,1,15,3,276,276,4,PASS,PASS,PASS
7,2,1,17,8,1,16,3,293,293,4,PASS,PASS,PASS
7,2,1,18,8,1,17,3,310,310,4,PASS,PASS,PASS
7,2,1,19,8,1,18,3,327,327,4,PASS,PASS,PASS
7,2,1,20,8,1,19,3,344,344,4,PASS,PASS,PASS
7,2,1,21,8,1,20,3,361,361,4,PASS,PASS,PASS
7,2,1,22,8,1,21,3,378,378,4,PASS,PASS,PASS
7,2,1,23,8,1,22,3,395,395,4,PASS,PASS,PASS
7,2,1,24,8,1,23,3,412,412,4,PASS,PASS,PASS
7,2,2,4,8,1,3,4,100,100,3,PASS,PASS,PASS
7,2,2,4,8,2,2,6,116,116,2,PASS,PASS,PASS
7,2,2,5,8,1,4,4,124,124,4,PASS,PASS,PASS
7,2,2,5,8,2,3,6,140,140,3,PASS,PASS,PASS
7,2,2,6,8,1,5,4,148,148,4,PASS,PASS,PASS
7,2,2,6,8,2,4,6,164,164,4,PASS,PASS,PASS
7,2,2,7,8,1,6,4,172,172,4,PASS,PASS,PASS
7,2,2,7,8,2,5,6,188,188,4,PASS,PASS,PASS
7,2,2,8,8,1,7,4,196,196,4,PASS,PASS,PASS
7,2,2,8,8,2,6,6,212,212,4,PASS,PASS,PASS
7,2,2,9,8,1,8,4,220,220,4,PASS,PASS,PASS
7,2,2,9,8,2,7,6,236,236,4,PASS,PASS,PASS
7,2,2,10,8,1,9,4,244,244,4,PASS,PASS,PASS
7,2,2,10,8,2,8,6,260,260,4,PASS,PASS,PASS
7,2,2,11,8,1,10,4,268,268,4,PASS,PASS,PASS
7,2,2,11,8,2,9,6,284,284,4,PASS,PASS,PASS
7,2,2,12,8,1,11,4,292,292,4,PASS,PASS,PASS
7,2,2,12,8,2,10,6,308,308,4,PASS,PASS,PASS
7,2,2,13,8,1,12,4,316,316,4,PASS,PASS,PASS
7,2,2,13,8,2,11,6,332,332,4,PASS,PASS,PASS
7,2,2,14,8,1,13,4,340,340,4,PASS,PASS,PASS
7,2,2,14,8,2,12,6,356,356,4,PASS,PASS,PASS
7,2,2,15,16,1,14,4,364,364,4,PASS,PASS,PASS
7,2,2,15,16,2,13,6,380,380,4,PASS,PASS,PASS
7,2,2,16,16,1,15,4,388,388,4,PASS,PASS,PASS
7,2,2,16,16,2,14,6,404,404,4,PASS,PASS,PASS
7,2,2,17,16,1,16,4,412,412,4,PASS,PASS,PASS
7,2,2,17,16,2,15,6,428,428,4,PASS,PASS,PASS
7,2,2,18,16,1,17,4,436,436,4,PASS,PASS,PASS
7,2,2,18,16,2,16,6,452,452,4,PASS,PASS,PASS
7,2,2,19,16,1,18,4,460,460,4,PASS,PASS,PASS
7,2,2,19,16,2,17,6,476,476,4,PASS,PASS,PASS
7,2,2,20,16,1,19,4,484,484,4,PASS,PASS,PASS
7,2,2,20,16,2,18,6,500,500,4,PASS,PASS,PASS
7,2,2,21,16,1,20,4,508,508,4,PASS,PASS,PASS
7,2,2,21,16,2,19,6,524,524,4,PASS,PASS,PASS
7,2,2,22,16,1,21,4,532,532,4,PASS,PASS,PASS
7,2,2,22,16,2,20,6,548,548,4,PASS,PASS,PASS
7,2,2,23,16,1,22,4,556,556,4,PASS,PASS,PASS
7,2,2,23,16,2,21,6,572,572,4,PASS,PASS,PASS
7,2,2,24,16,1,23,4,580,580,4,PASS,PASS,PASS
7,2,2,24,16,2,22,6,596,596,4,PASS,PASS,PASS
7,2,3,4,16,1,3,5,128,128,3,PASS,PASS,PASS
7,2,3,4,16,2,2,7,146,146,2,PASS,PASS,PASS
7,2,3,4,16,3,1,9,172,172,1,PASS,PASS,PASS
7,2,3,5,16,1,4,5,159,159,4,PASS,PASS,PASS
7,2,3,5,16,2,3,7,177,177,3,PASS,PASS,PASS
7,2,3,5,16,3,2,9,203,203,2,PASS,PASS,PASS
7,2,3,6,16,1,5,5,190,190,4,PASS,PASS,PASS
7,2,3,6,16,2,4,7,208,208,4,PASS,PASS,PASS
7,2,3,6,16,3,3,9,234,234,3,PASS,PASS,PASS
7,2,3,7,16,1,6,5,221,221,4,PASS,PASS,PASS
7,2,3,7,16,2,5,7,239,239,4,PASS,PASS,PASS
7,2,3,7,16,3,4,9,265,265,4,PASS,PASS,PASS
7,2,3,8,16,1,7,5,252,252,4,PASS,PASS,PASS
7,2,3,8,16,2,6,7,270,270,4,PASS,PASS,PASS
7,2,3,8,16,3,5,9,296,296,4,PASS,PASS,PASS
7,2,3,9,16,1,8,5,283,283,4,PASS,PASS,PASS
7,2,3,9,16,2,7,7,301,301,4,PASS,PASS,PASS
7,2,3,9,16,3,6,9,327,327,4,PASS,PASS,PASS
7,2,3,10,16,1,9,5,314,314,4,PASS,PASS,PASS
7,2,3,10,16,2,8,7,332,332,4,PASS,PASS,PASS
7,2,3,10,16,3,7,9,358,358,4,PASS,PASS,PASS
7,2,3,11,16,1,10,5,345,345,4,PASS,PASS,PASS
7,2,3,11,16,2,9,7,363,363,4,PASS,PASS,PASS
7,2,3,11,16,3,8,9,389,389,4,PASS,PASS,PASS
7,2,3,12,16,1,11,5,376,376,4,PASS,PASS,PASS
7,2,3,12,16,2,10,7,394,394,4,PASS,PASS,PASS
7,2,3,12,16,3,9,9,420,420,4,PASS,PASS,PASS
7,2,3,13,16,1,12,5,407,407,4,PASS,PASS,PASS
7,2,3,13,16,2,11,7,425,425,4,PASS,PASS,PASS
7,2,3,13,16,3,10,9,451,451,4,PASS,PASS,PASS
7,2,3,14,16,1,13,5,438,438,4,PASS,PASS,PASS
7,2,3,14,16,2,12,7,456,456,4,PASS,PASS,PASS
7,2,3,14,16,3,11,9,482,482,4,PASS,PASS,PASS
7,2,3,15,16,1,14,5,469,469,4,PASS,PASS,PASS
7,2,3,15,16,2,13,7,487,487,4,PASS,PASS,PASS
7,2,3,15,16,3,12,9,513,513,4,PASS,PASS,PASS
7,2,3,16,16,1,15,5,500,500,4,PASS,PASS,PASS
7,2,3,16,16,2,14,7,518,518,4,PASS,PASS,PASS
7,2,3,16,16,3,13,9,544,544,4,PASS,PASS,PASS
7,2,3,17,16,1,16,5,531,531,4,PASS,PASS,PASS
7,2,3,17,16,2,15,7,549,549,4,PASS,PASS,PASS
7,2,3,17,16,3,14,9,575,575,4,PASS,PASS,PASS
7,2,3,18,32,1,17,5,562,562,4,PASS,PASS,PASS
7,2,3,18,32,2,16,7,580,580,4,PASS,PASS,PASS
7,2,3,18,32,3,15,9,606,606,4,PASS,PASS,PASS
7,2,3,19,16,1,18,5,593,593,4,PASS,PASS,PASS
7,2,3,19,16,2,17,7,611,611,4,PASS,PASS,PASS
7,2,3,19,16,3,16,9,637,637,4,PASS,PASS,PASS
7,2,3,20,16,1,19,5,624,624,4,PASS,PASS,PASS
7,2,3,20,16,2,18,7,642,642,4,PASS,PASS,PASS
7,2,3,20,16,3,17,9,668,668,4,PASS,PASS,PASS
7,2,3,21,32,1,20,5,655,655,4,PASS,PASS,PASS
7,2,3,21,32,2,19,7,673,673,4,PASS,PASS,PASS
7,2,3,21,32,3,18,9,699,699,4,PASS,PASS,PASS
7,2,3,22,32,1,21,5,686,686,4,PASS,PASS,PASS
7,2,3,22,32,2,20,7,704,704,4,PASS,PASS,PASS
7,2,3,22,32,3,19,9,730,730,4,PASS,PASS,PASS
7,2,3,23,32,1,22,5,717,717,4,PASS,PASS,PASS
7,2,3,23,32,2,21,7,735,735,4,PASS,PASS,PASS
7,2,3,23,32,3,20,9,761,761,4,PASS,PASS,PASS
7,2,3,24,16,1,23,5,748,748,4,PASS,PASS,PASS
7,2,3,24,16,2,22,7,766,766,4,PASS,PASS,PASS
7,2,3,24,16,3,21,9,792,792,4,PASS,PASS,PASS
7,3,1,4,8,1,3,4,85,85,3,PASS,PASS,PASS
7,3,1,5,8,1,4,4,104,104,4,PASS,PASS,PASS
7,3,1,6,8,1,5,4,123,123,4,PASS,PASS,PASS
7,3,1,7,8,1,6,4,142,142,4,PASS,PASS,PASS
7,3,1,8,8,1,7,4,161,161,4,PASS,PASS,PASS
7,3,1,9,8,1,8,4,180,180,4,PASS,PASS,PASS
7,3,1,10,8,1,9,4,199,199,4,PASS,PASS,PASS
7,3,1,11,8,1,10,4,218,218,4,PASS,PASS,PASS
7,3,1,12,8,1,11,4,237,237,4,PASS,PASS,PASS
7,3,1,13,8,1,12,4,256,256,4,PASS,PASS,PASS
7,3,1,14,8,1,13,4,275,275,4,PASS,PASS,PASS
7,3,1,15,8,1,14,4,294,294,4,PASS,PASS,PASS
7,3,1,16,8,1,15,4,313,313,4,PASS,PASS,PASS
7,3,1,17,8,1,16,4,332,332,4,PASS,PASS,PASS
7,3,1,18,8,1,17,4,351,351,4,PASS,PASS,PASS
7,3,1,19,8,1,18,4,370,370,4,PASS,PASS,PASS
7,3,1,20,8,1,19,4,389,389,4,PASS,PASS,PASS
7,3,1,21,8,1,20,4,408,408,4,PASS,PASS,PASS
7,3,1,22,8,1,21,4,427,427,4,PASS,PASS,PASS
7,3,1,23,8,1,22,4,446,446,4,PASS,PASS,PASS
7,3,1,24,8,1,23,4,465,465,4,PASS,PASS,PASS
7,3,2,4,8,1,3,5,113,113,3,PASS,PASS,PASS
7,3,2,4,8,2,2,8,145,145,2,PASS,PASS,PASS
7,3,2,5,8,1,4,5,139,139,4,PASS,PASS,PASS
7,3,2,5,8,2,3,8,172,172,3,PASS,PASS,PASS
7,3,2,6,8,1,5,5,165,165,4,PASS,PASS,PASS
7,3,2,6,8,2,4,8,198,198,4,PASS,PASS,PASS
7,3,2,7,8,1,6,5,191,191,4,PASS,PASS,PASS
7,3,2,7,8,2,5,8,224,224,4,PASS,PASS,PASS
7,3,2,8,8,1,7,5,217,217,4,PASS,PASS,PASS
7,3,2,8,8,2,6,8,250,250,4,PASS,PASS,PASS
7,3,2,9,8,1,8,5,243,243,4,PASS,PASS,PASS
7,3,2,9,8,2,7,8,276,276,4,PASS,PASS,PASS
7,3,2,10,16,1,9,5,269,269,4,PASS,PASS,PASS
7,3,2,10,16,2,8,8,302,302,4,PASS,PASS,PASS
7,3,2,11,16,1,10,5,295,295,4,PASS,PASS,PASS
7,3,2,11,16,2,9,8,328,328,4,PASS,PASS,PASS
7,3,2,12,16,1,11,5,321,321,4,PASS,PASS,PASS
7,3,2,12,16,2,10,8,354,354,4,PASS,PASS,PASS
7,3,2,13,16,1,12,5,347,347,4,PASS,PASS,PASS
7,3,2,13,16,2,11,8,380,380,4,PASS,PASS,PASS
7,3,2,14,16,1,13,5,373,373,4,PASS,PASS,PASS
7,3,2,14,16,2,12,8,406,406,4,PASS,PASS,PASS
7,3,2,15,16,1,14,5,399,399,4,PASS,PASS,PASS
7,3,2,15,16,2,13,8,432,432,4,PASS,PASS,PASS
7,3,2,16,16,1,15,5,425,425,4,PASS,PASS,PASS
7,3,2,16,16,2,14,8,458,458,4,PASS,PASS,PASS
7,3,2,17,16,1,16,5,451,451,4,PASS,PASS,PASS
7,3,2,17,16,2,15,8,484,484,4,PASS,PASS,PASS
7,3,2,18,16,1,17,5,477,477,4,PASS,PASS,PASS
7,3,2,18,16,2,16,8,510,510,4,PASS,PASS,PASS
7,3,2,19,16,1,18,5,503,503,4,PASS,PASS,PASS
7,3,2,19,16,2,17,8,536,536,4,PASS,PASS,PASS
7,3,2,20,16,1,19,5,529,529,4,PASS,PASS,PASS
7,3,2,20,16,2,18,8,562,562,4,PASS,PASS,PASS
7,3,2,21,16,1,20,5,555,555,4,PASS,PASS,PASS
7,3,2,21,16,2,19,8,588,588,4,PASS,PASS,PASS
7,3,2,22,16,1,21,5,581,581,4,PASS,PASS,PASS
7,3,2,22,16,2,20,8,614,614,4,PASS,PASS,PASS
7,3,2,23,16,1,22,5,607,607,4,PASS,PASS,PASS
7,3,2,23,16,2,21,8,640,640,4,PASS,PASS,PASS
7,3,2,24,16,1,23,5,633,633,4,PASS,PASS,PASS
7,3,2,24,16,2,22,8,666,666,4,PASS,PASS,PASS
7,3,3,4,16,1,3,6,141,141,3,PASS,PASS,PASS
7,3,3,4,16,2,2,9,177,177,2,PASS,PASS,PASS
7,3,3,4,16,3,1,12,231,231,1,PASS,PASS,PASS
7,3,3,5,16,1,4,6,174,174,4,PASS,PASS,PASS
7,3,3,5,16,2,3,9,210,210,3,PASS,PASS,PASS
7,3,3,5,16,3,2,12,264,264,2,PASS,PASS,PASS
7,3,3,6,16,1,5,6,207,207,4,PASS,PASS,PASS
7,3,3,6,16,2,4,9,243,243,4,PASS,PASS,PASS
7,3,3,6,16,3,3,12,297,297,3,PASS,PASS,PASS
7,3,3,7,16,1,6,6,240,240,4,PASS,PASS,PASS
7,3,3,7,16,2,5,9,276,276,4,PASS,PASS,PASS
7,3,3,7,16,3,4,12,330,330,4,PASS,PASS,PASS
7,3,3,8,16,1,7,6,273,273,4,PASS,PASS,PASS
7,3,3,8,16,2,6,9,309,309,4,PASS,PASS,PASS
7,3,3,8,16,3,5,12,363,363,4,PASS,PASS,PASS
7,3,3,9,16,1,8,6,306,306,4,PASS,PASS,PASS
7,3,3,9,16,2,7,9,342,342,4,PASS,PASS,PASS
7,3,3,9,16,3,6,12,396,396,4,PASS,PASS,PASS
7,3,3,10,16,1,9,6,339,339,4,PASS,PASS,PASS
7,3,3,10,16,2,8,9,375,375,4,PASS,PASS,PASS
7,3,3,10,16,3,7,12,429,429,4,PASS,PASS,PASS
7,3,3,11,16,1,10,6,372,372,4,PASS,PASS,PASS
7,3,3,11,16,2,9,9,408,408,4,PASS,PASS,PASS
7,3,3,11,16,3,8,12,462,462,4,PASS,PASS,PASS
7,3,3,12,16,1,11,6,405,405,4,PASS,PASS,PASS
7,3,3,12,16,2,10,9,441,441,4,PASS,PASS,PASS
7,3,3,12,16,3,9,12,495,495,4,PASS,PASS,PASS
7,3,3,13,16,1,12,6,438,438,4,PASS,PASS,PASS
7,3,3,13,16,2,11,9,474,474,4,PASS,PASS,PASS
7,3,3,13,16,3,10,12,528,528,4,PASS,PASS,PASS
7,3,3,14,16,1,13,6,471,471,4,PASS,PASS,PASS
7,3,3,14,16,2,12,9,507,507,4,PASS,PASS,PASS
7,3,3,14,16,3,11,12,561,561,4,PASS,PASS,PASS
7,3,3,15,16,1,14,6,504,504,4,PASS,PASS,PASS
7,3,3,15,16,2,13,9,540,540,4,PASS,PASS,PASS
7,3,3,15,16,3,12,12,594,594,4,PASS,PASS,PASS
7,3,3,16,16,1,15,6,537,537,4,PASS,PASS,PASS
7,3,3,16,16,2,14,9,573,573,4,PASS,PASS,PASS
7,3,3,16,16,3,13,12,627,627,4,PASS,PASS,PASS
7,3,3,17,32,1,16,6,570,570,4,PASS,PASS,PASS
7,3,3,17,32,2,15,9,606,606,4,PASS,PASS,PASS
7,3,3,17,32,3,14,12,660,660,4,PASS,PASS,PASS
7,3,3,18,32,1,17,6,603,603,4,PASS,PASS,PASS
7,3,3,18,32,2,16,9,639,639,4,PASS,PASS,PASS
7,3,3,18,32,3,15,12,693,693,4,PASS,PASS,PASS
7,3,3,19,16,1,18,6,636,636,4,PASS,PASS,PASS
7,3,3,19,16,2,17,9,672,672,4,PASS,PASS,PASS
7,3,3,19,16,3,16,12,726,726,4,PASS,PASS,PASS
7,3,3,20,16,1,19,6,669,669,4,PASS,PASS,PASS
7,3,3,20,16,2,18,9,705,705,4,PASS,PASS,PASS
7,3,3,20,16,3,17,12,759,759,4,PASS,PASS,PASS
7,3,3,21,32,1,20,6,702,702,4,PASS,PASS,PASS
7,3,3,21,32,2,19,9,738,738,4,PASS,PASS,PASS
7,3,3,21,32,3,18,12,792,792,4,PASS,PASS,PASS
7,3,3,22,32,1,21,6,735,735,4,PASS,PASS,PASS
7,3,3,22,32,2,20,9,771,771,4,PASS,PASS,PASS
7,3,3,22,32,3,19,12,825,825,4,PASS,PASS,PASS
7,3,3,23,32,1,22,6,768,768,4,PASS,PASS,PASS
7,3,3,23,32,2,21,9,804,804,4,PASS,PASS,PASS
7,3,3,23,32,3,20,12,858,858,4,PASS,PASS,PASS
7,3,3,24,16,1,23,6,801,801,4,PASS,PASS,PASS
7,3,3,24,16,2,22,9,837,837,4,PASS,PASS,PASS
7,3,3,24,16,3,21,12,891,891,4,PASS,PASS,PASS
8,1,1,4,8,1,3,2,61,61,3,PASS,PASS,PASS
8,1,1,5,8,1,4,2,76,76,4,PASS,PASS,PASS
8,1,1,6,8,1,5,2,91,91,4,PASS,PASS,PASS
8,1,1,7,8,1,6,2,106,106,4,PASS,PASS,PASS
8,1,1,8,8,1,7,2,121,121,4,PASS,PASS,PASS
8,1,1,9,8,1,8,2,136,136,4,PASS,PASS,PASS
8,1,1,10,8,1,9,2,151,151,4,PASS,PASS,PASS
8,1,1,11,8,1,10,2,166,166,4,PASS,PASS,PASS
8,1,1,12,8,1,11,2,181,181,4,PASS,PASS,PASS
8,1,1,13,8,1,12,2,196,196,4,PASS,PASS,PASS
8,1,1,14,8,1,13,2,211,211,4,PASS,PASS,PASS
8,1,1,15,8,1,14,2,226,226,4,PASS,PASS,PASS
8,1,1,16,8,1,15,2,241,241,4,PASS,PASS,PASS
8,1,1,17,8,1,16,2,256,256,4,PASS,PASS,PASS
8,1,1,18,8,1,17,2,271,271,4,PASS,PASS,PASS
8,1,1,19,8,1,18,2,286,286,4,PASS,PASS,PASS
8,1,1,20,8,1,19,2,301,301,4,PASS,PASS,PASS
8,1,1,21,8,1,20,2,316,316,4,PASS,PASS,PASS
8,1,1,22,8,1,21,2,331,331,4,PASS,PASS,PASS
8,1,1,23,8,1,22,2,346,346,4,PASS,PASS,PASS
8,1,1,24,8,1,23,2,361,361,4,PASS,PASS,PASS
8,1,2,4,8,1,3,3,93,93,3,PASS,PASS,PASS
8,1,2,4,8,2,2,4,98,98,2,PASS,PASS,PASS
8,1,2,5,8,1,4,3,116,116,4,PASS,PASS,PASS
8,1,2,5,8,2,3,4,121,121,3,PASS,PASS,PASS
8,1,2,6,8,1,5,3,139,139,4,PASS,PASS,PASS
8,1,2,6,8,2,4,4,144,144,4,PASS,PASS,PASS
8,1,2,7,8,1,6,3,162,162,4,PASS,PASS,PASS
8,1,2,7,8,2,5,4,167,167,4,PASS,PASS,PASS
8,1,2,8,8,1,7,3,185,185,4,PASS,PASS,PASS
8,1,2,8,8,2,6,4,190,190,4,PASS,PASS,PASS
8,1,2,9,8,1,8,3,208,208,4,PASS,PASS,PASS
8,1,2,9,8,2,7,4,213,213,4,PASS,PASS,PASS
8,1,2,10,8,1,9,3,231,231,4,PASS,PASS,PASS
8,1,2,10,8,2,8,4,236,236,4,PASS,PASS,PASS
8,1,2,11,8,1,10,3,254,254,4,PASS,PASS,PASS
8,1,2,11,8,2,9,4,259,259,4,PASS,PASS,PASS
8,1,2,12,8,1,11,3,277,277,4,PASS,PASS,PASS
8,1,2,12,8,2,10,4,282,282,4,PASS,PASS,PASS
8,1,2,13,8,1,12,3,300,300,4,PASS,PASS,PASS
8,1,2,13,8,2,11,4,305,305,4,PASS,PASS,PASS
8,1,2,14,8,1,13,3,323,323,4,PASS,PASS,PASS
8,1,2,14,8,2,12,4,328,328,4,PASS,PASS,PASS
8,1,2,15,8,1,14,3,346,346,4,PASS,PASS,PASS
8,1,2,15,8,2,13,4,351,351,4,PASS,PASS,PASS
8,1,2,16,8,1,15,3,369,369,4,PASS,PASS,PASS
8,1,2,16,8,2,14,4,374,374,4,PASS,PASS,PASS
8,1,2,17,16,1,16,3,392,392,4,PASS,PASS,PASS
8,1,2,17,16,2,15,4,397,397,4,PASS,PASS,PASS
8,1,2,18,16,1,17,3,415,415,4,PASS,PASS,PASS
8,1,2,18,16,2,16,4,420,420,4,PASS,PASS,PASS
8,1,2,19,16,1,18,3,438,438,4,PASS,PASS,PASS
8,1,2,19,16,2,17,4,443,443,4,PASS,PASS,PASS
8,1,2,20,16,1,19,3,461,461,4,PASS,PASS,PASS
8,1,2,20,16,2,18,4,466,466,4,PASS,PASS,PASS
8,1,2,21,16,1,20,3,484,484,4,PASS,PASS,PASS
8,1,2,21,16,2,19,4,489,489,4,PASS,PASS,PASS
8,1,2,22,16,1,21,3,507,507,4,PASS,PASS,PASS
8,1,2,22,16,2,20,4,512,512,4,PASS,PASS,PASS
8,1,2,23,16,1,22,3,530,530,4,PASS,PASS,PASS
8,1,2,23,16,2,21,4,535,535,4,PASS,PASS,PASS
8,1,2,24,16,1,23,3,553,553,4,PASS,PASS,PASS
8,1,2,24,16,2,22,4,558,558,4,PASS,PASS,PASS
8,1,3,4,16,1,3,4,125,125,3,PASS,PASS,PASS
8,1,3,4,16,2,2,5,131,131,2,PASS,PASS,PASS
8,1,3,4,16,3,1,6,139,139,1,PASS,PASS,PASS
8,1,3,5,16,1,4,4,156,156,4,PASS,PASS,PASS
8,1,3,5,16,2,3,5,162,162,3,PASS,PASS,PASS
8,1,3,5,16,3,2,6,170,170,2,PASS,PASS,PASS
8,1,3,6,16,1,5,4,187,187,4,PASS,PASS,PASS
8,1,3,6,16,2,4,5,193,193,4,PASS,PASS,PASS
8,1,3,6,16,3,3,6,201,201,3,PASS,PASS,PASS
8,1,3,7,16,1,6,4,218,218,4,PASS,PASS,PASS
8,1,3,7,16,2,5,5,224,224,4,PASS,PASS,PASS
8,1,3,7,16,3,4,6,232,232,4,PASS,PASS,PASS
8,1,3,8,16,1,7,4,249,249,4,PASS,PASS,PASS
8,1,3,8,16,2,6,5,255,255,4,PASS,PASS,PASS
8,1,3,8,16,3,5,6,263,263,4,PASS,PASS,PASS
8,1,3,9,16,1,8,4,280,280,4,PASS,PASS,PASS
8,1,3,9,16,2,7,5,286,286,4,PASS,PASS,PASS
8,1,3,9,16,3,6,6,294,294,4,PASS,PASS,PASS
8,1,3,10,16,1,9,4,311,311,4,PASS,PASS,PASS
8,1,3,10,16,2,8,5,317,317,4,PASS,PASS,PASS
8,1,3,10,16,3,7,6,325,325,4,PASS,PASS,PASS
8,1,3,11,16,1,10,4,342,342,4,PASS,PASS,PASS
8,1,3,11,16,2,9,5,348,348,4,PASS,PASS,PASS
8,1,3,11,16,3,8,6,356,356,4,PASS,PASS,PASS
8,1,3,12,16,1,11,4,373,373,4,PASS,PASS,PASS
8,1,3,12,16,2,10,5,379,379,4,PASS,PASS,PASS
8,1,3,12,16,3,9,6,387,387,4,PASS,PASS,PASS
8,1,3,13,16,1,12,4,404,404,4,PASS,PASS,PASS
8,1,3,13,16,2,11,5,410,410,4,PASS,PASS,PASS
8,1,3,13,16,3,10,6,418,418,4,PASS,PASS,PASS
8,1,3,14,16,1,13,4,435,435,4,PASS,PASS,PASS
8,1,3,14,16,2,12,5,441,441,4,PASS,PASS,PASS
8,1,3,14,16,3,11,6,449,449,4,PASS,PASS,PASS
8,1,3,15,16,1,14,4,466,466,4,PASS,PASS,PASS
8,1,3,15,16,2,13,5,472,472,4,PASS,PASS,PASS
8,1,3,15,16,3,12,6,480,480,4,PASS,PASS,PASS
8,1,3,16,16,1,15,4,497,497,4,PASS,PASS,PASS
8,1,3,16,16,2,14,5,503,503,4,PASS,PASS,PASS
8,1,3,16,16,3,13,6,511,511,4,PASS,PASS,PASS
8,1,3,17,16,1,16,4,528,528,4,PASS,PASS,PASS
8,1,3,17,16,2,15,5,534,534,4,PASS,PASS,PASS
8,1,3,17,16,3,14,6,542,542,4,PASS,PASS,PASS
8,1,3,18,16,1,17,4,559,559,4,PASS,PASS,PASS
8,1,3,18,16,2,16,5,565,565,4,PASS,PASS,PASS
8,1,3,18,16,3,15,6,573,573,4,PASS,PASS,PASS
8,1,3,19,16,1,18,4,590,590,4,PASS,PASS,PASS
8,1,3,19,16,2,17,5,596,596,4,PASS,PASS,PASS
8,1,3,19,16,3,16,6,604,604,4,PASS,PASS,PASS
8,1,3,20,16,1,19,4,621,621,4,PASS,PASS,PASS
8,1,3,20,16,2,18,5,627,627,4,PASS,PASS,PASS
8,1,3,20,16,3,17,6,635,635,4,PASS,PASS,PASS
8,1,3,21,16,1,20,4,652,652,4,PASS,PASS,PASS
8,1,3,21,16,2,19,5,658,658,4,PASS,PASS,PASS
8,1,3,21,16,3,18,6,666,666,4,PASS,PASS,PASS
8,1,3,22,16,1,21,4,683,683,4,PASS,PASS,PASS
8,1,3,22,16,2,20,5,689,689,4,PASS,PASS,PASS
8,1,3,22,16,3,19,6,697,697,4,PASS,PASS,PASS
8,1,3,23,16,1,22,4,714,714,4,PASS,PASS,PASS
8,1,3,23,16,2,21,5,720,720,4,PASS,PASS,PASS
8,1,3,23,16,3,20,6,728,728,4,PASS,PASS,PASS
8,1,3,24,16,1,23,4,745,745,4,PASS,PASS,PASS
8,1,3,24,16,2,22,5,751,751,4,PASS,PASS,PASS
8,1,3,24,16,3,21,6,759,759,4,PASS,PASS,PASS
8,2,1,4,8,1,3,3,84,84,3,PASS,PASS,PASS
8,2,1,5,8,1,4,3,104,104,4,PASS,PASS,PASS
8,2,1,6,8,1,5,3,124,124,4,PASS,PASS,PASS
8,2,1,7,8,1,6,3,144,144,4,PASS,PASS,PASS
8,2,1,8,8,1,7,3,164,164,4,PASS,PASS,PASS
8,2,1,9,8,1,8,3,184,184,4,PASS,PASS,PASS
8,2,1,10,8,1,9,3,204,204,4,PASS,PASS,PASS
8,2,1,11,8,1,10,3,224,224,4,PASS,PASS,PASS
8,2,1,12,8,1,11,3,244,244,4,PASS,PASS,PASS
8,2,1,13,8,1,12,3,264,264,4,PASS,PASS,PASS
8,2,1,14,8,1,13,3,284,284,4,PASS,PASS,PASS
8,2,1,15,8,1,14,3,304,304,4,PASS,PASS,PASS
8,2,1,16,8,1,15,3,324,324,4,PASS,PASS,PASS
8,2,1,17,8,1,16,3,344,344,4,PASS,PASS,PASS
8,2,1,18,8,1,17,3,364,364,4,PASS,PASS,PASS
8,2,1,19,8,1,18,3,384,384,4,PASS,PASS,PASS
8,2,1,20,8,1,19,3,404,404,4,PASS,PASS,PASS
8,2,1,21,8,1,20,3,424,424,4,PASS,PASS,PASS
8,2,1,22,8,1,21,3,444,444,4,PASS,PASS,PASS
8,2,1,23,8,1,22,3,464,464,4,PASS,PASS,PASS
8,2,1,24,8,1,23,3,484,484,4,PASS,PASS,PASS
8,2,2,4,8,1,3,4,116,116,3,PASS,PASS,PASS
8,2,2,4,8,2,2,6,132,132,2,PASS,PASS,PASS
8,2,2,5,8,1,4,4,144,144,4,PASS,PASS,PASS
8,2,2,5,8,2,3,6,160,160,3,PASS,PASS,PASS
8,2,2,6,8,1,5,4,172,172,4,PASS,PASS,PASS
8,2,2,6,8,2,4,6,188,188,4,PASS,PASS,PASS
8,2,2,7,8,1,6,4,200,200,4,PASS,PASS,PASS
8,2,2,7,8,2,5,6,216,216,4,PASS,PASS,PASS
8,2,2,8,8,1,7,4,228,228,4,PASS,PASS,PASS
8,2,2,8,8,2,6,6,244,244,4,PASS,PASS,PASS
8,2,2,9,8,1,8,4,256,256,4,PASS,PASS,PASS
8,2,2,9,8,2,7,6,272,272,4,PASS,PASS,PASS
8,2,2,10,8,1,9,4,284,284,4,PASS,PASS,PASS
8,2,2,10,8,2,8,6,300,300,4,PASS,PASS,PASS
8,2,2,11,8,1,10,4,312,312,4,PASS,PASS,PASS
8,2,2,11,8,2,9,6,328,328,4,PASS,PASS,PASS
8,2,2,12,8,1,11,4,340,340,4,PASS,PASS,PASS
8,2,2,12,8,2,10,6,356,356,4,PASS,PASS,PASS
8,2,2,13,8,1,12,4,368,368,4,PASS,PASS,PASS
8,2,2,13,8,2,11,6,384,384,4,PASS,PASS,PASS
8,2,2,14,8,1,13,4,396,396,4,PASS,PASS,PASS
8,2,2,14,8,2,12,6,412,412,4,PASS,PASS,PASS
8,2,2,15,8,1,14,4,424,424,4,PASS,PASS,PASS
8,2,2,15,8,2,13,6,440,440,4,PASS,PASS,PASS
8,2,2,16,8,1,15,4,452,452,4,PASS,PASS,PASS
8,2,2,16,8,2,14,6,468,468,4,PASS,PASS,PASS
8,2,2,17,8,1,16,4,480,480,4,PASS,PASS,PASS
8,2,2,17,8,2,15,6,496,496,4,PASS,PASS,PASS
8,2,2,18,8,1,17,4,508,508,4,PASS,PASS,PASS
8,2,2,18,8,2,16,6,524,524,4,PASS,PASS,PASS
8,2,2,19,8,1,18,4,536,536,4,PASS,PASS,PASS
8,2,2,19,8,2,17,6,552,552,4,PASS,PASS,PASS
8,2,2,20,8,1,19,4,564,564,4,PASS,PASS,PASS
8,2,2,20,8,2,18,6,580,580,4,PASS,PASS,PASS
8,2,2,21,8,1,20,4,592,592,4,PASS,PASS,PASS
8,2,2,21,8,2,19,6,608,608,4,PASS,PASS,PASS
8,2,2,22,16,1,21,4,620,620,4,PASS,PASS,PASS
8,2,2,22,16,2,20,6,636,636,4,PASS,PASS,PASS
8,2,2,23,16,1,22,4,648,648,4,PASS,PASS,PASS
8,2,2,23,16,2,21,6,664,664,4,PASS,PASS,PASS
8,2,2,24,16,1,23,4,676,676,4,PASS,PASS,PASS
8,2,2,24,16,2,22,6,692,692,4,PASS,PASS,PASS
8,2,3,4,16,1,3,5,148,148,3,PASS,PASS,PASS
8,2,3,4,16,2,2,7,166,166,2,PASS,PASS,PASS
8,2,3,4,16,3,1,9,192,192,1,PASS,PASS,PASS
8,2,3,5,16,1,4,5,184,184,4,PASS,PASS,PASS
8,2,3,5,16,2,3,7,202,202,3,PASS,PASS,PASS
8,2,3,5,16,3,2,9,228,228,2,PASS,PASS,PASS
8,2,3,6,16,1,5,5,220,220,4,PASS,PASS,PASS
8,2,3,6,16,2,4,7,238,238,4,PASS,PASS,PASS
8,2,3,6,16,3,3,9,264,264,3,PASS,PASS,PASS
8,2,3,7,16,1,6,5,256,256,4,PASS,PASS,PASS
8,2,3,7,16,2,5,7,274,274,4,PASS,PASS,PASS
8,2,3,7,16,3,4,9,300,300,4,PASS,PASS,PASS
8,2,3,8,16,1,7,5,292,292,4,PASS,PASS,PASS
8,2,3,8,16,2,6,7,310,310,4,PASS,PASS,PASS
8,2,3,8,16,3,5,9,336,336,4,PASS,PASS,PASS
8,2,3,9,16,1,8,5,328,328,4,PASS,PASS,PASS
8,2,3,9,16,2,7,7,346,346,4,PASS,PASS,PASS
8,2,3,9,16,3,6,9,372,372,4,PASS,PASS,PASS
8,2,3,10,16,1,9,5,364,364,4,PASS,PASS,PASS
8,2,3,10,16,2,8,7,382,382,4,PASS,PASS,PASS
8,2,3,10,16,3,7,9,408,408,4,PASS,PASS,PASS
8,2,3,11,16,1,10,5,400,400,4,PASS,PASS,PASS
8,2,3,11,16,2,9,7,418,418,4,PASS,PASS,PASS
8,2,3,11,16,3,8,9,444,444,4,PASS,PASS,PASS
8,2,3,12,16,1,11,5,436,436,4,PASS,PASS,PASS
8,2,3,12,16,2,10,7,454,454,4,PASS,PASS,PASS
8,2,3,12,16,3,9,9,480,480,4,PASS,PASS,PASS
8,2,3,13,32,1,12,5,472,472,4,PASS,PASS,PASS
8,2,3,13,32,2,11,7,490,490,4,PASS,PASS,PASS
8,2,3,13,32,3,10,9,516,516,4,PASS,PASS,PASS
8,2,3,14,32,1,13,5,508,508,4,PASS,PASS,PASS
8,2,3,14,32,2,12,7,526,526,4,PASS,PASS,PASS
8,2,3,14,32,3,11,9,552,552,4,PASS,PASS,PASS
8,2,3,15,32,1,14,5,544,544,4,PASS,PASS,PASS
8,2,3,15,32,2,13,7,562,562,4,PASS,PASS,PASS
8,2,3,15,32,3,12,9,588,588,4,PASS,PASS,PASS
8,2,3,16,16,1,15,5,580,580,4,PASS,PASS,PASS
8,2,3,16,16,2,14,7,598,598,4,PASS,PASS,PASS
8,2,3,16,16,3,13,9,624,624,4,PASS,PASS,PASS
8,2,3,17,32,1,16,5,616,616,4,PASS,PASS,PASS
8,2,3,17,32,2,15,7,634,634,4,PASS,PASS,PASS
8,2,3,17,32,3,14,9,660,660,4,PASS,PASS,PASS
8,2,3,18,32,1,17,5,652,652,4,PASS,PASS,PASS
8,2,3,18,32,2,16,7,670,670,4,PASS,PASS,PASS
8,2,3,18,32,3,15,9,696,696,4,PASS,PASS,PASS
8,2,3,19,32,1,18,5,688,688,4,PASS,PASS,PASS
8,2,3,19,32,2,17,7,706,706,4,PASS,PASS,PASS
8,2,3,19,32,3,16,9,732,732,4,PASS,PASS,PASS
8,2,3,20,16,1,19,5,724,724,4,PASS,PASS,PASS
8,2,3,20,16,2,18,7,742,742,4,PASS,PASS,PASS
8,2,3,20,16,3,17,9,768,768,4,PASS,PASS,PASS
8,2,3,21,32,1,20,5,760,760,4,PASS,PASS,PASS
8,2,3,21,32,2,19,7,778,778,4,PASS,PASS,PASS
8,2,3,21,32,3,18,9,804,804,4,PASS,PASS,PASS
8,2,3,22,32,1,21,5,796,796,4,PASS,PASS,PASS
8,2,3,22,32,2,20,7,814,814,4,PASS,PASS,PASS
8,2,3,22,32,3,19,9,840,840,4,PASS,PASS,PASS
8,2,3,23,32,1,22,5,832,832,4,PASS,PASS,PASS
8,2,3,23,32,2,21,7,850,850,4,PASS,PASS,PASS
8,2,3,23,32,3,20,9,876,876,4,PASS,PASS,PASS
8,2,3,24,32,1,23,5,868,868,4,PASS,PASS,PASS
8,2,3,24,32,2,22,7,886,886,4,PASS,PASS,PASS
8,2,3,24,32,3,21,9,912,912,4,PASS,PASS,PASS
8,3,1,4,8,1,3,4,101,101,3,PASS,PASS,PASS
8,3,1,5,8,1,4,4,124,124,4,PASS,PASS,PASS
8,3,1,6,8,1,5,4,147,147,4,PASS,PASS,PASS
8,3,1,7,8,1,6,4,170,170,4,PASS,PASS,PASS
8,3,1,8,8,1,7,4,193,193,4,PASS,PASS,PASS
8,3,1,9,8,1,8,4,216,216,4,PASS,PASS,PASS
8,3,1,10,8,1,9,4,239,239,4,PASS,PASS,PASS
8,3,1,11,8,1,10,4,262,262,4,PASS,PASS,PASS
8,3,1,12,8,1,11,4,285,285,4,PASS,PASS,PASS
8,3,1,13,8,1,12,4,308,308,4,PASS,PASS,PASS
8,3,1,14,8,1,13,4,331,331,4,PASS,PASS,PASS
8,3,1,15,8,1,14,4,354,354,4,PASS,PASS,PASS
8,3,1,16,8,1,15,4,377,377,4,PASS,PASS,PASS
8,3,1,17,8,1,16,4,400,400,4,PASS,PASS,PASS
8,3,1,18,8,1,17,4,423,423,4,PASS,PASS,PASS
8,3,1,19,8,1,18,4,446,446,4,PASS,PASS,PASS
8,3,1,20,8,1,19,4,469,469,4,PASS,PASS,PASS
8,3,1,21,8,1,20,4,492,492,4,PASS,PASS,PASS
8,3,1,22,8,1,21,4,515,515,4,PASS,PASS,PASS
8,3,1,23,8,1,22,4,538,538,4,PASS,PASS,PASS
8,3,1,24,8,1,23,4,561,561,4,PASS,PASS,PASS
8,3,2,4,8,1,3,5,133,133,3,PASS,PASS,PASS
8,3,2,4,8,2,2,8,166,166,2,PASS,PASS,PASS
8,3,2,5,8,1,4,5,164,164,4,PASS,PASS,PASS
8,3,2,5,8,2,3,8,197,197,3,PASS,PASS,PASS
8,3,2,6,8,1,5,5,195,195,4,PASS,PASS,PASS
8,3,2,6,8,2,4,8,228,228,4,PASS,PASS,PASS
8,3,2,7,8,1,6,5,226,226,4,PASS,PASS,PASS
8,3,2,7,8,2,5,8,259,259,4,PASS,PASS,PASS
8,3,2,8,8,1,7,5,257,257,4,PASS,PASS,PASS
8,3,2,8,8,2,6,8,290,290,4,PASS,PASS,PASS
8,3,2,9,16,1,8,5,288,288,4,PASS,PASS,PASS
8,3,2,9,16,2,7,8,321,321,4,PASS,PASS,PASS
8,3,2,10,16,1,9,5,319,319,4,PASS,PASS,PASS
8,3,2,10,16,2,8,8,352,352,4,PASS,PASS,PASS
8,3,2,11,16,1,10,5,350,350,4,PASS,PASS,PASS
8,3,2,11,16,2,9,8,383,383,4,PASS,PASS,PASS
8,3,2,12,16,1,11,5,381,381,4,PASS,PASS,PASS
8,3,2,12,16,2,10,8,414,414,4,PASS,PASS,PASS
8,3,2,13,16,1,12,5,412,412,4,PASS,PASS,PASS
8,3,2,13,16,2,11,8,445,445,4,PASS,PASS,PASS
8,3,2,14,16,1,13,5,443,443,4,PASS,PASS,PASS
8,3,2,14,16,2,12,8,476,476,4,PASS,PASS,PASS
8,3,2,15,16,1,14,5,474,474,4,PASS,PASS,PASS
8,3,2,15,16,2,13,8,507,507,4,PASS,PASS,PASS
8,3,2,16,16,1,15,5,505,505,4,PASS,PASS,PASS
8,3,2,16,16,2,14,8,538,538,4,PASS,PASS,PASS
8,3,2,17,16,1,16,5,536,536,4,PASS,PASS,PASS
8,3,2,17,16,2,15,8,569,569,4,PASS,PASS,PASS
8,3,2,18,16,1,17,5,567,567,4,PASS,PASS,PASS
8,3,2,18,16,2,16,8,600,600,4,PASS,PASS,PASS
8,3,2,19,16,1,18,5,598,598,4,PASS,PASS,PASS
8,3,2,19,16,2,17,8,631,631,4,PASS,PASS,PASS
8,3,2,20,16,1,19,5,629,629,4,PASS,PASS,PASS
8,3,2,20,16,2,18,8,662,662,4,PASS,PASS,PASS
8,3,2,21,16,1,20,5,660,660,4,PASS,PASS,PASS
8,3,2,21,16,2,19,8,693,693,4,PASS,PASS,PASS
8,3,2,22,16,1,21,5,691,691,4,PASS,PASS,PASS
8,3,2,22,16,2,20,8,724,724,4,PASS,PASS,PASS
8,3,2,23,16,1,22,5,722,722,4,PASS,PASS,PASS
8,3,2,23,16,2,21,8,755,755,4,PASS,PASS,PASS
8,3,2,24,16,1,23,5,753,753,4,PASS,PASS,PASS
8,3,2,24,16,2,22,8,786,786,4,PASS,PASS,PASS
8,3,3,4,16,1,3,6,165,165,3,PASS,PASS,PASS
8,3,3,4,16,2,2,9,201,201,2,PASS,PASS,PASS
8,3,3,4,16,3,1,12,255,255,1,PASS,PASS,PASS
8,3,3,5,16,1,4,6,204,204,4,PASS,PASS,PASS
8,3,3,5,16,2,3,9,240,240,3,PASS,PASS,PASS
8,3,3,5,16,3,2,12,294,294,2,PASS,PASS,PASS
8,3,3,6,16,1,5,6,243,243,4,PASS,PASS,PASS
8,3,3,6,16,2,4,9,279,279,4,PASS,PASS,PASS
8,3,3,6,16,3,3,12,333,333,3,PASS,PASS,PASS
8,3,3,7,16,1,6,6,282,282,4,PASS,PASS,PASS
8,3,3,7,16,2,5,9,318,318,4,PASS,PASS,PASS
8,3,3,7,16,3,4,12,372,372,4,PASS,PASS,PASS
8,3,3,8,16,1,7,6,321,321,4,PASS,PASS,PASS
8,3,3,8,16,2,6,9,357,357,4,PASS,PASS,PASS
8,3,3,8,16,3,5,12,411,411,4,PASS,PASS,PASS
8,3,3,9,16,1,8,6,360,360,4,PASS,PASS,PASS
8,3,3,9,16,2,7,9,396,396,4,PASS,PASS,PASS
8,3,3,9,16,3,6,12,450,450,4,PASS,PASS,PASS
8,3,3,10,16,1,9,6,399,399,4,PASS,PASS,PASS
8,3,3,10,16,2,8,9,435,435,4,PASS,PASS,PASS
8,3,3,10,16,3,7,12,489,489,4,PASS,PASS,PASS
8,3,3,11,32,1,10,6,438,438,4,PASS,PASS,PASS
8,3,3,11,32,2,9,9,474,474,4,PASS,PASS,PASS
8,3,3,11,32,3,8,12,528,528,4,PASS,PASS,PASS
8,3,3,12,16,1,11,6,477,477,4,PASS,PASS,PASS
8,3,3,12,16,2,10,9,513,513,4,PASS,PASS,PASS
8,3,3,12,16,3,9,12,567,567,4,PASS,PASS,PASS
8,3,3,13,32,1,12,6,516,516,4,PASS,PASS,PASS
8,3,3,13,32,2,11,9,552,552,4,PASS,PASS,PASS
8,3,3,13,32,3,10,12,606,606,4,PASS,PASS,PASS
8,3,3,14,32,1,13,6,555,555,4,PASS,PASS,PASS
8,3,3,14,32,2,12,9,591,591,4,PASS,PASS,PASS
8,3,3,14,32,3,11,12,645,645,4,PASS,PASS,PASS
8,3,3,15,32,1,14,6,594,594,4,PASS,PASS,PASS
8,3,3,15,32,2,13,9,630,630,4,PASS,PASS,PASS
8,3,3,15,32,3,12,12,684,684,4,PASS,PASS,PASS
8,3,3,16,16,1,15,6,633,633,4,PASS,PASS,PASS
8,3,3,16,16,2,14,9,669,669,4,PASS,PASS,PASS
8,3,3,16,16,3,13,12,723,723,4,PASS,PASS,PASS
8,3,3,17,32,1,16,6,672,672,4,PASS,PASS,PASS
8,3,3,17,32,2,15,9,708,708,4,PASS,PASS,PASS
8,3,3,17,32,3,14,12,762,762,4,PASS,PASS,PASS
8,3,3,18,32,1,17,6,711,711,4,PASS,PASS,PASS
8,3,3,18,32,2,16,9,747,747,4,PASS,PASS,PASS
8,3,3,18,32,3,15,12,801,801,4,PASS,PASS,PASS
8,3,3,19,32,1,18,6,750,750,4,PASS,PASS,PASS
8,3,3,19,32,2,17,9,786,786,4,PASS,PASS,PASS
8,3,3,19,32,3,16,12,840,840,4,PASS,PASS,PASS
8,3,3,20,16,1,19,6,789,789,4,PASS,PASS,PASS
8,3,3,20,16,2,18,9,825,825,4,PASS,PASS,PASS
8,3,3,20,16,3,17,12,879,879,4,PASS,PASS,PASS
8,3,3,21,32,1,20,6,828,828,4,PASS,PASS,PASS
8,3,3,21,32,2,19,9,864,864,4,PASS,PASS,PASS
8,3,3,21,32,3,18,12,918,918,4,PASS,PASS,PASS
8,3,3,22,32,1,21,6,867,867,4,PASS,PASS,PASS
8,3,3,22,32,2,20,9,903,903,4,PASS,PASS,PASS
8,3,3,22,32,3,19,12,957,957,4,PASS,PASS,PASS
8,3,3,23,32,1,22,6,906,906,4,PASS,PASS,PASS
8,3,3,23,32,2,21,9,942,942,4,PASS,PASS,PASS
8,3,3,23,32,3,20,12,996,996,4,PASS,PASS,PASS
8,3,3,24,32,1,23,6,945,945,4,PASS,PASS,PASS
8,3,3,24,32,2,22,9,981,981,4,PASS,PASS,PASS
8,3,3,24,32,3,21,12,1035,1035,4,PASS,PASS,PASS
9,1,1,4,8,1,3,2,69,69,3,PASS,PASS,PASS
9,1,1,5,8,1,4,2,86,86,4,PASS,PASS,PASS
9,1,1,6,8,1,5,2,103,103,4,PASS,PASS,PASS
9,1,1,7,8,1,6,2,120,120,4,PASS,PASS,PASS
9,1,1,8,8,1,7,2,137,137,4,PASS,PASS,PASS
9,1,1,9,8,1,8,2,154,154,4,PASS,PASS,PASS
9,1,1,10,8,1,9,2,171,171,4,PASS,PASS,PASS
9,1,1,11,8,1,10,2,188,188,4,PASS,PASS,PASS
9,1,1,12,8,1,11,2,205,205,4,PASS,PASS,PASS
9,1,1,13,8,1,12,2,222,222,4,PASS,PASS,PASS
9,1,1,14,8,1,13,2,239,239,4,PASS,PASS,PASS
9,1,1,15,8,1,14,2,256,256,4,PASS,PASS,PASS
9,1,1,16,8,1,15,2,273,273,4,PASS,PASS,PASS
9,1,1,17,8,1,16,2,290,290,4,PASS,PASS,PASS
9,1,1,18,8,1,17,2,307,307,4,PASS,PASS,PASS
9,1,1,19,8,1,18,2,324,324,4,PASS,PASS,PASS
9,1,1,20,8,1,19,2,341,341,4,PASS,PASS,PASS
9,1,1,21,8,1,20,2,358,358,4,PASS,PASS,PASS
9,1,1,22,8,1,21,2,375,375,4,PASS,PASS,PASS
9,1,1,23,8,1,22,2,392,392,4,PASS,PASS,PASS
9,1,1,24,8,1,23,2,409,409,4,PASS,PASS,PASS
9,1,2,4,8,1,3,3,105,105,3,PASS,PASS,PASS
9,1,2,4,8,2,2,4,110,110,2,PASS,PASS,PASS
9,1,2,5,8,1,4,3,131,131,4,PASS,PASS,PASS
9,1,2,5,8,2,3,4,136,136,3,PASS,PASS,PASS
9,1,2,6,8,1,5,3,157,157,4,PASS,PASS,PASS
9,1,2,6,8,2,4,4,162,162,4,PASS,PASS,PASS
9,1,2,7,8,1,6,3,183,183,4,PASS,PASS,PASS
9,1,2,7,8,2,5,4,188,188,4,PASS,PASS,PASS
9,1,2,8,8,1,7,3,209,209,4,PASS,PASS,PASS
9,1,2,8,8,2,6,4,214,214,4,PASS,PASS,PASS
9,1,2,9,8,1,8,3,235,235,4,PASS,PASS,PASS
9,1,2,9,8,2,7,4,240,240,4,PASS,PASS,PASS
9,1,2,10,8,1,9,3,261,261,4,PASS,PASS,PASS
9,1,2,10,8,2,8,4,266,266,4,PASS,PASS,PASS
9,1,2,11,8,1,10,3,287,287,4,PASS,PASS,PASS
9,1,2,11,8,2,9,4,292,292,4,PASS,PASS,PASS
9,1,2,12,8,1,11,3,313,313,4,PASS,PASS,PASS
9,1,2,12,8,2,10,4,318,318,4,PASS,PASS,PASS
9,1,2,13,8,1,12,3,339,339,4,PASS,PASS,PASS
9,1,2,13,8,2,11,4,344,344,4,PASS,PASS,PASS
9,1,2,14,8,1,13,3,365,365,4,PASS,PASS,PASS
9,1,2,14,8,2,12,4,370,370,4,PASS,PASS,PASS
9,1,2,15,16,1,14,3,391,391,4,PASS,PASS,PASS
9,1,2,15,16,2,13,4,396,396,4,PASS,PASS,PASS
9,1,2,16,16,1,15,3,417,417,4,PASS,PASS,PASS
9,1,2,16,16,2,14,4,422,422,4,PASS,PASS,PASS
9,1,2,17,16,1,16,3,443,443,4,PASS,PASS,PASS
9,1,2,17,16,2,15,4,448,448,4,PASS,PASS,PASS
9,1,2,18,16,1,17,3,469,469,4,PASS,PASS,PASS
9,1,2,18,16,2,16,4,474,474,4,PASS,PASS,PASS
9,1,2,19,16,1,18,3,495,495,4,PASS,PASS,PASS
9,1,2,19,16,2,17,4,500,500,4,PASS,PASS,PASS
9,1,2,20,16,1,19,3,521,521,4,PASS,PASS,PASS
9,1,2,20,16,2,18,4,526,526,4,PASS,PASS,PASS
9,1,2,21,16,1,20,3,547,547,4,PASS,PASS,PASS
9,1,2,21,16,2,19,4,552,552,4,PASS,PASS,PASS
9,1,2,22,16,1,21,3,573,573,4,PASS,PASS,PASS
9,1,2,22,16,2,20,4,578,578,4,PASS,PASS,PASS
9,1,2,23,16,1,22,3,599,599,4,PASS,PASS,PASS
9,1,2,23,16,2,21,4,604,604,4,PASS,PASS,PASS
9,1,2,24,16,1,23,3,625,625,4,PASS,PASS,PASS
9,1,2,24,16,2,22,4,630,630,4,PASS,PASS,PASS
9,1,3,4,16,1,3,4,141,141,3,PASS,PASS,PASS
9,1,3,4,16,2,2,5,147,147,2,PASS,PASS,PASS
9,1,3,4,16,3,1,6,155,155,1,PASS,PASS,PASS
9,1,3,5,16,1,4,4,176,176,4,PASS,PASS,PASS
9,1,3,5,16,2,3,5,182,182,3,PASS,PASS,PASS
9,1,3,5,16,3,2,6,190,190,2,PASS,PASS,PASS
9,1,3,6,16,1,5,4,211,211,4,PASS,PASS,PASS
9,1,3,6,16,2,4,5,217,217,4,PASS,PASS,PASS
9,1,3,6,16,3,3,6,225,225,3,PASS,PASS,PASS
9,1,3,7,16,1,6,4,246,246,4,PASS,PASS,PASS
9,1,3,7,16,2,5,5,252,252,4,PASS,PASS,PASS
9,1,3,7,16,3,4,6,260,260,4,PASS,PASS,PASS
9,1,3,8,16,1,7,4,281,281,4,PASS,PASS,PASS
9,1,3,8,16,2,6,5,287,287,4,PASS,PASS,PASS
9,1,3,8,16,3,5,6,295,295,4,PASS,PASS,PASS
9,1,3,9,16,1,8,4,316,316,4,PASS,PASS,PASS
9,1,3,9,16,2,7,5,322,322,4,PASS,PASS,PASS
9,1,3,9,16,3,6,6,330,330,4,PASS,PASS,PASS
9,1,3,10,16,1,9,4,351,351,4,PASS,PASS,PASS
9,1,3,10,16,2,8,5,357,357,4,PASS,PASS,PASS
9,1,3,10,16,3,7,6,365,365,4,PASS,PASS,PASS
9,1,3,11,16,1,10,4,386,386,4,PASS,PASS,PASS
9,1,3,11,16,2,9,5,392,392,4,PASS,PASS,PASS
9,1,3,11,16,3,8,6,400,400,4,PASS,PASS,PASS
9,1,3,12,16,1,11,4,421,421,4,PASS,PASS,PASS
9,1,3,12,16,2,10,5,427,427,4,PASS,PASS,PASS
9,1,3,12,16,3,9,6,435,435,4,PASS,PASS,PASS
9,1,3,13,16,1,12,4,456,456,4,PASS,PASS,PASS
9,1,3,13,16,2,11,5,462,462,4,PASS,PASS,PASS
9,1,3,13,16,3,10,6,470,470,4,PASS,PASS,PASS
9,1,3,14,16,1,13,4,491,491,4,PASS,PASS,PASS
9,1,3,14,16,2,12,5,497,497,4,PASS,PASS,PASS
9,1,3,14,16,3,11,6,505,505,4,PASS,PASS,PASS
9,1,3,15,16,1,14,4,526,526,4,PASS,PASS,PASS
9,1,3,15,16,2,13,5,532,532,4,PASS,PASS,PASS
9,1,3,15,16,3,12,6,540,540,4,PASS,PASS,PASS
9,1,3,16,16,1,15,4,561,561,4,PASS,PASS,PASS
9,1,3,16,16,2,14,5,567,567,4,PASS,PASS,PASS
9,1,3,16,16,3,13,6,575,575,4,PASS,PASS,PASS
9,1,3,17,16,1,16,4,596,596,4,PASS,PASS,PASS
9,1,3,17,16,2,15,5,602,602,4,PASS,PASS,PASS
9,1,3,17,16,3,14,6,610,610,4,PASS,PASS,PASS
9,1,3,18,16,1,17,4,631,631,4,PASS,PASS,PASS
9,1,3,18,16,2,16,5,637,637,4,PASS,PASS,PASS
9,1,3,18,16,3,15,6,645,645,4,PASS,PASS,PASS
9,1,3,19,16,1,18,4,666,666,4,PASS,PASS,PASS
9,1,3,19,16,2,17,5,672,672,4,PASS,PASS,PASS
9,1,3,19,16,3,16,6,680,680,4,PASS,PASS,PASS
9,1,3,20,16,1,19,4,701,701,4,PASS,PASS,PASS
9,1,3,20,16,2,18,5,707,707,4,PASS,PASS,PASS
9,1,3,20,16,3,17,6,715,715,4,PASS,PASS,PASS
9,1,3,21,16,1,20,4,736,736,4,PASS,PASS,PASS
9,1,3,21,16,2,19,5,742,742,4,PASS,PASS,PASS
9,1,3,21,16,3,18,6,750,750,4,PASS,PASS,PASS
9,1,3,22,16,1,21,4,771,771,4,PASS,PASS,PASS
9,1,3,22,16,2,20,5,777,777,4,PASS,PASS,PASS
9,1,3,22,16,3,19,6,785,785,4,PASS,PASS,PASS
9,1,3,23,16,1,22,4,806,806,4,PASS,PASS,PASS
9,1,3,23,16,2,21,5,812,812,4,PASS,PASS,PASS
9,1,3,23,16,3,20,6,820,820,4,PASS,PASS,PASS
9,1,3,24,16,1,23,4,841,841,4,PASS,PASS,PASS
9,1,3,24,16,2,22,5,847,847,4,PASS,PASS,PASS
9,1,3,24,16,3,21,6,855,855,4,PASS,PASS,PASS
9,2,1,4,8,1,3,3,96,96,3,PASS,PASS,PASS
9,2,1,5,8,1,4,3,119,119,4,PASS,PASS,PASS
9,2,1,6,8,1,5,3,142,142,4,PASS,PASS,PASS
9,2,1,7,8,1,6,3,165,165,4,PASS,PASS,PASS
9,2,1,8,8,1,7,3,188,188,4,PASS,PASS,PASS
9,2,1,9,8,1,8,3,211,211,4,PASS,PASS,PASS
9,2,1,10,8,1,9,3,234,234,4,PASS,PASS,PASS
9,2,1,11,8,1,10,3,257,257,4,PASS,PASS,PASS
9,2,1,12,8,1,11,3,280,280,4,PASS,PASS,PASS
9,2,1,13,8,1,12,3,303,303,4,PASS,PASS,PASS
9,2,1,14,8,1,13,3,326,326,4,PASS,PASS,PASS
9,2,1,15,8,1,14,3,349,349,4,PASS,PASS,PASS
9,2,1,16,8,1,15,3,372,372,4,PASS,PASS,PASS
9,2,1,17,8,1,16,3,395,395,4,PASS,PASS,PASS
9,2,1,18,8,1,17,3,418,418,4,PASS,PASS,PASS
9,2,1,19,8,1,18,3,441,441,4,PASS,PASS,PASS
9,2,1,20,8,1,19,3,464,464,4,PASS,PASS,PASS
9,2,1,21,8,1,20,3,487,487,4,PASS,PASS,PASS
9,2,1,22,8,1,21,3,510,510,4,PASS,PASS,PASS
9,2,1,23,8,1,22,3,533,533,4,PASS,PASS,PASS
9,2,1,24,8,1,23,3,556,556,4,PASS,PASS,PASS
9,2,2,4,8,1,3,4,132,132,3,PASS,PASS,PASS
9,2,2,4,8,2,2,6,148,148,2,PASS,PASS,PASS
9,2,2,5,8,1,4,4,164,164,4,PASS,PASS,PASS
9,2,2,5,8,2,3,6,180,180,3,PASS,PASS,PASS
9,2,2,6,8,1,5,4,196,196,4,PASS,PASS,PASS
9,2,2,6,8,2,4,6,212,212,4,PASS,PASS,PASS
9,2,2,7,8,1,6,4,228,228,4,PASS,PASS,PASS
9,2,2,7,8,2,5,6,244,244,4,PASS,PASS,PASS
9,2,2,8,8,1,7,4,260,260,4,PASS,PASS,PASS
9,2,2,8,8,2,6,6,276,276,4,PASS,PASS,PASS
9,2,2,9,8,1,8,4,292,292,4,PASS,PASS,PASS
9,2,2,9,8,2,7,6,308,308,4,PASS,PASS,PASS
9,2,2,10,8,1,9,4,324,324,4,PASS,PASS,PASS
9,2,2,10,8,2,8,6,340,340,4,PASS,PASS,PASS
9,2,2,11,8,1,10,4,356,356,4,PASS,PASS,PASS
9,2,2,11,8,2,9,6,372,372,4,PASS,PASS,PASS
9,2,2,12,8,1,11,4,388,388,4,PASS,PASS,PASS
9,2,2,12,8,2,10,6,404,404,4,PASS,PASS,PASS
9,2,2,13,8,1,12,4,420,420,4,PASS,PASS,PASS
9,2,2,13,8,2,11,6,436,436,4,PASS,PASS,PASS
9,2,2,14,8,1,13,4,452,452,4,PASS,PASS,PASS
9,2,2,14,8,2,12,6,468,468,4,PASS,PASS,PASS
9,2,2,15,8,1,14,4,484,484,4,PASS,PASS,PASS
9,2,2,15,8,2,13,6,500,500,4,PASS,PASS,PASS
9,2,2,16,8,1,15,4,516,516,4,PASS,PASS,PASS
9,2,2,16,8,2,14,6,532,532,4,PASS,PASS,PASS
9,2,2,17,8,1,16,4,548,548,4,PASS,PASS,PASS
9,2,2,17,8,2,15,6,564,564,4,PASS,PASS,PASS
9,2,2,18,8,1,17,4,580,580,4,PASS,PASS,PASS
9,2,2,18,8,2,16,6,596,596,4,PASS,PASS,PASS
9,2,2,19,8,1,18,4,612,612,4,PASS,PASS,PASS
9,2,2,19,8,2,17,6,628,628,4,PASS,PASS,PASS
9,2,2,20,16,1,19,4,644,644,4,PASS,PASS,PASS
9,2,2,20,16,2,18,6,660,660,4,PASS,PASS,PASS
9,2,2,21,16,1,20,4,676,676,4,PASS,PASS,PASS
9,2,2,21,16,2,19,6,692,692,4,PASS,PASS,PASS
9,2,2,22,16,1,21,4,708,708,4,PASS,PASS,PASS
9,2,2,22,16,2,20,6,724,724,4,PASS,PASS,PASS
9,2,2,23,16,1,22,4,740,740,4,PASS,PASS,PASS
9,2,2,23,16,2,21,6,756,756,4,PASS,PASS,PASS
9,2,2,24,16,1,23,4,772,772,4,PASS,PASS,PASS
9,2,2,24,16,2,22,6,788,788,4,PASS,PASS,PASS
9,2,3,4,16,1,3,5,168,168,3,PASS,PASS,PASS
9,2,3,4,16,2,2,7,186,186,2,PASS,PASS,PASS
9,2,3,4,16,3,1,9,212,212,1,PASS,PASS,PASS
9,2,3,5,16,1,4,5,209,209,4,PASS,PASS,PASS
9,2,3,5,16,2,3,7,227,227,3,PASS,PASS,PASS
9,2,3,5,16,3,2,9,253,253,2,PASS,PASS,PASS
9,2,3,6,16,1,5,5,250,250,4,PASS,PASS,PASS
9,2,3,6,16,2,4,7,268,268,4,PASS,PASS,PASS
9,2,3,6,16,3,3,9,294,294,3,PASS,PASS,PASS
9,2,3,7,16,1,6,5,291,291,4,PASS,PASS,PASS
9,2,3,7,16,2,5,7,309,309,4,PASS,PASS,PASS
9,2,3,7,16,3,4,9,335,335,4,PASS,PASS,PASS
9,2,3,8,16,1,7,5,332,332,4,PASS,PASS,PASS
9,2,3,8,16,2,6,7,350,350,4,PASS,PASS,PASS
9,2,3,8,16,3,5,9,376,376,4,PASS,PASS,PASS
9,2,3,9,16,1,8,5,373,373,4,PASS,PASS,PASS
9,2,3,9,16,2,7,7,391,391,4,PASS,PASS,PASS
9,2,3,9,16,3,6,9,417,417,4,PASS,PASS,PASS
9,2,3,10,32,1,9,5,414,414,4,PASS,PASS,PASS
9,2,3,10,32,2,8,7,432,432,4,PASS,PASS,PASS
9,2,3,10,32,3,7,9,458,458,4,PASS,PASS,PASS
9,2,3,11,32,1,10,5,455,455,4,PASS,PASS,PASS
9,2,3,11,32,2,9,7,473,473,4,PASS,PASS,PASS
9,2,3,11,32,3,8,9,499,499,4,PASS,PASS,PASS
9,2,3,12,16,1,11,5,496,496,4,PASS,PASS,PASS
9,2,3,12,16,2,10,7,514,514,4,PASS,PASS,PASS
9,2,3,12,16,3,9,9,540,540,4,PASS,PASS,PASS
9,2,3,13,32,1,12,5,537,537,4,PASS,PASS,PASS
9,2,3,13,32,2,11,7,555,555,4,PASS,PASS,PASS
9,2,3,13,32,3,10,9,581,581,4,PASS,PASS,PASS
9,2,3,14,32,1,13,5,578,578,4,PASS,PASS,PASS
9,2,3,14,32,2,12,7,596,596,4,PASS,PASS,PASS
9,2,3,14,32,3,11,9,622,622,4,PASS,PASS,PASS
9,2,3,15,32,1,14,5,619,619,4,PASS,PASS,PASS
9,2,3,15,32,2,13,7,637,637,4,PASS,PASS,PASS
9,2,3,15,32,3,12,9,663,663,4,PASS,PASS,PASS
9,2,3,16,16,1,15,5,660,660,4,PASS,PASS,PASS
9,2,3,16,16,2,14,7,678,678,4,PASS,PASS,PASS
9,2,3,16,16,3,13,9,704,704,4,PASS,PASS,PASS
9,2,3,17,32,1,16,5,701,701,4,PASS,PASS,PASS
9,2,3,17,32,2,15,7,719,719,4,PASS,PASS,PASS
9,2,3,17,32,3,14,9,745,745,4,PASS,PASS,PASS
9,2,3,18,32,1,17,5,742,742,4,PASS,PASS,PASS
9,2,3,18,32,2,16,7,760,760,4,PASS,PASS,PASS
9,2,3,18,32,3,15,9,786,786,4,PASS,PASS,PASS
9,2,3,19,32,1,18,5,783,783,4,PASS,PASS,PASS
9,2,3,19,32,2,17,7,801,801,4,PASS,PASS,PASS
9,2,3,19,32,3,16,9,827,827,4,PASS,PASS,PASS
9,2,3,20,32,1,19,5,824,824,4,PASS,PASS,PASS
9,2,3,20,32,2,18,7,842,842,4,PASS,PASS,PASS
9,2,3,20,32,3,17,9,868,868,4,PASS,PASS,PASS
9,2,3,21,32,1,20,5,865,865,4,PASS,PASS,PASS
9,2,3,21,32,2,19,7,883,883,4,PASS,PASS,PASS
9,2,3,21,32,3,18,9,909,909,4,PASS,PASS,PASS
9,2,3,22,32,1,21,5,906,906,4,PASS,PASS,PASS
9,2,3,22,32,2,20,7,924,924,4,PASS,PASS,PASS
9,2,3,22,32,3,19,9,950,950,4,PASS,PASS,PASS
9,2,3,23,32,1,22,5,947,947,4,PASS,PASS,PASS
9,2,3,23,32,2,21,7,965,965,4,PASS,PASS,PASS
9,2,3,23,32,3,20,9,991,991,4,PASS,PASS,PASS
9,2,3,24,32,1,23,5,988,988,4,PASS,PASS,PASS
9,2,3,24,32,2,22,7,1006,1006,4,PASS,PASS,PASS
9,2,3,24,32,3,21,9,1032,1032,4,PASS,PASS,PASS
9,3,1,4,8,1,3,4,117,117,3,PASS,PASS,PASS
9,3,1,5,8,1,4,4,144,144,4,PASS,PASS,PASS
9,3,1,6,8,1,5,4,171,171,4,PASS,PASS,PASS
9,3,1,7,8,1,6,4,198,198,4,PASS,PASS,PASS
9,3,1,8,8,1,7,4,225,225,4,PASS,PASS,PASS
9,3,1,9,8,1,8,4,252,252,4,PASS,PASS,PASS
9,3,1,10,8,1,9,4,279,279,4,PASS,PASS,PASS
9,3,1,11,8,1,10,4,306,306,4,PASS,PASS,PASS
9,3,1,12,8,1,11,4,333,333,4,PASS,PASS,PASS
9,3,1,13,8,1,12,4,360,360,4,PASS,PASS,PASS
9,3,1,14,8,1,13,4,387,387,4,PASS,PASS,PASS
9,3,1,15,8,1,14,4,414,414,4,PASS,PASS,PASS
9,3,1,16,8,1,15,4,441,441,4,PASS,PASS,PASS
9,3,1,17,8,1,16,4,468,468,4,PASS,PASS,PASS
9,3,1,18,8,1,17,4,495,495,4,PASS,PASS,PASS
9,3,1,19,8,1,18,4,522,522,4,PASS,PASS,PASS
9,3,1,20,8,1,19,4,549,549,4,PASS,PASS,PASS
9,3,1,21,8,1,20,4,576,576,4,PASS,PASS,PASS
9,3,1,22,8,1,21,4,603,603,4,PASS,PASS,PASS
9,3,1,23,8,1,22,4,630,630,4,PASS,PASS,PASS
9,3,1,24,8,1,23,4,657,657,4,PASS,PASS,PASS
9,3,2,4,8,1,3,5,153,153,3,PASS,PASS,PASS
9,3,2,4,8,2,2,8,186,186,2,PASS,PASS,PASS
9,3,2,5,8,1,4,5,189,189,4,PASS,PASS,PASS
9,3,2,5,8,2,3,8,222,222,3,PASS,PASS,PASS
9,3,2,6,8,1,5,5,225,225,4,PASS,PASS,PASS
9,3,2,6,8,2,4,8,258,258,4,PASS,PASS,PASS
9,3,2,7,8,1,6,5,261,261,4,PASS,PASS,PASS
9,3,2,7,8,2,5,8,294,294,4,PASS,PASS,PASS
9,3,2,8,16,1,7,5,297,297,4,PASS,PASS,PASS
9,3,2,8,16,2,6,8,330,330,4,PASS,PASS,PASS
9,3,2,9,16,1,8,5,333,333,4,PASS,PASS,PASS
9,3,2,9,16,2,7,8,366,366,4,PASS,PASS,PASS
9,3,2,10,16,1,9,5,369,369,4,PASS,PASS,PASS
9,3,2,10,16,2,8,8,402,402,4,PASS,PASS,PASS
9,3,2,11,16,1,10,5,405,405,4,PASS,PASS,PASS
9,3,2,11,16,2,9,8,438,438,4,PASS,PASS,PASS
9,3,2,12,16,1,11,5,441,441,4,PASS,PASS,PASS
9,3,2,12,16,2,10,8,474,474,4,PASS,PASS,PASS
9,3,2,13,16,1,12,5,477,477,4,PASS,PASS,PASS
9,3,2,13,16,2,11,8,510,510,4,PASS,PASS,PASS
9,3,2,14,16,1,13,5,513,513,4,PASS,PASS,PASS
9,3,2,14,16,2,12,8,546,546,4,PASS,PASS,PASS
9,3,2,15,16,1,14,5,549,549,4,PASS,PASS,PASS
9,3,2,15,16,2,13,8,582,582,4,PASS,PASS,PASS
9,3,2,16,16,1,15,5,585,585,4,PASS,PASS,PASS
9,3,2,16,16,2,14,8,618,618,4,PASS,PASS,PASS
9,3,2,17,16,1,16,5,621,621,4,PASS,PASS,PASS
9,3,2,17,16,2,15,8,654,654,4,PASS,PASS,PASS
9,3,2,18,16,1,17,5,657,657,4,PASS,PASS,PASS
9,3,2,18,16,2,16,8,690,690,4,PASS,PASS,PASS
9,3,2,19,16,1,18,5,693,693,4,PASS,PASS,PASS
9,3,2,19,16,2,17,8,726,726,4,PASS,PASS,PASS
9,3,2,20,16,1,19,5,729,729,4,PASS,PASS,PASS
9,3,2,20,16,2,18,8,762,762,4,PASS,PASS,PASS
9,3,2,21,16,1,20,5,765,765,4,PASS,PASS,PASS
9,3,2,21,16,2,19,8,798,798,4,PASS,PASS,PASS
9,3,2,22,16,1,21,5,801,801,4,PASS,PASS,PASS
9,3,2,22,16,2,20,8,834,834,4,PASS,PASS,PASS
9,3,2,23,16,1,22,5,837,837,4,PASS,PASS,PASS
9,3,2,23,16,2,21,8,870,870,4,PASS,PASS,PASS
9,3,2,24,16,1,23,5,873,873,4,PASS,PASS,PASS
9,3,2,24,16,2,22,8,906,906,4,PASS,PASS,PASS
9,3,3,4,16,1,3,6,189,189,3,PASS,PASS,PASS
9,3,3,4,16,2,2,9,225,225,2,PASS,PASS,PASS
9,3,3,4,16,3,1,12,279,279,1,PASS,PASS,PASS
9,3,3,5,16,1,4,6,234,234,4,PASS,PASS,PASS
9,3,3,5,16,2,3,9,270,270,3,PASS,PASS,PASS
9,3,3,5,16,3,2,12,324,324,2,PASS,PASS,PASS
9,3,3,6,16,1,5,6,279,279,4,PASS,PASS,PASS
9,3,3,6,16,2,4,9,315,315,4,PASS,PASS,PASS
9,3,3,6,16,3,3,12,369,369,3,PASS,PASS,PASS
9,3,3,7,16,1,6,6,324,324,4,PASS,PASS,PASS
9,3,3,7,16,2,5,9,360,360,4,PASS,PASS,PASS
9,3,3,7,16,3,4,12,414,414,4,PASS,PASS,PASS
9,3,3,8,16,1,7,6,369,369,4,PASS,PASS,PASS
9,3,3,8,16,2,6,9,405,405,4,PASS,PASS,PASS
9,3,3,8,16,3,5,12,459,459,4,PASS,PASS,PASS
9,3,3,9,32,1,8,6,414,414,4,PASS,PASS,PASS
9,3,3,9,32,2,7,9,450,450,4,PASS,PASS,PASS
9,3,3,9,32,3,6,12,504,504,4,PASS,PASS,PASS
9,3,3,10,32,1,9,6,459,459,4,PASS,PASS,PASS
9,3,3,10,32,2,8,9,495,495,4,PASS,PASS,PASS
9,3,3,10,32,3,7,12,549,549,4,PASS,PASS,PASS
9,3,3,11,32,1,10,6,504,504,4,PASS,PASS,PASS
9,3,3,11,32,2,9,9,540,540,4,PASS,PASS,PASS
9,3,3,11,32,3,8,12,594,594,4,PASS,PASS,PASS
9,3,3,12,16,1,11,6,549,549,4,PASS,PASS,PASS
9,3,3,12,16,2,10,9,585,585,4,PASS,PASS,PASS
9,3,3,12,16,3,9,12,639,639,4,PASS,PASS,PASS
9,3,3,13,32,1,12,6,594,594,4,PASS,PASS,PASS
9,3,3,13,32,2,11,9,630,630,4,PASS,PASS,PASS
9,3,3,13,32,3,10,12,684,684,4,PASS,PASS,PASS
9,3,3,14,32,1,13,6,639,639,4,PASS,PASS,PASS
9,3,3,14,32,2,12,9,675,675,4,PASS,PASS,PASS
9,3,3,14,32,3,11,12,729,729,4,PASS,PASS,PASS
9,3,3,15,32,1,14,6,684,684,4,PASS,PASS,PASS
9,3,3,15,32,2,13,9,720,720,4,PASS,PASS,PASS
9,3,3,15,32,3,12,12,774,774,4,PASS,PASS,PASS
9,3,3,16,32,1,15,6,729,729,4,PASS,PASS,PASS
9,3,3,16,32,2,14,9,765,765,4,PASS,PASS,PASS
9,3,3,16,32,3,13,12,819,819,4,PASS,PASS,PASS
9,3,3,17,32,1,16,6,774,774,4,PASS,PASS,PASS
9,3,3,17,32,2,15,9,810,810,4,PASS,PASS,PASS
9,3,3,17,32,3,14,12,864,864,4,PASS,PASS,PASS
9,3,3,18,32,1,17,6,819,819,4,PASS,PASS,PASS
9,3,3,18,32,2,16,9,855,855,4,PASS,PASS,PASS
9,3,3,18,32,3,15,12,909,909,4,PASS,PASS,PASS
9,3,3,19,32,1,18,6,864,864,4,PASS,PASS,PASS
9,3,3,19,32,2,17,9,900,900,4,PASS,PASS,PASS
9,3,3,19,32,3,16,12,954,954,4,PASS,PASS,PASS
9,3,3,20,32,1,19,6,909,909,4,PASS,PASS,PASS
9,3,3,20,32,2,18,9,945,945,4,PASS,PASS,PASS
9,3,3,20,32,3,17,12,999,999,4,PASS,PASS,PASS
9,3,3,21,32,1,20,6,954,954,4,PASS,PASS,PASS
9,3,3,21,32,2,19,9,990,990,4,PASS,PASS,PASS
9,3,3,21,32,3,18,12,1044,1044,4,PASS,PASS,PASS
9,3,3,22,32,1,21,6,999,999,4,PASS,PASS,PASS
9,3,3,22,32,2,20,9,1035,1035,4,PASS,PASS,PASS
9,3,3,22,32,3,19,12,1089,1089,4,PASS,PASS,PASS
9,3,3,23,32,1,22,6,1044,1044,4,PASS,PASS,PASS
9,3,3,23,32,2,21,9,1080,1080,4,PASS,PASS,PASS
9,3,3,23,32,3,20,12,1134,1134,4,PASS,PASS,PASS
9,3,3,24,32,1,23,6,1089,1089,4,PASS,PASS,PASS
9,3,3,24,32,2,22,9,1125,1125,4,PASS,PASS,PASS
9,3,3,24,32,3,21,12,1179,1179,4,PASS,PASS,PASS
10,1,1,4,8,1,3,2,77,77,3,PASS,PASS,PASS
10,1,1,5,8,1,4,2,96,96,4,PASS,PASS,PASS
10,1,1,6,8,1,5,2,115,115,4,PASS,PASS,PASS
10,1,1,7,8,1,6,2,134,134,4,PASS,PASS,PASS
10,1,1,8,8,1,7,2,153,153,4,PASS,PASS,PASS
10,1,1,9,8,1,8,2,172,172,4,PASS,PASS,PASS
10,1,1,10,8,1,9,2,191,191,4,PASS,PASS,PASS
10,1,1,11,8,1,10,2,210,210,4,PASS,PASS,PASS
10,1,1,12,8,1,11,2,229,229,4,PASS,PASS,PASS
10,1,1,13,8,1,12,2,248,248,4,PASS,PASS,PASS
10,1,1,14,8,1,13,2,267,267,4,PASS,PASS,PASS
10,1,1,15,8,1,14,2,286,286,4,PASS,PASS,PASS
10,1,1,16,8,1,15,2,305,305,4,PASS,PASS,PASS
10,1,1,17,8,1,16,2,324,324,4,PASS,PASS,PASS
10,1,1,18,8,1,17,2,343,343,4,PASS,PASS,PASS
10,1,1,19,8,1,18,2,362,362,4,PASS,PASS,PASS
10,1,1,20,8,1,19,2,381,381,4,PASS,PASS,PASS
10,1,1,21,8,1,20,2,400,400,4,PASS,PASS,PASS
10,1,1,22,8,1,21,2,419,419,4,PASS,PASS,PASS
10,1,1,23,8,1,22,2,438,438,4,PASS,PASS,PASS
10,1,1,24,8,1,23,2,457,457,4,PASS,PASS,PASS
10,1,2,4,8,1,3,3,117,117,3,PASS,PASS,PASS
10,1,2,4,8,2,2,4,122,122,2,PASS,PASS,PASS
10,1,2,5,8,1,4,3,146,146,4,PASS,PASS,PASS
10,1,2,5,8,2,3,4,151,151,3,PASS,PASS,PASS
10,1,2,6,8,1,5,3,175,175,4,PASS,PASS,PASS
10,1,2,6,8,2,4,4,180,180,4,PASS,PASS,PASS
10,1,2,7,8,1,6,3,204,204,4,PASS,PASS,PASS
10,1,2,7,8,2,5,4,209,209,4,PASS,PASS,PASS
10,1,2,8,8,1,7,3,233,233,4,PASS,PASS,PASS
10,1,2,8,8,2,6,4,238,238,4,PASS,PASS,PASS
10,1,2,9,8,1,8,3,262,262,4,PASS,PASS,PASS
10,1,2,9,8,2,7,4,267,267,4,PASS,PASS,PASS
10,1,2,10,8,1,9,3,291,291,4,PASS,PASS,PASS
10,1,2,10,8,2,8,4,296,296,4,PASS,PASS,PASS
10,1,2,11,8,1,10,3,320,320,4,PASS,PASS,PASS
10,1,2,11,8,2,9,4,325,325,4,PASS,PASS,PASS
10,1,2,12,8,1,11,3,349,349,4,PASS,PASS,PASS
10,1,2,12,8,2,10,4,354,354,4,PASS,PASS,PASS
10,1,2,13,8,1,12,3,378,378,4,PASS,PASS,PASS
10,1,2,13,8,2,11,4,383,383,4,PASS,PASS,PASS
10,1,2,14,16,1,13,3,407,407,4,PASS,PASS,PASS
10,1,2,14,16,2,12,4,412,412,4,PASS,PASS,PASS
10,1,2,15,16,1,14,3,436,436,4,PASS,PASS,PASS
10,1,2,15,16,2,13,4,441,441,4,PASS,PASS,PASS
10,1,2,16,16,1,15,3,465,465,4,PASS,PASS,PASS
10,1,2,16,16,2,14,4,470,470,4,PASS,PASS,PASS
10,1,2,17,16,1,16,3,494,494,4,PASS,PASS,PASS
10,1,2,17,16,2,15,4,499,499,4,PASS,PASS,PASS
10,1,2,18,16,1,17,3,523,523,4,PASS,PASS,PASS
10,1,2,18,16,2,16,4,528,528,4,PASS,PASS,PASS
10,1,2,19,16,1,18,3,552,552,4,PASS,PASS,PASS
10,1,2,19,16,2,17,4,557,557,4,PASS,PASS,PASS
10,1,2,20,16,1,19,3,581,581,4,PASS,PASS,PASS
10,1,2,20,16,2,18,4,586,586,4,PASS,PASS,PASS
10,1,2,21,16,1,20,3,610,610,4,PASS,PASS,PASS
10,1,2,21,16,2,19,4,615,615,4,PASS,PASS,PASS
10,1,2,22,16,1,21,3,639,639,4,PASS,PASS,PASS
10,1,2,22,16,2,20,4,644,644,4,PASS,PASS,PASS
10,1,2,23,16,1,22,3,668,668,4,PASS,PASS,PASS
10,1,2,23,16,2,21,4,673,673,4,PASS,PASS,PASS
10,1,2,24,16,1,23,3,697,697,4,PASS,PASS,PASS
10,1,2,24,16,2,22,4,702,702,4,PASS,PASS,PASS
10,1,3,4,16,1,3,4,157,157,3,PASS,PASS,PASS
10,1,3,4,16,2,2,5,163,163,2,PASS,PASS,PASS
10,1,3,4,16,3,1,6,171,171,1,PASS,PASS,PASS
10,1,3,5,16,1,4,4,196,196,4,PASS,PASS,PASS
10,1,3,5,16,2,3,5,202,202,3,PASS,PASS,PASS
10,1,3,5,16,3,2,6,210,210,2,PASS,PASS,PASS
10,1,3,6,16,1,5,4,235,235,4,PASS,PASS,PASS
10,1,3,6,16,2,4,5,241,241,4,PASS,PASS,PASS
10,1,3,6,16,3,3,6,249,249,3,PASS,PASS,PASS
10,1,3,7,16,1,6,4,274,274,4,PASS,PASS,PASS
10,1,3,7,16,2,5,5,280,280,4,PASS,PASS,PASS
10,1,3,7,16,3,4,6,288,288,4,PASS,PASS,PASS
10,1,3,8,16,1,7,4,313,313,4,PASS,PASS,PASS
10,1,3,8,16,2,6,5,319,319,4,PASS,PASS,PASS
10,1,3,8,16,3,5,6,327,327,4,PASS,PASS,PASS
10,1,3,9,16,1,8,4,352,352,4,PASS,PASS,PASS
10,1,3,9,16,2,7,5,358,358,4,PASS,PASS,PASS
10,1,3,9,16,3,6,6,366,366,4,PASS,PASS,PASS
10,1,3,10,16,1,9,4,391,391,4,PASS,PASS,PASS
10,1,3,10,16,2,8,5,397,397,4,PASS,PASS,PASS
10,1,3,10,16,3,7,6,405,405,4,PASS,PASS,PASS
10,1,3,11,16,1,10,4,430,430,4,PASS,PASS,PASS
10,1,3,11,16,2,9,5,436,436,4,PASS,PASS,PASS
10,1,3,11,16,3,8,6,444,444,4,PASS,PASS,PASS
10,1,3,12,16,1,11,4,469,469,4,PASS,PASS,PASS
10,1,3,12,16,2,10,5,475,475,4,PASS,PASS,PASS
10,1,3,12,16,3,9,6,483,483,4,PASS,PASS,PASS
10,1,3,13,16,1,12,4,508,508,4,PASS,PASS,PASS
10,1,3,13,16,2,11,5,514,514,4,PASS,PASS,PASS
10,1,3,13,16,3,10,6,522,522,4,PASS,PASS,PASS
10,1,3,14,16,1,13,4,547,547,4,PASS,PASS,PASS
10,1,3,14,16,2,12,5,553,553,4,PASS,PASS,PASS
10,1,3,14,16,3,11,6,561,561,4,PASS,PASS,PASS
10,1,3,15,16,1,14,4,586,586,4,PASS,PASS,PASS
10,1,3,15,16,2,13,5,592,592,4,PASS,PASS,PASS
10,1,3,15,16,3,12,6,600,600,4,PASS,PASS,PASS
10,1,3,16,16,1,15,4,625,625,4,PASS,PASS,PASS
10,1,3,16,16,2,14,5,631,631,4,PASS,PASS,PASS
10,1,3,16,16,3,13,6,639,639,4,PASS,PASS,PASS
10,1,3,17,16,1,16,4,664,664,4,PASS,PASS,PASS
10,1,3,17,16,2,15,5,670,670,4,PASS,PASS,PASS
10,1,3,17,16,3,14,6,678,678,4,PASS,PASS,PASS
10,1,3,18,16,1,17,4,703,703,4,PASS,PASS,PASS
10,1,3,18,16,2,16,5,709,709,4,PASS,PASS,PASS
10,1,3,18,16,3,15,6,717,717,4,PASS,PASS,PASS
10,1,3,19,16,1,18,4,742,742,4,PASS,PASS,PASS
10,1,3,19,16,2,17,5,748,748,4,PASS,PASS,PASS
10,1,3,19,16,3,16,6,756,756,4,PASS,PASS,PASS
10,1,3,20,16,1,19,4,781,781,4,PASS,PASS,PASS
10,1,3,20,16,2,18,5,787,787,4,PASS,PASS,PASS
10,1,3,20,16,3,17,6,795,795,4,PASS,PASS,PASS
10,1,3,21,16,1,20,4,820,820,4,PASS,PASS,PASS
10,1,3,21,16,2,19,5,826,826,4,PASS,PASS,PASS
10,1,3,21,16,3,18,6,834,834,4,PASS,PASS,PASS
10,1,3,22,16,1,21,4,859,859,4,PASS,PASS,PASS
10,1,3,22,16,2,20,5,865,865,4,PASS,PASS,PASS
10,1,3,22,16,3,19,6,873,873,4,PASS,PASS,PASS
10,1,3,23,16,1,22,4,898,898,4,PASS,PASS,PASS
10,1,3,23,16,2,21,5,904,904,4,PASS,PASS,PASS
10,1,3,23,16,3,20,6,912,912,4,PASS,PASS,PASS
10,1,3,24,16,1,23,4,937,937,4,PASS,PASS,PASS
10,1,3,24,16,2,22,5,943,943,4,PASS,PASS,PASS
10,1,3,24,16,3,21,6,951,951,4,PASS,PASS,PASS
10,2,1,4,8,1,3,3,108,108,3,PASS,PASS,PASS
10,2,1,5,8,1,4,3,134,134,4,PASS,PASS,PASS
10,2,1,6,8,1,5,3,160,160,4,PASS,PASS,PASS
10,2,1,7,8,1,6,3,186,186,4,PASS,PASS,PASS
10,2,1,8,8,1,7,3,212,212,4,PASS,PASS,PASS
10,2,1,9,8,1,8,3,238,238,4,PASS,PASS,PASS
10,2,1,10,8,1,9,3,264,264,4,PASS,PASS,PASS
10,2,1,11,8,1,10,3,290,290,4,PASS,PASS,PASS
10,2,1,12,8,1,11,3,316,316,4,PASS,PASS,PASS
10,2,1,13,8,1,12,3,342,342,4,PASS,PASS,PASS
10,2,1,14,8,1,13,3,368,368,4,PASS,PASS,PASS
10,2,1,15,8,1,14,3,394,394,4,PASS,PASS,PASS
10,2,1,16,8,1,15,3,420,420,4,PASS,PASS,PASS
10,2,1,17,8,1,16,3,446,446,4,PASS,PASS,PASS
10,2,1,18,8,1,17,3,472,472,4,PASS,PASS,PASS
10,2,1,19,8,1,18,3,498,498,4,PASS,PASS,PASS
10,2,1,20,8,1,19,3,524,524,4,PASS,PASS,PASS
10,2,1,21,8,1,20,3,550,550,4,PASS,PASS,PASS
10,2,1,22,8,1,21,3,576,576,4,PASS,PASS,PASS
10,2,1,23,8,1,22,3,602,602,4,PASS,PASS,PASS
10,2,1,24,8,1,23,3,628,628,4,PASS,PASS,PASS
10,2,2,4,8,1,3,4,148,148,3,PASS,PASS,PASS
10,2,2,4,8,2,2,6,164,164,2,PASS,PASS,PASS
10,2,2,5,8,1,4,4,184,184,4,PASS,PASS,PASS
10,2,2,5,8,2,3,6,200,200,3,PASS,PASS,PASS
10,2,2,6,8,1,5,4,220,220,4,PASS,PASS,PASS
10,2,2,6,8,2,4,6,236,236,4,PASS,PASS,PASS
10,2,2,7,8,1,6,4,256,256,4,PASS,PASS,PASS
10,2,2,7,8,2,5,6,272,272,4,PASS,PASS,PASS
10,2,2,8,8,1,7,4,292,292,4,PASS,PASS,PASS
10,2,2,8,8,2,6,6,308,308,4,PASS,PASS,PASS
10,2,2,9,8,1,8,4,328,328,4,PASS,PASS,PASS
10,2,2,9,8,2,7,6,344,344,4,PASS,PASS,PASS
10,2,2,10,8,1,9,4,364,364,4,PASS,PASS,PASS
10,2,2,10,8,2,8,6,380,380,4,PASS,PASS,PASS
10,2,2,11,8,1,10,4,400,400,4,PASS,PASS,PASS
10,2,2,11,8,2,9,6,416,416,4,PASS,PASS,PASS
10,2,2,12,8,1,11,4,436,436,4,PASS,PASS,PASS
10,2,2,12,8,2,10,6,452,452,4,PASS,PASS,PASS
10,2,2,13,8,1,12,4,472,472,4,PASS,PASS,PASS
10,2,2,13,8,2,11,6,488,488,4,PASS,PASS,PASS
10,2,2,14,8,1,13,4,508,508,4,PASS,PASS,PASS
10,2,2,14,8,2,12,6,524,524,4,PASS,PASS,PASS
10,2,2,15,8,1,14,4,544,544,4,PASS,PASS,PASS
10,2,2,15,8,2,13,6,560,560,4,PASS,PASS,PASS
10,2,2,16,8,1,15,4,580,580,4,PASS,PASS,PASS
10,2,2,16,8,2,14,6,596,596,4,PASS,PASS,PASS
10,2,2,17,8,1,16,4,616,616,4,PASS,PASS,PASS
10,2,2,17,8,2,15,6,632,632,4,PASS,PASS,PASS
10,2,2,18,16,1,17,4,652,652,4,PASS,PASS,PASS
10,2,2,18,16,2,16,6,668,668,4,PASS,PASS,PASS
10,2,2,19,16,1,18,4,688,688,4,PASS,PASS,PASS
10,2,2,19,16,2,17,6,704,704,4,PASS,PASS,PASS
10,2,2,20,16,1,19,4,724,724,4,PASS,PASS,PASS
10,2,2,20,16,2,18,6,740,740,4,PASS,PASS,PASS
10,2,2,21,16,1,20,4,760,760,4,PASS,PASS,PASS
10,2,2,21,16,2,19,6,776,776,4,PASS,PASS,PASS
10,2,2,22,16,1,21,4,796,796,4,PASS,PASS,PASS
10,2,2,22,16,2,20,6,812,812,4,PASS,PASS,PASS
10,2,2,23,16,1,22,4,832,832,4,PASS,PASS,PASS
10,2,2,23,16,2,21,6,848,848,4,PASS,PASS,PASS
10,2,2,24,16,1,23,4,868,868,4,PASS,PASS,PASS
10,2,2,24,16,2,22,6,884,884,4,PASS,PASS,PASS
10,2,3,4,16,1,3,5,188,188,3,PASS,PASS,PASS
10,2,3,4,16,2,2,7,206,206,2,PASS,PASS,PASS
10,2,3,4,16,3,1,9,232,232,1,PASS,PASS,PASS
10,2,3,5,16,1,4,5,234,234,4,PASS,PASS,PASS
10,2,3,5,16,2,3,7,252,252,3,PASS,PASS,PASS
10,2,3,5,16,3,2,9,278,278,2,PASS,PASS,PASS
10,2,3,6,16,1,5,5,280,280,4,PASS,PASS,PASS
10,2,3,6,16,2,4,7,298,298,4,PASS,PASS,PASS
10,2,3,6,16,3,3,9,324,324,3,PASS,PASS,PASS
10,2,3,7,16,1,6,5,326,326,4,PASS,PASS,PASS
10,2,3,7,16,2,5,7,344,344,4,PASS,PASS,PASS
10,2,3,7,16,3,4,9,370,370,4,PASS,PASS,PASS
10,2,3,8,16,1,7,5,372,372,4,PASS,PASS,PASS
10,2,3,8,16,2,6,7,390,390,4,PASS,PASS,PASS
10,2,3,8,16,3,5,9,416,416,4,PASS,PASS,PASS
10,2,3,9,32,1,8,5,418,418,4,PASS,PASS,PASS
10,2,3,9,32,2,7,7,436,436,4,PASS,PASS,PASS
10,2,3,9,32,3,6,9,462,462,4,PASS,PASS,PASS
10,2,3,10,32,1,9,5,464,464,4,PASS,PASS,PASS
10,2,3,10,32,2,8,7,482,482,4,PASS,PASS,PASS
10,2,3,10,32,3,7,9,508,508,4,PASS,PASS,PASS
10,2,3,11,32,1,10,5,510,510,4,PASS,PASS,PASS
10,2,3,11,32,2,9,7,528,528,4,PASS,PASS,PASS
10,2,3,11,32,3,8,9,554,554,4,PASS,PASS,PASS
10,2,3,12,16,1,11,5,556,556,4,PASS,PASS,PASS
10,2,3,12,16,2,10,7,574,574,4,PASS,PASS,PASS
10,2,3,12,16,3,9,9,600,600,4,PASS,PASS,PASS
10,2,3,13,32,1,12,5,602,602,4,PASS,PASS,PASS
10,2,3,13,32,2,11,7,620,620,4,PASS,PASS,PASS
10,2,3,13,32,3,10,9,646,646,4,PASS,PASS,PASS
10,2,3,14,32,1,13,5,648,648,4,PASS,PASS,PASS
10,2,3,14,32,2,12,7,666,666,4,PASS,PASS,PASS
10,2,3,14,32,3,11,9,692,692,4,PASS,PASS,PASS
10,2,3,15,32,1,14,5,694,694,4,PASS,PASS,PASS
10,2,3,15,32,2,13,7,712,712,4,PASS,PASS,PASS
10,2,3,15,32,3,12,9,738,738,4,PASS,PASS,PASS
10,2,3,16,32,1,15,5,740,740,4,PASS,PASS,PASS
10,2,3,16,32,2,14,7,758,758,4,PASS,PASS,PASS
10,2,3,16,32,3,13,9,784,784,4,PASS,PASS,PASS
10,2,3,17,32,1,16,5,786,786,4,PASS,PASS,PASS
10,2,3,17,32,2,15,7,804,804,4,PASS,PASS,PASS
10,2,3,17,32,3,14,9,830,830,4,PASS,PASS,PASS
10,2,3,18,32,1,17,5,832,832,4,PASS,PASS,PASS
10,2,3,18,32,2,16,7,850,850,4,PASS,PASS,PASS
10,2,3,18,32,3,15,9,876,876,4,PASS,PASS,PASS
10,2,3,19,32,1,18,5,878,878,4,PASS,PASS,PASS
10,2,3,19,32,2,17,7,896,896,4,PASS,PASS,PASS
10,2,3,19,32,3,16,9,922,922,4,PASS,PASS,PASS
10,2,3,20,32,1,19,5,924,924,4,PASS,PASS,PASS
10,2,3,20,32,2,18,7,942,942,4,PASS,PASS,PASS
10,2,3,20,32,3,17,9,968,968,4,PASS,PASS,PASS
10,2,3,21,32,1,20,5,970,970,4,PASS,PASS,PASS
10,2,3,21,32,2,19,7,988,988,4,PASS,PASS,PASS
10,2,3,21,32,3,18,9,1014,1014,4,PASS,PASS,PASS
10,2,3,22,32,1,21,5,1016,1016,4,PASS,PASS,PASS
10,2,3,22,32,2,20,7,1034,1034,4,PASS,PASS,PASS
10,2,3,22,32,3,19,9,1060,1060,4,PASS,PASS,PASS
10,2,3,23,32,1,22,5,1062,1062,4,PASS,PASS,PASS
10,2,3,23,32,2,21,7,1080,1080,4,PASS,PASS,PASS
10,2,3,23,32,3,20,9,1106,1106,4,PASS,PASS,PASS
10,2,3,24,32,1,23,5,1108,1108,4,PASS,PASS,PASS
10,2,3,24,32,2,22,7,1126,1126,4,PASS,PASS,PASS
10,2,3,24,32,3,21,9,1152,1152,4,PASS,PASS,PASS
10,3,1,4,8,1,3,4,133,133,3,PASS,PASS,PASS
10,3,1,5,8,1,4,4,164,164,4,PASS,PASS,PASS
10,3,1,6,8,1,5,4,195,195,4,PASS,PASS,PASS
10,3,1,7,8,1,6,4,226,226,4,PASS,PASS,PASS
10,3,1,8,8,1,7,4,257,257,4,PASS,PASS,PASS
10,3,1,9,8,1,8,4,288,288,4,PASS,PASS,PASS
10,3,1,10,8,1,9,4,319,319,4,PASS,PASS,PASS
10,3,1,11,8,1,10,4,350,350,4,PASS,PASS,PASS
10,3,1,12,8,1,11,4,381,381,4,PASS,PASS,PASS
10,3,1,13,8,1,12,4,412,412,4,PASS,PASS,PASS
10,3,1,14,8,1,13,4,443,443,4,PASS,PASS,PASS
10,3,1,15,8,1,14,4,474,474,4,PASS,PASS,PASS
10,3,1,16,8,1,15,4,505,505,4,PASS,PASS,PASS
10,3,1,17,8,1,16,4,536,536,4,PASS,PASS,PASS
10,3,1,18,8,1,17,4,567,567,4,PASS,PASS,PASS
10,3,1,19,8,1,18,4,598,598,4,PASS,PASS,PASS
10,3,1,20,8,1,19,4,629,629,4,PASS,PASS,PASS
10,3,1,21,8,1,20,4,660,660,4,PASS,PASS,PASS
10,3,1,22,8,1,21,4,691,691,4,PASS,PASS,PASS
10,3,1,23,8,1,22,4,722,722,4,PASS,PASS,PASS
10,3,1,24,8,1,23,4,753,753,4,PASS,PASS,PASS
10,3,2,4,8,1,3,5,173,173,3,PASS,PASS,PASS
10,3,2,4,8,2,2,8,206,206,2,PASS,PASS,PASS
10,3,2,5,8,1,4,5,214,214,4,PASS,PASS,PASS
10,3,2,5,8,2,3,8,247,247,3,PASS,PASS,PASS
10,3,2,6,8,1,5,5,255,255,4,PASS,PASS,PASS
10,3,2,6,8,2,4,8,288,288,4,PASS,PASS,PASS
10,3,2,7,8,1,6,5,296,296,4,PASS,PASS,PASS
10,3,2,7,8,2,5,8,329,329,4,PASS,PASS,PASS
10,3,2,8,8,1,7,5,337,337,4,PASS,PASS,PASS
10,3,2,8,8,2,6,8,370,370,4,PASS,PASS,PASS
10,3,2,9,8,1,8,5,378,378,4,PASS,PASS,PASS
10,3,2,9,8,2,7,8,411,411,4,PASS,PASS,PASS
10,3,2,10,8,1,9,5,419,419,4,PASS,PASS,PASS
10,3,2,10,8,2,8,8,452,452,4,PASS,PASS,PASS
10,3,2,11,8,1,10,5,460,460,4,PASS,PASS,PASS
10,3,2,11,8,2,9,8,493,493,4,PASS,PASS,PASS
10,3,2,12,8,1,11,5,501,501,4,PASS,PASS,PASS
10,3,2,12,8,2,10,8,534,534,4,PASS,PASS,PASS
10,3,2,13,8,1,12,5,542,542,4,PASS,PASS,PASS
10,3,2,13,8,2,11,8,575,575,4,PASS,PASS,PASS
10,3,2,14,8,1,13,5,583,583,4,PASS,PASS,PASS
10,3,2,14,8,2,12,8,616,616,4,PASS,PASS,PASS
10,3,2,15,8,1,14,5,624,624,4,PASS,PASS,PASS
10,3,2,15,8,2,13,8,657,657,4,PASS,PASS,PASS
10,3,2,16,8,1,15,5,665,665,4,PASS,PASS,PASS
10,3,2,16,8,2,14,8,698,698,4,PASS,PASS,PASS
10,3,2,17,8,1,16,5,706,706,4,PASS,PASS,PASS
10,3,2,17,8,2,15,8,739,739,4,PASS,PASS,PASS
10,3,2,18,8,1,17,5,747,747,4,PASS,PASS,PASS
10,3,2,18,8,2,16,8,780,780,4,PASS,PASS,PASS
10,3,2,19,8,1,18,5,788,788,4,PASS,PASS,PASS
10,3,2,19,8,2,17,8,821,821,4,PASS,PASS,PASS
10,3,2,20,16,1,19,5,829,829,4,PASS,PASS,PASS
10,3,2,20,16,2,18,8,862,862,4,PASS,PASS,PASS
10,3,2,21,16,1,20,5,870,870,4,PASS,PASS,PASS
10,3,2,21,16,2,19,8,903,903,4,PASS,PASS,PASS
10,3,2,22,16,1,21,5,911,911,4,PASS,PASS,PASS
10,3,2,22,16,2,20,8,944,944,4,PASS,PASS,PASS
10,3,2,23,16,1,22,5,952,952,4,PASS,PASS,PASS
10,3,2,23,16,2,21,8,985,985,4,PASS,PASS,PASS
10,3,2,24,16,1,23,5,993,993,4,PASS,PASS,PASS
10,3,2,24,16,2,22,8,1026,1026,4,PASS,PASS,PASS
10,3,3,4,16,1,3,6,213,213,3,PASS,PASS,PASS
10,3,3,4,16,2,2,9,249,249,2,PASS,PASS,PASS
10,3,3,4,16,3,1,12,303,303,1,PASS,PASS,PASS
10,3,3,5,16,1,4,6,264,264,4,PASS,PASS,PASS
10,3,3,5,16,2,3,9,300,300,3,PASS,PASS,PASS
10,3,3,5,16,3,2,12,354,354,2,PASS,PASS,PASS
10,3,3,6,16,1,5,6,315,315,4,PASS,PASS,PASS
10,3,3,6,16,2,4,9,351,351,4,PASS,PASS,PASS
10,3,3,6,16,3,3,12,405,405,3,PASS,PASS,PASS
10,3,3,7,32,1,6,6,366,366,4,PASS,PASS,PASS
10,3,3,7,32,2,5,9,402,402,4,PASS,PASS,PASS
10,3,3,7,32,3,4,12,456,456,4,PASS,PASS,PASS
10,3,3,8,16,1,7,6,417,417,4,PASS,PASS,PASS
10,3,3,8,16,2,6,9,453,453,4,PASS,PASS,PASS
10,3,3,8,16,3,5,12,507,507,4,PASS,PASS,PASS
10,3,3,9,32,1,8,6,468,468,4,PASS,PASS,PASS
10,3,3,9,32,2,7,9,504,504,4,PASS,PASS,PASS
10,3,3,9,32,3,6,12,558,558,4,PASS,PASS,PASS
10,3,3,10,32,1,9,6,519,519,4,PASS,PASS,PASS
10,3,3,10,32,2,8,9,555,555,4,PASS,PASS,PASS
10,3,3,10,32,3,7,12,609,609,4,PASS,PASS,PASS
10,3,3,11,32,1,10,6,570,570,4,PASS,PASS,PASS
10,3,3,11,32,2,9,9,606,606,4,PASS,PASS,PASS
10,3,3,11,32,3,8,12,660,660,4,PASS,PASS,PASS
10,3,3,12,32,1,11,6,621,621,4,PASS,PASS,PASS
10,3,3,12,32,2,10,9,657,657,4,PASS,PASS,PASS
10,3,3,12,32,3,9,12,711,711,4,PASS,PASS,PASS
10,3,3,13,32,1,12,6,672,672,4,PASS,PASS,PASS
10,3,3,13,32,2,11,9,708,708,4,PASS,PASS,PASS
10,3,3,13,32,3,10,12,762,762,4,PASS,PASS,PASS
10,3,3,14,32,1,13,6,723,723,4,PASS,PASS,PASS
10,3,3,14,32,2,12,9,759,759,4,PASS,PASS,PASS
10,3,3,14,32,3,11,12,813,813,4,PASS,PASS,PASS
10,3,3,15,32,1,14,6,774,774,4,PASS,PASS,PASS
10,3,3,15,32,2,13,9,810,810,4,PASS,PASS,PASS
10,3,3,15,32,3,12,12,864,864,4,PASS,PASS,PASS
10,3,3,16,32,1,15,6,825,825,4,PASS,PASS,PASS
10,3,3,16,32,2,14,9,861,861,4,PASS,PASS,PASS
10,3,3,16,32,3,13,12,915,915,4,PASS,PASS,PASS
10,3,3,17,32,1,16,6,876,876,4,PASS,PASS,PASS
10,3,3,17,32,2,15,9,912,912,4,PASS,PASS,PASS
10,3,3,17,32,3,14,12,966,966,4,PASS,PASS,PASS
10,3,3,18,32,1,17,6,927,927,4,PASS,PASS,PASS
10,3,3,18,32,2,16,9,963,963,4,PASS,PASS,PASS
10,3,3,18,32,3,15,12,1017,1017,4,PASS,PASS,PASS
10,3,3,19,32,1,18,6,978,978,4,PASS,PASS,PASS
10,3,3,19,32,2,17,9,1014,1014,4,PASS,PASS,PASS
10,3,3,19,32,3,16,12,1068,1068,4,PASS,PASS,PASS
10,3,3,20,32,1,19,6,1029,1029,4,PASS,PASS,PASS
10,3,3,20,32,2,18,9,1065,1065,4,PASS,PASS,PASS
10,3,3,20,32,3,17,12,1119,1119,4,PASS,PASS,PASS
10,3,3,21,32,1,20,6,1080,1080,4,PASS,PASS,PASS
10,3,3,21,32,2,19,9,1116,1116,4,PASS,PASS,PASS
10,3,3,21,32,3,18,12,1170,1170,4,PASS,PASS,PASS
10,3,3,22,32,1,21,6,1131,1131,4,PASS,PASS,PASS
10,3,3,22,32,2,20,9,1167,1167,4,PASS,PASS,PASS
10,3,3,22,32,3,19,12,1221,1221,4,PASS,PASS,PASS
10,3,3,23,32,1,22,6,1182,1182,4,PASS,PASS,PASS
10,3,3,23,32,2,21,9,1218,1218,4,PASS,PASS,PASS
10,3,3,23,32,3,20,12,1272,1272,4,PASS,PASS,PASS
10,3,3,24,32,1,23,6,1233,1233,4,PASS,PASS,PASS
10,3,3,24,32,2,22,9,1269,1269,4,PASS,PASS,PASS
10,3,3,24,32,3,21,12,1323,1323,4,PASS,PASS,PASS
11,1,1,4,8,1,3,2,85,85,3,PASS,PASS,PASS
11,1,1,5,8,1,4,2,106,106,4,PASS,PASS,PASS
11,1,1,6,8,1,5,2,127,127,4,PASS,PASS,PASS
11,1,1,7,8,1,6,2,148,148,4,PASS,PASS,PASS
11,1,1,8,8,1,7,2,169,169,4,PASS,PASS,PASS
11,1,1,9,8,1,8,2,190,190,4,PASS,PASS,PASS
11,1,1,10,8,1,9,2,211,211,4,PASS,PASS,PASS
11,1,1,11,8,1,10,2,232,232,4,PASS,PASS,PASS
11,1,1,12,8,1,11,2,253,253,4,PASS,PASS,PASS
11,1,1,13,8,1,12,2,274,274,4,PASS,PASS,PASS
11,1,1,14,8,1,13,2,295,295,4,PASS,PASS,PASS
11,1,1,15,8,1,14,2,316,316,4,PASS,PASS,PASS
11,1,1,16,8,1,15,2,337,337,4,PASS,PASS,PASS
11,1,1,17,8,1,16,2,358,358,4,PASS,PASS,PASS
11,1,1,18,8,1,17,2,379,379,4,PASS,PASS,PASS
11,1,1,19,8,1,18,2,400,400,4,PASS,PASS,PASS
11,1,1,20,8,1,19,2,421,421,4,PASS,PASS,PASS
11,1,1,21,8,1,20,2,442,442,4,PASS,PASS,PASS
11,1,1,22,8,1,21,2,463,463,4,PASS,PASS,PASS
11,1,1,23,8,1,22,2,484,484,4,PASS,PASS,PASS
11,1,1,24,8,1,23,2,505,505,4,PASS,PASS,PASS
11,1,2,4,8,1,3,3,129,129,3,PASS,PASS,PASS
11,1,2,4,8,2,2,4,134,134,2,PASS,PASS,PASS
11,1,2,5,8,1,4,3,161,161,4,PASS,PASS,PASS
11,1,2,5,8,2,3,4,166,166,3,PASS,PASS,PASS
11,1,2,6,8,1,5,3,193,193,4,PASS,PASS,PASS
11,1,2,6,8,2,4,4,198,198,4,PASS,PASS,PASS
11,1,2,7,8,1,6,3,225,225,4,PASS,PASS,PASS
11,1,2,7,8,2,5,4,230,230,4,PASS,PASS,PASS
11,1,2,8,8,1,7,3,257,257,4,PASS,PASS,PASS
11,1,2,8,8,2,6,4,262,262,4,PASS,PASS,PASS
11,1,2,9,8,1,8,3,289,289,4,PASS,PASS,PASS
11,1,2,9,8,2,7,4,294,294,4,PASS,PASS,PASS
11,1,2,10,8,1,9,3,321,321,4,PASS,PASS,PASS
11,1,2,10,8,2,8,4,326,326,4,PASS,PASS,PASS
11,1,2,11,8,1,10,3,353,353,4,PASS,PASS,PASS
11,1,2,11,8,2,9,4,358,358,4,PASS,PASS,PASS
11,1,2,12,8,1,11,3,385,385,4,PASS,PASS,PASS
11,1,2,12,8,2,10,4,390,390,4,PASS,PASS,PASS
11,1,2,13,16,1,12,3,417,417,4,PASS,PASS,PASS
11,1,2,13,16,2,11,4,422,422,4,PASS,PASS,PASS
11,1,2,14,16,1,13,3,449,449,4,PASS,PASS,PASS
11,1,2,14,16,2,12,4,454,454,4,PASS,PASS,PASS
11,1,2,15,16,1,14,3,481,481,4,PASS,PASS,PASS
11,1,2,15,16,2,13,4,486,486,4,PASS,PASS,PASS
11,1,2,16,16,1,15,3,513,513,4,PASS,PASS,PASS
11,1,2,16,16,2,14,4,518,518,4,PASS,PASS,PASS
11,1,2,17,16,1,16,3,545,545,4,PASS,PASS,PASS
11,1,2,17,16,2,15,4,550,550,4,PASS,PASS,PASS
11,1,2,18,16,1,17,3,577,577,4,PASS,PASS,PASS
11,1,2,18,16,2,16,4,582,582,4,PASS,PASS,PASS
11,1,2,19,16,1,18,3,609,609,4,PASS,PASS,PASS
11,1,2,19,16,2,17,4,614,614,4,PASS,PASS,PASS
11,1,2,20,16,1,19,3,641,641,4,PASS,PASS,PASS
11,1,2,20,16,2,18,4,646,646,4,PASS,PASS,PASS
11,1,2,21,16,1,20,3,673,673,4,PASS,PASS,PASS
11,1,2,21,16,2,19,4,678,678,4,PASS,PASS,PASS
11,1,2,22,16,1,21,3,705,705,4,PASS,PASS,PASS
11,1,2,22,16,2,20,4,710,710,4,PASS,PASS,PASS
11,1,2,23,16,1,22,3,737,737,4,PASS,PASS,PASS
11,1,2,23,16,2,21,4,742,742,4,PASS,PASS,PASS
11,1,2,24,16,1,23,3,769,769,4,PASS,PASS,PASS
11,1,2,24,16,2,22,4,774,774,4,PASS,PASS,PASS
11,1,3,4,16,1,3,4,173,173,3,PASS,PASS,PASS
11,1,3,4,16,2,2,5,179,179,2,PASS,PASS,PASS
11,1,3,4,16,3,1,6,187,187,1,PASS,PASS,PASS
11,1,3,5,16,1,4,4,216,216,4,PASS,PASS,PASS
11,1,3,5,16,2,3,5,222,222,3,PASS,PASS,PASS
11,1,3,5,16,3,2,6,230,230,2,PASS,PASS,PASS
11,1,3,6,16,1,5,4,259,259,4,PASS,PASS,PASS
11,1,3,6,16,2,4,5,265,265,4,PASS,PASS,PASS
11,1,3,6,16,3,3,6,273,273,3,PASS,PASS,PASS
11,1,3,7,16,1,6,4,302,302,4,PASS,PASS,PASS
11,1,3,7,16,2,5,5,308,308,4,PASS,PASS,PASS
11,1,3,7,16,3,4,6,316,316,4,PASS,PASS,PASS
11,1,3,8,16,1,7,4,345,345,4,PASS,PASS,PASS
11,1,3,8,16,2,6,5,351,351,4,PASS,PASS,PASS
11,1,3,8,16,3,5,6,359,359,4,PASS,PASS,PASS
11,1,3,9,16,1,8,4,388,388,4,PASS,PASS,PASS
11,1,3,9,16,2,7,5,394,394,4,PASS,PASS,PASS
11,1,3,9,16,3,6,6,402,402,4,PASS,PASS,PASS
11,1,3,10,16,1,9,4,431,431,4,PASS,PASS,PASS
11,1,3,10,16,2,8,5,437,437,4,PASS,PASS,PASS
11,1,3,10,16,3,7,6,445,445,4,PASS,PASS,PASS
11,1,3,11,16,1,10,4,474,474,4,PASS,PASS,PASS
11,1,3,11,16,2,9,5,480,480,4,PASS,PASS,PASS
11,1,3,11,16,3,8,6,488,488,4,PASS,PASS,PASS
11,1,3,12,16,1,11,4,517,517,4,PASS,PASS,PASS
11,1,3,12,16,2,10,5,523,523,4,PASS,PASS,PASS
11,1,3,12,16,3,9,6,531,531,4,PASS,PASS,PASS
11,1,3,13,16,1,12,4,560,560,4,PASS,PASS,PASS
11,1,3,13,16,2,11,5,566,566,4,PASS,PASS,PASS
11,1,3,13,16,3,10,6,574,574,4,PASS,PASS,PASS
11,1,3,14,32,1,13,4,603,603,4,PASS,PASS,PASS
11,1,3,14,32,2,12,5,609,609,4,PASS,PASS,PASS
11,1,3,14,32,3,11,6,617,617,4,PASS,PASS,PASS
11,1,3,15,32,1,14,4,646,646,4,PASS,PASS,PASS
11,1,3,15,32,2,13,5,652,652,4,PASS,PASS,PASS
11,1,3,15,32,3,12,6,660,660,4,PASS,PASS,PASS
11,1,3,16,16,1,15,4,689,689,4,PASS,PASS,PASS
11,1,3,16,16,2,14,5,695,695,4,PASS,PASS,PASS
11,1,3,16,16,3,13,6,703,703,4,PASS,PASS,PASS
11,1,3,17,32,1,16,4,732,732,4,PASS,PASS,PASS
11,1,3,17,32,2,15,5,738,738,4,PASS,PASS,PASS
11,1,3,17,32,3,14,6,746,746,4,PASS,PASS,PASS
11,1,3,18,16,1,17,4,775,775,4,PASS,PASS,PASS
11,1,3,18,16,2,16,5,781,781,4,PASS,PASS,PASS
11,1,3,18,16,3,15,6,789,789,4,PASS,PASS,PASS
11,1,3,19,32,1,18,4,818,818,4,PASS,PASS,PASS
11,1,3,19,32,2,17,5,824,824,4,PASS,PASS,PASS
11,1,3,19,32,3,16,6,832,832,4,PASS,PASS,PASS
11,1,3,20,16,1,19,4,861,861,4,PASS,PASS,PASS
11,1,3,20,16,2,18,5,867,867,4,PASS,PASS,PASS
11,1,3,20,16,3,17,6,875,875,4,PASS,PASS,PASS
11,1,3,21,32,1,20,4,904,904,4,PASS,PASS,PASS
11,1,3,21,32,2,19,5,910,910,4,PASS,PASS,PASS
11,1,3,21,32,3,18,6,918,918,4,PASS,PASS,PASS
11,1,3,22,32,1,21,4,947,947,4,PASS,PASS,PASS
11,1,3,22,32,2,20,5,953,953,4,PASS,PASS,PASS
11,1,3,22,32,3,19,6,961,961,4,PASS,PASS,PASS
11,1,3,23,32,1,22,4,990,990,4,PASS,PASS,PASS
11,1,3,23,32,2,21,5,996,996,4,PASS,PASS,PASS
11,1,3,23,32,3,20,6,1004,1004,4,PASS,PASS,PASS
11,1,3,24,32,1,23,4,1033,1033,4,PASS,PASS,PASS
11,1,3,24,32,2,22,5,1039,1039,4,PASS,PASS,PASS
11,1,3,24,32,3,21,6,1047,1047,4,PASS,PASS,PASS
11,2,1,4,8,1,3,3,120,120,3,PASS,PASS,PASS
11,2,1,5,8,1,4,3,149,149,4,PASS,PASS,PASS
11,2,1,6,8,1,5,3,178,178,4,PASS,PASS,PASS
11,2,1,7,8,1,6,3,207,207,4,PASS,PASS,PASS
11,2,1,8,8,1,7,3,236,236,4,PASS,PASS,PASS
11,2,1,9,8,1,8,3,265,265,4,PASS,PASS,PASS
11,2,1,10,8,1,9,3,294,294,4,PASS,PASS,PASS
11,2,1,11,8,1,10,3,323,323,4,PASS,PASS,PASS
11,2,1,12,8,1,11,3,352,352,4,PASS,PASS,PASS
11,2,1,13,8,1,12,3,381,381,4,PASS,PASS,PASS
11,2,1,14,8,1,13,3,410,410,4,PASS,PASS,PASS
11,2,1,15,8,1,14,3,439,439,4,PASS,PASS,PASS
11,2,1,16,8,1,15,3,468,468,4,PASS,PASS,PASS
11,2,1,17,8,1,16,3,497,497,4,PASS,PASS,PASS
11,2,1,18,8,1,17,3,526,526,4,PASS,PASS,PASS
11,2,1,19,8,1,18,3,555,555,4,PASS,PASS,PASS
11,2,1,20,8,1,19,3,584,584,4,PASS,PASS,PASS
11,2,1,21,8,1,20,3,613,613,4,PASS,PASS,PASS
11,2,1,22,8,1,21,3,642,642,4,PASS,PASS,PASS
11,2,1,23,8,1,22,3,671,671,4,PASS,PASS,PASS
11,2,1,24,8,1,23,3,700,700,4,PASS,PASS,PASS
11,2,2,4,8,1,3,4,164,164,3,PASS,PASS,PASS
11,2,2,4,8,2,2,6,180,180,2,PASS,PASS,PASS
11,2,2,5,8,1,4,4,204,204,4,PASS,PASS,PASS
11,2,2,5,8,2,3,6,220,220,3,PASS,PASS,PASS
11,2,2,6,8,1,5,4,244,244,4,PASS,PASS,PASS
11,2,2,6,8,2,4,6,260,260,4,PASS,PASS,PASS
11,2,2,7,8,1,6,4,284,284,4,PASS,PASS,PASS
11,2,2,7,8,2,5,6,300,300,4,PASS,PASS,PASS
11,2,2,8,8,1,7,4,324,324,4,PASS,PASS,PASS
11,2,2,8,8,2,6,6,340,340,4,PASS,PASS,PASS
11,2,2,9,16,1,8,4,364,364,4,PASS,PASS,PASS
11,2,2,9,16,2,7,6,380,380,4,PASS,PASS,PASS
11,2,2,10,16,1,9,4,404,404,4,PASS,PASS,PASS
11,2,2,10,16,2,8,6,420,420,4,PASS,PASS,PASS
11,2,2,11,16,1,10,4,444,444,4,PASS,PASS,PASS
11,2,2,11,16,2,9,6,460,460,4,PASS,PASS,PASS
11,2,2,12,16,1,11,4,484,484,4,PASS,PASS,PASS
11,2,2,12,16,2,10,6,500,500,4,PASS,PASS,PASS
11,2,2,13,16,1,12,4,524,524,4,PASS,PASS,PASS
11,2,2,13,16,2,11,6,540,540,4,PASS,PASS,PASS
11,2,2,14,16,1,13,4,564,564,4,PASS,PASS,PASS
11,2,2,14,16,2,12,6,580,580,4,PASS,PASS,PASS
11,2,2,15,16,1,14,4,604,604,4,PASS,PASS,PASS
11,2,2,15,16,2,13,6,620,620,4,PASS,PASS,PASS
11,2,2,16,16,1,15,4,644,644,4,PASS,PASS,PASS
11,2,2,16,16,2,14,6,660,660,4,PASS,PASS,PASS
11,2,2,17,16,1,16,4,684,684,4,PASS,PASS,PASS
11,2,2,17,16,2,15,6,700,700,4,PASS,PASS,PASS
11,2,2,18,16,1,17,4,724,724,4,PASS,PASS,PASS
11,2,2,18,16,2,16,6,740,740,4,PASS,PASS,PASS
11,2,2,19,16,1,18,4,764,764,4,PASS,PASS,PASS
11,2,2,19,16,2,17,6,780,780,4,PASS,PASS,PASS
11,2,2,20,16,1,19,4,804,804,4,PASS,PASS,PASS
11,2,2,20,16,2,18,6,820,820,4,PASS,PASS,PASS
11,2,2,21,16,1,20,4,844,844,4,PASS,PASS,PASS
11,2,2,21,16,2,19,6,860,860,4,PASS,PASS,PASS
11,2,2,22,16,1,21,4,884,884,4,PASS,PASS,PASS
11,2,2,22,16,2,20,6,900,900,4,PASS,PASS,PASS
11,2,2,23,16,1,22,4,924,924,4,PASS,PASS,PASS
11,2,2,23,16,2,21,6,940,940,4,PASS,PASS,PASS
11,2,2,24,16,1,23,4,964,964,4,PASS,PASS,PASS
11,2,2,24,16,2,22,6,980,980,4,PASS,PASS,PASS
11,2,3,4,16,1,3,5,208,208,3,PASS,PASS,PASS
11,2,3,4,16,2,2,7,226,226,2,PASS,PASS,PASS
11,2,3,4,16,3,1,9,252,252,1,PASS,PASS,PASS
11,2,3,5,16,1,4,5,259,259,4,PASS,PASS,PASS
11,2,3,5,16,2,3,7,277,277,3,PASS,PASS,PASS
11,2,3,5,16,3,2,9,303,303,2,PASS,PASS,PASS
11,2,3,6,16,1,5,5,310,310,4,PASS,PASS,PASS
11,2,3,6,16,2,4,7,328,328,4,PASS,PASS,PASS
11,2,3,6,16,3,3,9,354,354,3,PASS,PASS,PASS
11,2,3,7,16,1,6,5,361,361,4,PASS,PASS,PASS
11,2,3,7,16,2,5,7,379,379,4,PASS,PASS,PASS
11,2,3,7,16,3,4,9,405,405,4,PASS,PASS,PASS
11,2,3,8,16,1,7,5,412,412,4,PASS,PASS,PASS
11,2,3,8,16,2,6,7,430,430,4,PASS,PASS,PASS
11,2,3,8,16,3,5,9,456,456,4,PASS,PASS,PASS
11,2,3,9,32,1,8,5,463,463,4,PASS,PASS,PASS
11,2,3,9,32,2,7,7,481,481,4,PASS,PASS,PASS
11,2,3,9,32,3,6,9,507,507,4,PASS,PASS,PASS
11,2,3,10,32,1,9,5,514,514,4,PASS,PASS,PASS
11,2,3,10,32,2,8,7,532,532,4,PASS,PASS,PASS
11,2,3,10,32,3,7,9,558,558,4,PASS,PASS,PASS
11,2,3,11,32,1,10,5,565,565,4,PASS,PASS,PASS
11,2,3,11,32,2,9,7,583,583,4,PASS,PASS,PASS
11,2,3,11,32,3,8,9,609,609,4,PASS,PASS,PASS
11,2,3,12,32,1,11,5,616,616,4,PASS,PASS,PASS
11,2,3,12,32,2,10,7,634,634,4,PASS,PASS,PASS
11,2,3,12,32,3,9,9,660,660,4,PASS,PASS,PASS
11,2,3,13,32,1,12,5,667,667,4,PASS,PASS,PASS
11,2,3,13,32,2,11,7,685,685,4,PASS,PASS,PASS
11,2,3,13,32,3,10,9,711,711,4,PASS,PASS,PASS
11,2,3,14,32,1,13,5,718,718,4,PASS,PASS,PASS
11,2,3,14,32,2,12,7,736,736,4,PASS,PASS,PASS
11,2,3,14,32,3,11,9,762,762,4,PASS,PASS,PASS
11,2,3,15,32,1,14,5,769,769,4,PASS,PASS,PASS
11,2,3,15,32,2,13,7,787,787,4,PASS,PASS,PASS
11,2,3,15,32,3,12,9,813,813,4,PASS,PASS,PASS
11,2,3,16,32,1,15,5,820,820,4,PASS,PASS,PASS
11,2,3,16,32,2,14,7,838,838,4,PASS,PASS,PASS
11,2,3,16,32,3,13,9,864,864,4,PASS,PASS,PASS
11,2,3,17,32,1,16,5,871,871,4,PASS,PASS,PASS
11,2,3,17,32,2,15,7,889,889,4,PASS,PASS,PASS
11,2,3,17,32,3,14,9,915,915,4,PASS,PASS,PASS
11,2,3,18,32,1,17,5,922,922,4,PASS,PASS,PASS
11,2,3,18,32,2,16,7,940,940,4,PASS,PASS,PASS
11,2,3,18,32,3,15,9,966,966,4,PASS,PASS,PASS
11,2,3,19,32,1,18,5,973,973,4,PASS,PASS,PASS
11,2,3,19,32,2,17,7,991,991,4,PASS,PASS,PASS
11,2,3,19,32,3,16,9,1017,1017,4,PASS,PASS,PASS
11,2,3,20,32,1,19,5,1024,1024,4,PASS,PASS,PASS
11,2,3,20,32,2,18,7,1042,1042,4,PASS,PASS,PASS
11,2,3,20,32,3,17,9,1068,1068,4,PASS,PASS,PASS
11,2,3,21,32,1,20,5,1075,1075,4,PASS,PASS,PASS
11,2,3,21,32,2,19,7,1093,1093,4,PASS,PASS,PASS
11,2,3,21,32,3,18,9,1119,1119,4,PASS,PASS,PASS
11,2,3,22,32,1,21,5,1126,1126,4,PASS,PASS,PASS
11,2,3,22,32,2,20,7,1144,1144,4,PASS,PASS,PASS
11,2,3,22,32,3,19,9,1170,1170,4,PASS,PASS,PASS
11,2,3,23,32,1,22,5,1177,1177,4,PASS,PASS,PASS
11,2,3,23,32,2,21,7,1195,1195,4,PASS,PASS,PASS
11,2,3,23,32,3,20,9,1221,1221,4,PASS,PASS,PASS
11,2,3,24,32,1,23,5,1228,1228,4,PASS,PASS,PASS
11,2,3,24,32,2,22,7,1246,1246,4,PASS,PASS,PASS
11,2,3,24,32,3,21,9,1272,1272,4,PASS,PASS,PASS
11,3,1,4,8,1,3,4,149,149,3,PASS,PASS,PASS
11,3,1,5,8,1,4,4,184,184,4,PASS,PASS,PASS
11,3,1,6,8,1,5,4,219,219,4,PASS,PASS,PASS
11,3,1,7,8,1,6,4,254,254,4,PASS,PASS,PASS
11,3,1,8,8,1,7,4,289,289,4,PASS,PASS,PASS
11,3,1,9,8,1,8,4,324,324,4,PASS,PASS,PASS
11,3,1,10,8,1,9,4,359,359,4,PASS,PASS,PASS
11,3,1,11,8,1,10,4,394,394,4,PASS,PASS,PASS
11,3,1,12,8,1,11,4,429,429,4,PASS,PASS,PASS
11,3,1,13,8,1,12,4,464,464,4,PASS,PASS,PASS
11,3,1,14,8,1,13,4,499,499,4,PASS,PASS,PASS
11,3,1,15,8,1,14,4,534,534,4,PASS,PASS,PASS
11,3,1,16,8,1,15,4,569,569,4,PASS,PASS,PASS
11,3,1,17,8,1,16,4,604,604,4,PASS,PASS,PASS
11,3,1,18,8,1,17,4,639,639,4,PASS,PASS,PASS
11,3,1,19,8,1,18,4,674,674,4,PASS,PASS,PASS
11,3,1,20,8,1,19,4,709,709,4,PASS,PASS,PASS
11,3,1,21,8,1,20,4,744,744,4,PASS,PASS,PASS
11,3,1,22,8,1,21,4,779,779,4,PASS,PASS,PASS
11,3,1,23,8,1,22,4,814,814,4,PASS,PASS,PASS
11,3,1,24,8,1,23,4,849,849,4,PASS,PASS,PASS
11,3,2,4,8,1,3,5,193,193,3,PASS,PASS,PASS
11,3,2,4,8,2,2,8,226,226,2,PASS,PASS,PASS
11,3,2,5,8,1,4,5,239,239,4,PASS,PASS,PASS
11,3,2,5,8,2,3,8,272,272,3,PASS,PASS,PASS
11,3,2,6,8,1,5,5,285,285,4,PASS,PASS,PASS
11,3,2,6,8,2,4,8,318,318,4,PASS,PASS,PASS
11,3,2,7,16,1,6,5,331,331,4,PASS,PASS,PASS
11,3,2,7,16,2,5,8,364,364,4,PASS,PASS,PASS
11,3,2,8,16,1,7,5,377,377,4,PASS,PASS,PASS
11,3,2,8,16,2,6,8,410,410,4,PASS,PASS,PASS
11,3,2,9,16,1,8,5,423,423,4,PASS,PASS,PASS
11,3,2,9,16,2,7,8,456,456,4,PASS,PASS,PASS
11,3,2,10,16,1,9,5,469,469,4,PASS,PASS,PASS
11,3,2,10,16,2,8,8,502,502,4,PASS,PASS,PASS
11,3,2,11,16,1,10,5,515,515,4,PASS,PASS,PASS
11,3,2,11,16,2,9,8,548,548,4,PASS,PASS,PASS
11,3,2,12,16,1,11,5,561,561,4,PASS,PASS,PASS
11,3,2,12,16,2,10,8,594,594,4,PASS,PASS,PASS
11,3,2,13,16,1,12,5,607,607,4,PASS,PASS,PASS
11,3,2,13,16,2,11,8,640,640,4,PASS,PASS,PASS
11,3,2,14,16,1,13,5,653,653,4,PASS,PASS,PASS
11,3,2,14,16,2,12,8,686,686,4,PASS,PASS,PASS
11,3,2,15,16,1,14,5,699,699,4,PASS,PASS,PASS
11,3,2,15,16,2,13,8,732,732,4,PASS,PASS,PASS
11,3,2,16,16,1,15,5,745,745,4,PASS,PASS,PASS
11,3,2,16,16,2,14,8,778,778,4,PASS,PASS,PASS
11,3,2,17,16,1,16,5,791,791,4,PASS,PASS,PASS
11,3,2,17,16,2,15,8,824,824,4,PASS,PASS,PASS
11,3,2,18,16,1,17,5,837,837,4,PASS,PASS,PASS
11,3,2,18,16,2,16,8,870,870,4,PASS,PASS,PASS
11,3,2,19,16,1,18,5,883,883,4,PASS,PASS,PASS
11,3,2,19,16,2,17,8,916,916,4,PASS,PASS,PASS
11,3,2,20,16,1,19,5,929,929,4,PASS,PASS,PASS
11,3,2,20,16,2,18,8,962,962,4,PASS,PASS,PASS
11,3,2,21,32,1,20,5,975,975,4,PASS,PASS,PASS
11,3,2,21,32,2,19,8,1008,1008,4,PASS,PASS,PASS
11,3,2,22,32,1,21,5,1021,1021,4,PASS,PASS,PASS
11,3,2,22,32,2,20,8,1054,1054,4,PASS,PASS,PASS
11,3,2,23,16,1,22,5,1067,1067,4,PASS,PASS,PASS
11,3,2,23,16,2,21,8,1100,1100,4,PASS,PASS,PASS
11,3,2,24,16,1,23,5,1113,1113,4,PASS,PASS,PASS
11,3,2,24,16,2,22,8,1146,1146,4,PASS,PASS,PASS
11,3,3,4,16,1,3,6,237,237,3,PASS,PASS,PASS
11,3,3,4,16,2,2,9,273,273,2,PASS,PASS,PASS
11,3,3,4,16,3,1,12,327,327,1,PASS,PASS,PASS
11,3,3,5,32,1,4,6,294,294,4,PASS,PASS,PASS
11,3,3,5,32,2,3,9,330,330,3,PASS,PASS,PASS
11,3,3,5,32,3,2,12,384,384,2,PASS,PASS,PASS
11,3,3,6,32,1,5,6,351,351,4,PASS,PASS,PASS
11,3,3,6,32,2,4,9,387,387,4,PASS,PASS,PASS
11,3,3,6,32,3,3,12,441,441,3,PASS,PASS,PASS
11,3,3,7,32,1,6,6,408,408,4,PASS,PASS,PASS
11,3,3,7,32,2,5,9,444,444,4,PASS,PASS,PASS
11,3,3,7,32,3,4,12,498,498,4,PASS,PASS,PASS
11,3,3,8,32,1,7,6,465,465,4,PASS,PASS,PASS
11,3,3,8,32,2,6,9,501,501,4,PASS,PASS,PASS
11,3,3,8,32,3,5,12,555,555,4,PASS,PASS,PASS
11,3,3,9,32,1,8,6,522,522,4,PASS,PASS,PASS
11,3,3,9,32,2,7,9,558,558,4,PASS,PASS,PASS
11,3,3,9,32,3,6,12,612,612,4,PASS,PASS,PASS
11,3,3,10,32,1,9,6,579,579,4,PASS,PASS,PASS
11,3,3,10,32,2,8,9,615,615,4,PASS,PASS,PASS
11,3,3,10,32,3,7,12,669,669,4,PASS,PASS,PASS
11,3,3,11,32,1,10,6,636,636,4,PASS,PASS,PASS
11,3,3,11,32,2,9,9,672,672,4,PASS,PASS,PASS
11,3,3,11,32,3,8,12,726,726,4,PASS,PASS,PASS
11,3,3,12,32,1,11,6,693,693,4,PASS,PASS,PASS
11,3,3,12,32,2,10,9,729,729,4,PASS,PASS,PASS
11,3,3,12,32,3,9,12,783,783,4,PASS,PASS,PASS
11,3,3,13,32,1,12,6,750,750,4,PASS,PASS,PASS
11,3,3,13,32,2,11,9,786,786,4,PASS,PASS,PASS
11,3,3,13,32,3,10,12,840,840,4,PASS,PASS,PASS
11,3,3,14,32,1,13,6,807,807,4,PASS,PASS,PASS
11,3,3,14,32,2,12,9,843,843,4,PASS,PASS,PASS
11,3,3,14,32,3,11,12,897,897,4,PASS,PASS,PASS
11,3,3,15,32,1,14,6,864,864,4,PASS,PASS,PASS
11,3,3,15,32,2,13,9,900,900,4,PASS,PASS,PASS
11,3,3,15,32,3,12,12,954,954,4,PASS,PASS,PASS
11,3,3,16,32,1,15,6,921,921,4,PASS,PASS,PASS
11,3,3,16,32,2,14,9,957,957,4,PASS,PASS,PASS
11,3,3,16,32,3,13,12,1011,1011,4,PASS,PASS,PASS
11,3,3,17,32,1,16,6,978,978,4,PASS,PASS,PASS
11,3,3,17,32,2,15,9,1014,1014,4,PASS,PASS,PASS
11,3,3,17,32,3,14,12,1068,1068,4,PASS,PASS,PASS
11,3,3,18,32,1,17,6,1035,1035,4,PASS,PASS,PASS
11,3,3,18,32,2,16,9,1071,1071,4,PASS,PASS,PASS
11,3,3,18,32,3,15,12,1125,1125,4,PASS,PASS,PASS
11,3,3,19,32,1,18,6,1092,1092,4,PASS,PASS,PASS
11,3,3,19,32,2,17,9,1128,1128,4,PASS,PASS,PASS
11,3,3,19,32,3,16,12,1182,1182,4,PASS,PASS,PASS
11,3,3,20,32,1,19,6,1149,1149,4,PASS,PASS,PASS
11,3,3,20,32,2,18,9,1185,1185,4,PASS,PASS,PASS
11,3,3,20,32,3,17,12,1239,1239,4,PASS,PASS,PASS
11,3,3,21,32,1,20,6,1206,1206,4,PASS,PASS,PASS
11,3,3,21,32,2,19,9,1242,1242,4,PASS,PASS,PASS
11,3,3,21,32,3,18,12,1296,1296,4,PASS,PASS,PASS
11,3,3,22,32,1,21,6,1263,1263,4,PASS,PASS,PASS
11,3,3,22,32,2,20,9,1299,1299,4,PASS,PASS,PASS
11,3,3,22,32,3,19,12,1353,1353,4,PASS,PASS,PASS
11,3,3,23,32,1,22,6,1320,1320,4,PASS,PASS,PASS
11,3,3,23,32,2,21,9,1356,1356,4,PASS,PASS,PASS
11,3,3,23,32,3,20,12,1410,1410,4,PASS,PASS,PASS
11,3,3,24,32,1,23,6,1377,1377,4,PASS,PASS,PASS
11,3,3,24,32,2,22,9,1413,1413,4,PASS,PASS,PASS
11,3,3,24,32,3,21,12,1467,1467,4,PASS,PASS,PASS
12,1,1,4,8,1,3,2,93,93,3,PASS,PASS,PASS
12,1,1,5,8,1,4,2,116,116,4,PASS,PASS,PASS
12,1,1,6,8,1,5,2,139,139,4,PASS,PASS,PASS
12,1,1,7,8,1,6,2,162,162,4,PASS,PASS,PASS
12,1,1,8,8,1,7,2,185,185,4,PASS,PASS,PASS
12,1,1,9,8,1,8,2,208,208,4,PASS,PASS,PASS
12,1,1,10,8,1,9,2,231,231,4,PASS,PASS,PASS
12,1,1,11,8,1,10,2,254,254,4,PASS,PASS,PASS
12,1,1,12,8,1,11,2,277,277,4,PASS,PASS,PASS
12,1,1,13,8,1,12,2,300,300,4,PASS,PASS,PASS
12,1,1,14,8,1,13,2,323,323,4,PASS,PASS,PASS
12,1,1,15,8,1,14,2,346,346,4,PASS,PASS,PASS
12,1,1,16,8,1,15,2,369,369,4,PASS,PASS,PASS
12,1,1,17,8,1,16,2,392,392,4,PASS,PASS,PASS
12,1,1,18,8,1,17,2,415,415,4,PASS,PASS,PASS
12,1,1,19,8,1,18,2,438,438,4,PASS,PASS,PASS
12,1,1,20,8,1,19,2,461,461,4,PASS,PASS,PASS
12,1,1,21,8,1,20,2,484,484,4,PASS,PASS,PASS
12,1,1,22,8,1,21,2,507,507,4,PASS,PASS,PASS
12,1,1,23,8,1,22,2,530,530,4,PASS,PASS,PASS
12,1,1,24,8,1,23,2,553,553,4,PASS,PASS,PASS
12,1,2,4,8,1,3,3,141,141,3,PASS,PASS,PASS
12,1,2,4,8,2,2,4,146,146,2,PASS,PASS,PASS
12,1,2,5,8,1,4,3,176,176,4,PASS,PASS,PASS
12,1,2,5,8,2,3,4,181,181,3,PASS,PASS,PASS
12,1,2,6,8,1,5,3,211,211,4,PASS,PASS,PASS
12,1,2,6,8,2,4,4,216,216,4,PASS,PASS,PASS
12,1,2,7,8,1,6,3,246,246,4,PASS,PASS,PASS
12,1,2,7,8,2,5,4,251,251,4,PASS,PASS,PASS
12,1,2,8,8,1,7,3,281,281,4,PASS,PASS,PASS
12,1,2,8,8,2,6,4,286,286,4,PASS,PASS,PASS
12,1,2,9,8,1,8,3,316,316,4,PASS,PASS,PASS
12,1,2,9,8,2,7,4,321,321,4,PASS,PASS,PASS
12,1,2,10,8,1,9,3,351,351,4,PASS,PASS,PASS
12,1,2,10,8,2,8,4,356,356,4,PASS,PASS,PASS
12,1,2,11,8,1,10,3,386,386,4,PASS,PASS,PASS
12,1,2,11,8,2,9,4,391,391,4,PASS,PASS,PASS
12,1,2,12,16,1,11,3,421,421,4,PASS,PASS,PASS
12,1,2,12,16,2,10,4,426,426,4,PASS,PASS,PASS
12,1,2,13,16,1,12,3,456,456,4,PASS,PASS,PASS
12,1,2,13,16,2,11,4,461,461,4,PASS,PASS,PASS
12,1,2,14,16,1,13,3,491,491,4,PASS,PASS,PASS
12,1,2,14,16,2,12,4,496,496,4,PASS,PASS,PASS
12,1,2,15,16,1,14,3,526,526,4,PASS,PASS,PASS
12,1,2,15,16,2,13,4,531,531,4,PASS,PASS,PASS
12,1,2,16,16,1,15,3,561,561,4,PASS,PASS,PASS
12,1,2,16,16,2,14,4,566,566,4,PASS,PASS,PASS
12,1,2,17,16,1,16,3,596,596,4,PASS,PASS,PASS
12,1,2,17,16,2,15,4,601,601,4,PASS,PASS,PASS
12,1,2,18,16,1,17,3,631,631,4,PASS,PASS,PASS
12,1,2,18,16,2,16,4,636,636,4,PASS,PASS,PASS
12,1,2,19,16,1,18,3,666,666,4,PASS,PASS,PASS
12,1,2,19,16,2,17,4,671,671,4,PASS,PASS,PASS
12,1,2,20,16,1,19,3,701,701,4,PASS,PASS,PASS
12,1,2,20,16,2,18,4,706,706,4,PASS,PASS,PASS
12,1,2,21,16,1,20,3,736,736,4,PASS,PASS,PASS
12,1,2,21,16,2,19,4,741,741,4,PASS,PASS,PASS
12,1,2,22,16,1,21,3,771,771,4,PASS,PASS,PASS
12,1,2,22,16,2,20,4,776,776,4,PASS,PASS,PASS
12,1,2,23,16,1,22,3,806,806,4,PASS,PASS,PASS
12,1,2,23,16,2,21,4,811,811,4,PASS,PASS,PASS
12,1,2,24,16,1,23,3,841,841,4,PASS,PASS,PASS
12,1,2,24,16,2,22,4,846,846,4,PASS,PASS,PASS
12,1,3,4,16,1,3,4,189,189,3,PASS,PASS,PASS
12,1,3,4,16,2,2,5,195,195,2,PASS,PASS,PASS
12,1,3,4,16,3,1,6,203,203,1,PASS,PASS,PASS
12,1,3,5,16,1,4,4,236,236,4,PASS,PASS,PASS
12,1,3,5,16,2,3,5,242,242,3,PASS,PASS,PASS
12,1,3,5,16,3,2,6,250,250,2,PASS,PASS,PASS
12,1,3,6,16,1,5,4,283,283,4,PASS,PASS,PASS
12,1,3,6,16,2,4,5,289,289,4,PASS,PASS,PASS
12,1,3,6,16,3,3,6,297,297,3,PASS,PASS,PASS
12,1,3,7,16,1,6,4,330,330,4,PASS,PASS,PASS
12,1,3,7,16,2,5,5,336,336,4,PASS,PASS,PASS
12,1,3,7,16,3,4,6,344,344,4,PASS,PASS,PASS
12,1,3,8,16,1,7,4,377,377,4,PASS,PASS,PASS
12,1,3,8,16,2,6,5,383,383,4,PASS,PASS,PASS
12,1,3,8,16,3,5,6,391,391,4,PASS,PASS,PASS
12,1,3,9,16,1,8,4,424,424,4,PASS,PASS,PASS
12,1,3,9,16,2,7,5,430,430,4,PASS,PASS,PASS
12,1,3,9,16,3,6,6,438,438,4,PASS,PASS,PASS
12,1,3,10,16,1,9,4,471,471,4,PASS,PASS,PASS
12,1,3,10,16,2,8,5,477,477,4,PASS,PASS,PASS
12,1,3,10,16,3,7,6,485,485,4,PASS,PASS,PASS
12,1,3,11,16,1,10,4,518,518,4,PASS,PASS,PASS
12,1,3,11,16,2,9,5,524,524,4,PASS,PASS,PASS
12,1,3,11,16,3,8,6,532,532,4,PASS,PASS,PASS
12,1,3,12,16,1,11,4,565,565,4,PASS,PASS,PASS
12,1,3,12,16,2,10,5,571,571,4,PASS,PASS,PASS
12,1,3,12,16,3,9,6,579,579,4,PASS,PASS,PASS
12,1,3,13,32,1,12,4,612,612,4,PASS,PASS,PASS
12,1,3,13,32,2,11,5,618,618,4,PASS,PASS,PASS
12,1,3,13,32,3,10,6,626,626,4,PASS,PASS,PASS
12,1,3,14,32,1,13,4,659,659,4,PASS,PASS,PASS
12,1,3,14,32,2,12,5,665,665,4,PASS,PASS,PASS
12,1,3,14,32,3,11,6,673,673,4,PASS,PASS,PASS
12,1,3,15,32,1,14,4,706,706,4,PASS,PASS,PASS
12,1,3,15,32,2,13,5,712,712,4,PASS,PASS,PASS
12,1,3,15,32,3,12,6,720,720,4,PASS,PASS,PASS
12,1,3,16,16,1,15,4,753,753,4,PASS,PASS,PASS
12,1,3,16,16,2,14,5,759,759,4,PASS,PASS,PASS
12,1,3,16,16,3,13,6,767,767,4,PASS,PASS,PASS
12,1,3,17,32,1,16,4,800,800,4,PASS,PASS,PASS
12,1,3,17,32,2,15,5,806,806,4,PASS,PASS,PASS
12,1,3,17,32,3,14,6,814,814,4,PASS,PASS,PASS
12,1,3,18,32,1,17,4,847,847,4,PASS,PASS,PASS
12,1,3,18,32,2,16,5,853,853,4,PASS,PASS,PASS
12,1,3,18,32,3,15,6,861,861,4,PASS,PASS,PASS
12,1,3,19,32,1,18,4,894,894,4,PASS,PASS,PASS
12,1,3,19,32,2,17,5,900,900,4,PASS,PASS,PASS
12,1,3,19,32,3,16,6,908,908,4,PASS,PASS,PASS
12,1,3,20,16,1,19,4,941,941,4,PASS,PASS,PASS
12,1,3,20,16,2,18,5,947,947,4,PASS,PASS,PASS
12,1,3,20,16,3,17,6,955,955,4,PASS,PASS,PASS
12,1,3,21,32,1,20,4,988,988,4,PASS,PASS,PASS
12,1,3,21,32,2,19,5,994,994,4,PASS,PASS,PASS
12,1,3,21,32,3,18,6,1002,1002,4,PASS,PASS,PASS
12,1,3,22,32,1,21,4,1035,1035,4,PASS,PASS,PASS
12,1,3,22,32,2,20,5,1041,1041,4,PASS,PASS,PASS
12,1,3,22,32,3,19,6,1049,1049,4,PASS,PASS,PASS
12,1,3,23,32,1,22,4,1082,1082,4,PASS,PASS,PASS
12,1,3,23,32,2,21,5,1088,1088,4,PASS,PASS,PASS
12,1,3,23,32,3,20,6,1096,1096,4,PASS,PASS,PASS
12,1,3,24,32,1,23,4,1129,1129,4,PASS,PASS,PASS
12,1,3,24,32,2,22,5,1135,1135,4,PASS,PASS,PASS
12,1,3,24,32,3,21,6,1143,1143,4,PASS,PASS,PASS
12,2,1,4,8,1,3,3,132,132,3,PASS,PASS,PASS
12,2,1,5,8,1,4,3,164,164,4,PASS,PASS,PASS
12,2,1,6,8,1,5,3,196,196,4,PASS,PASS,PASS
12,2,1,7,8,1,6,3,228,228,4,PASS,PASS,PASS
12,2,1,8,8,1,7,3,260,260,4,PASS,PASS,PASS
12,2,1,9,8,1,8,3,292,292,4,PASS,PASS,PASS
12,2,1,10,8,1,9,3,324,324,4,PASS,PASS,PASS
12,2,1,11,8,1,10,3,356,356,4,PASS,PASS,PASS
12,2,1,12,8,1,11,3,388,388,4,PASS,PASS,PASS
12,2,1,13,8,1,12,3,420,420,4,PASS,PASS,PASS
12,2,1,14,8,1,13,3,452,452,4,PASS,PASS,PASS
12,2,1,15,8,1,14,3,484,484,4,PASS,PASS,PASS
12,2,1,16,8,1,15,3,516,516,4,PASS,PASS,PASS
12,2,1,17,8,1,16,3,548,548,4,PASS,PASS,PASS
12,2,1,18,8,1,17,3,580,580,4,PASS,PASS,PASS
12,2,1,19,8,1,18,3,612,612,4,PASS,PASS,PASS
12,2,1,20,8,1,19,3,644,644,4,PASS,PASS,PASS
12,2,1,21,8,1,20,3,676,676,4,PASS,PASS,PASS
12,2,1,22,8,1,21,3,708,708,4,PASS,PASS,PASS
12,2,1,23,8,1,22,3,740,740,4,PASS,PASS,PASS
12,2,1,24,8,1,23,3,772,772,4,PASS,PASS,PASS
12,2,2,4,8,1,3,4,180,180,3,PASS,PASS,PASS
12,2,2,4,8,2,2,6,196,196,2,PASS,PASS,PASS
12,2,2,5,8,1,4,4,224,224,4,PASS,PASS,PASS
12,2,2,5,8,2,3,6,240,240,3,PASS,PASS,PASS
12,2,2,6,8,1,5,4,268,268,4,PASS,PASS,PASS
12,2,2,6,8,2,4,6,284,284,4,PASS,PASS,PASS
12,2,2,7,8,1,6,4,312,312,4,PASS,PASS,PASS
12,2,2,7,8,2,5,6,328,328,4,PASS,PASS,PASS
12,2,2,8,16,1,7,4,356,356,4,PASS,PASS,PASS
12,2,2,8,16,2,6,6,372,372,4,PASS,PASS,PASS
12,2,2,9,16,1,8,4,400,400,4,PASS,PASS,PASS
12,2,2,9,16,2,7,6,416,416,4,PASS,PASS,PASS
12,2,2,10,16,1,9,4,444,444,4,PASS,PASS,PASS
12,2,2,10,16,2,8,6,460,460,4,PASS,PASS,PASS
12,2,2,11,16,1,10,4,488,488,4,PASS,PASS,PASS
12,2,2,11,16,2,9,6,504,504,4,PASS,PASS,PASS
12,2,2,12,16,1,11,4,532,532,4,PASS,PASS,PASS
12,2,2,12,16,2,10,6,548,548,4,PASS,PASS,PASS
12,2,2,13,16,1,12,4,576,576,4,PASS,PASS,PASS
12,2,2,13,16,2,11,6,592,592,4,PASS,PASS,PASS
12,2,2,14,16,1,13,4,620,620,4,PASS,PASS,PASS
12,2,2,14,16,2,12,6,636,636,4,PASS,PASS,PASS
12,2,2,15,16,1,14,4,664,664,4,PASS,PASS,PASS
12,2,2,15,16,2,13,6,680,680,4,PASS,PASS,PASS
12,2,2,16,16,1,15,4,708,708,4,PASS,PASS,PASS
12,2,2,16,16,2,14,6,724,724,4,PASS,PASS,PASS
12,2,2,17,16,1,16,4,752,752,4,PASS,PASS,PASS
12,2,2,17,16,2,15,6,768,768,4,PASS,PASS,PASS
12,2,2,18,16,1,17,4,796,796,4,PASS,PASS,PASS
12,2,2,18,16,2,16,6,812,812,4,PASS,PASS,PASS
12,2,2,19,16,1,18,4,840,840,4,PASS,PASS,PASS
12,2,2,19,16,2,17,6,856,856,4,PASS,PASS,PASS
12,2,2,20,16,1,19,4,884,884,4,PASS,PASS,PASS
12,2,2,20,16,2,18,6,900,900,4,PASS,PASS,PASS
12,2,2,21,16,1,20,4,928,928,4,PASS,PASS,PASS
12,2,2,21,16,2,19,6,944,944,4,PASS,PASS,PASS
12,2,2,22,16,1,21,4,972,972,4,PASS,PASS,PASS
12,2,2,22,16,2,20,6,988,988,4,PASS,PASS,PASS
12,2,2,23,16,1,22,4,1016,1016,4,PASS,PASS,PASS
12,2,2,23,16,2,21,6,1032,1032,4,PASS,PASS,PASS
12,2,2,24,16,1,23,4,1060,1060,4,PASS,PASS,PASS
12,2,2,24,16,2,22,6,1076,1076,4,PASS,PASS,PASS
12,2,3,4,16,1,3,5,228,228,3,PASS,PASS,PASS
12,2,3,4,16,2,2,7,246,246,2,PASS,PASS,PASS
12,2,3,4,16,3,1,9,272,272,1,PASS,PASS,PASS
12,2,3,5,16,1,4,5,284,284,4,PASS,PASS,PASS
12,2,3,5,16,2,3,7,302,302,3,PASS,PASS,PASS
12,2,3,5,16,3,2,9,328,328,2,PASS,PASS,PASS
12,2,3,6,16,1,5,5,340,340,4,PASS,PASS,PASS
12,2,3,6,16,2,4,7,358,358,4,PASS,PASS,PASS
12,2,3,6,16,3,3,9,384,384,3,PASS,PASS,PASS
12,2,3,7,32,1,6,5,396,396,4,PASS,PASS,PASS
12,2,3,7,32,2,5,7,414,414,4,PASS,PASS,PASS
12,2,3,7,32,3,4,9,440,440,4,PASS,PASS,PASS
12,2,3,8,16,1,7,5,452,452,4,PASS,PASS,PASS
12,2,3,8,16,2,6,7,470,470,4,PASS,PASS,PASS
12,2,3,8,16,3,5,9,496,496,4,PASS,PASS,PASS
12,2,3,9,32,1,8,5,508,508,4,PASS,PASS,PASS
12,2,3,9,32,2,7,7,526,526,4,PASS,PASS,PASS
12,2,3,9,32,3,6,9,552,552,4,PASS,PASS,PASS
12,2,3,10,32,1,9,5,564,564,4,PASS,PASS,PASS
12,2,3,10,32,2,8,7,582,582,4,PASS,PASS,PASS
12,2,3,10,32,3,7,9,608,608,4,PASS,PASS,PASS
12,2,3,11,32,1,10,5,620,620,4,PASS,PASS,PASS
12,2,3,11,32,2,9,7,638,638,4,PASS,PASS,PASS
12,2,3,11,32,3,8,9,664,664,4,PASS,PASS,PASS
12,2,3,12,32,1,11,5,676,676,4,PASS,PASS,PASS
12,2,3,12,32,2,10,7,694,694,4,PASS,PASS,PASS
12,2,3,12,32,3,9,9,720,720,4,PASS,PASS,PASS
12,2,3,13,32,1,12,5,732,732,4,PASS,PASS,PASS
12,2,3,13,32,2,11,7,750,750,4,PASS,PASS,PASS
12,2,3,13,32,3,10,9,776,776,4,PASS,PASS,PASS
12,2,3,14,32,1,13,5,788,788,4,PASS,PASS,PASS
12,2,3,14,32,2,12,7,806,806,4,PASS,PASS,PASS
12,2,3,14,32,3,11,9,832,832,4,PASS,PASS,PASS
12,2,3,15,32,1,14,5,844,844,4,PASS,PASS,PASS
12,2,3,15,32,2,13,7,862,862,4,PASS,PASS,PASS
12,2,3,15,32,3,12,9,888,888,4,PASS,PASS,PASS
12,2,3,16,32,1,15,5,900,900,4,PASS,PASS,PASS
12,2,3,16,32,2,14,7,918,918,4,PASS,PASS,PASS
12,2,3,16,32,3,13,9,944,944,4,PASS,PASS,PASS
12,2,3,17,32,1,16,5,956,956,4,PASS,PASS,PASS
12,2,3,17,32,2,15,7,974,974,4,PASS,PASS,PASS
12,2,3,17,32,3,14,9,1000,1000,4,PASS,PASS,PASS
12,2,3,18,32,1,17,5,1012,1012,4,PASS,PASS,PASS
12,2,3,18,32,2,16,7,1030,1030,4,PASS,PASS,PASS
12,2,3,18,32,3,15,9,1056,1056,4,PASS,PASS,PASS
12,2,3,19,32,1,18,5,1068,1068,4,PASS,PASS,PASS
12,2,3,19,32,2,17,7,1086,1086,4,PASS,PASS,PASS
12,2,3,19,32,3,16,9,1112,1112,4,PASS,PASS,PASS
12,2,3,20,32,1,19,5,1124,1124,4,PASS,PASS,PASS
12,2,3,20,32,2,18,7,1142,1142,4,PASS,PASS,PASS
12,2,3,20,32,3,17,9,1168,1168,4,PASS,PASS,PASS
12,2,3,21,32,1,20,5,1180,1180,4,PASS,PASS,PASS
12,2,3,21,32,2,19,7,1198,1198,4,PASS,PASS,PASS
12,2,3,21,32,3,18,9,1224,1224,4,PASS,PASS,PASS
12,2,3,22,32,1,21,5,1236,1236,4,PASS,PASS,PASS
12,2,3,22,32,2,20,7,1254,1254,4,PASS,PASS,PASS
12,2,3,22,32,3,19,9,1280,1280,4,PASS,PASS,PASS
12,2,3,23,32,1,22,5,1292,1292,4,PASS,PASS,PASS
12,2,3,23,32,2,21,7,1310,1310,4,PASS,PASS,PASS
12,2,3,23,32,3,20,9,1336,1336,4,PASS,PASS,PASS
12,2,3,24,32,1,23,5,1348,1348,4,PASS,PASS,PASS
12,2,3,24,32,2,22,7,1366,1366,4,PASS,PASS,PASS
12,2,3,24,32,3,21,9,1392,1392,4,PASS,PASS,PASS
12,3,1,4,8,1,3,4,165,165,3,PASS,PASS,PASS
12,3,1,5,8,1,4,4,204,204,4,PASS,PASS,PASS
12,3,1,6,8,1,5,4,243,243,4,PASS,PASS,PASS
12,3,1,7,8,1,6,4,282,282,4,PASS,PASS,PASS
12,3,1,8,8,1,7,4,321,321,4,PASS,PASS,PASS
12,3,1,9,8,1,8,4,360,360,4,PASS,PASS,PASS
12,3,1,10,8,1,9,4,399,399,4,PASS,PASS,PASS
12,3,1,11,8,1,10,4,438,438,4,PASS,PASS,PASS
12,3,1,12,8,1,11,4,477,477,4,PASS,PASS,PASS
12,3,1,13,8,1,12,4,516,516,4,PASS,PASS,PASS
12,3,1,14,8,1,13,4,555,555,4,PASS,PASS,PASS
12,3,1,15,8,1,14,4,594,594,4,PASS,PASS,PASS
12,3,1,16,8,1,15,4,633,633,4,PASS,PASS,PASS
12,3,1,17,8,1,16,4,672,672,4,PASS,PASS,PASS
12,3,1,18,8,1,17,4,711,711,4,PASS,PASS,PASS
12,3,1,19,8,1,18,4,750,750,4,PASS,PASS,PASS
12,3,1,20,8,1,19,4,789,789,4,PASS,PASS,PASS
12,3,1,21,8,1,20,4,828,828,4,PASS,PASS,PASS
12,3,1,22,8,1,21,4,867,867,4,PASS,PASS,PASS
12,3,1,23,8,1,22,4,906,906,4,PASS,PASS,PASS
12,3,1,24,8,1,23,4,945,945,4,PASS,PASS,PASS
12,3,2,4,8,1,3,5,213,213,3,PASS,PASS,PASS
12,3,2,4,8,2,2,8,246,246,2,PASS,PASS,PASS
12,3,2,5,8,1,4,5,264,264,4,PASS,PASS,PASS
12,3,2,5,8,2,3,8,297,297,3,PASS,PASS,PASS
12,3,2,6,8,1,5,5,315,315,4,PASS,PASS,PASS
12,3,2,6,8,2,4,8,348,348,4,PASS,PASS,PASS
12,3,2,7,8,1,6,5,366,366,4,PASS,PASS,PASS
12,3,2,7,8,2,5,8,399,399,4,PASS,PASS,PASS
12,3,2,8,8,1,7,5,417,417,4,PASS,PASS,PASS
12,3,2,8,8,2,6,8,450,450,4,PASS,PASS,PASS
12,3,2,9,8,1,8,5,468,468,4,PASS,PASS,PASS
12,3,2,9,8,2,7,8,501,501,4,PASS,PASS,PASS
12,3,2,10,8,1,9,5,519,519,4,PASS,PASS,PASS
12,3,2,10,8,2,8,8,552,552,4,PASS,PASS,PASS
12,3,2,11,8,1,10,5,570,570,4,PASS,PASS,PASS
12,3,2,11,8,2,9,8,603,603,4,PASS,PASS,PASS
12,3,2,12,8,1,11,5,621,621,4,PASS,PASS,PASS
12,3,2,12,8,2,10,8,654,654,4,PASS,PASS,PASS
12,3,2,13,8,1,12,5,672,672,4,PASS,PASS,PASS
12,3,2,13,8,2,11,8,705,705,4,PASS,PASS,PASS
12,3,2,14,8,1,13,5,723,723,4,PASS,PASS,PASS
12,3,2,14,8,2,12,8,756,756,4,PASS,PASS,PASS
12,3,2,15,8,1,14,5,774,774,4,PASS,PASS,PASS
12,3,2,15,8,2,13,8,807,807,4,PASS,PASS,PASS
12,3,2,16,8,1,15,5,825,825,4,PASS,PASS,PASS
12,3,2,16,8,2,14,8,858,858,4,PASS,PASS,PASS
12,3,2,17,16,1,16,5,876,876,4,PASS,PASS,PASS
12,3,2,17,16,2,15,8,909,909,4,PASS,PASS,PASS
12,3,2,18,16,1,17,5,927,927,4,PASS,PASS,PASS
12,3,2,18,16,2,16,8,960,960,4,PASS,PASS,PASS
12,3,2,19,16,1,18,5,978,978,4,PASS,PASS,PASS
12,3,2,19,16,2,17,8,1011,1011,4,PASS,PASS,PASS
12,3,2,20,16,1,19,5,1029,1029,4,PASS,PASS,PASS
12,3,2,20,16,2,18,8,1062,1062,4,PASS,PASS,PASS
12,3,2,21,16,1,20,5,1080,1080,4,PASS,PASS,PASS
12,3,2,21,16,2,19,8,1113,1113,4,PASS,PASS,PASS
12,3,2,22,16,1,21,5,1131,1131,4,PASS,PASS,PASS
12,3,2,22,16,2,20,8,1164,1164,4,PASS,PASS,PASS
12,3,2,23,32,1,22,5,1182,1182,4,PASS,PASS,PASS
12,3,2,23,32,2,21,8,1215,1215,4,PASS,PASS,PASS
12,3,2,24,16,1,23,5,1233,1233,4,PASS,PASS,PASS
12,3,2,24,16,2,22,8,1266,1266,4,PASS,PASS,PASS
12,3,3,4,16,1,3,6,261,261,3,PASS,PASS,PASS
12,3,3,4,16,2,2,9,297,297,2,PASS,PASS,PASS
12,3,3,4,16,3,1,12,351,351,1,PASS,PASS,PASS
12,3,3,5,32,1,4,6,324,324,4,PASS,PASS,PASS
12,3,3,5,32,2,3,9,360,360,3,PASS,PASS,PASS
12,3,3,5,32,3,2,12,414,414,2,PASS,PASS,PASS
12,3,3,6,32,1,5,6,387,387,4,PASS,PASS,PASS
12,3,3,6,32,2,4,9,423,423,4,PASS,PASS,PASS
12,3,3,6,32,3,3,12,477,477,3,PASS,PASS,PASS
12,3,3,7,32,1,6,6,450,450,4,PASS,PASS,PASS
12,3,3,7,32,2,5,9,486,486,4,PASS,PASS,PASS
12,3,3,7,32,3,4,12,540,540,4,PASS,PASS,PASS
12,3,3,8,32,1,7,6,513,513,4,PASS,PASS,PASS
12,3,3,8,32,2,6,9,549,549,4,PASS,PASS,PASS
12,3,3,8,32,3,5,12,603,603,4,PASS,PASS,PASS
12,3,3,9,32,1,8,6,576,576,4,PASS,PASS,PASS
12,3,3,9,32,2,7,9,612,612,4,PASS,PASS,PASS
12,3,3,9,32,3,6,12,666,666,4,PASS,PASS,PASS
12,3,3,10,32,1,9,6,639,639,4,PASS,PASS,PASS
12,3,3,10,32,2,8,9,675,675,4,PASS,PASS,PASS
12,3,3,10,32,3,7,12,729,729,4,PASS,PASS,PASS
12,3,3,11,32,1,10,6,702,702,4,PASS,PASS,PASS
12,3,3,11,32,2,9,9,738,738,4,PASS,PASS,PASS
12,3,3,11,32,3,8,12,792,792,4,PASS,PASS,PASS
12,3,3,12,32,1,11,6,765,765,4,PASS,PASS,PASS
12,3,3,12,32,2,10,9,801,801,4,PASS,PASS,PASS
12,3,3,12,32,3,9,12,855,855,4,PASS,PASS,PASS
12,3,3,13,32,1,12,6,828,828,4,PASS,PASS,PASS
12,3,3,13,32,2,11,9,864,864,4,PASS,PASS,PASS
12,3,3,13,32,3,10,12,918,918,4,PASS,PASS,PASS
12,3,3,14,32,1,13,6,891,891,4,PASS,PASS,PASS
12,3,3,14,32,2,12,9,927,927,4,PASS,PASS,PASS
12,3,3,14,32,3,11,12,981,981,4,PASS,PASS,PASS
12,3,3,15,32,1,14,6,954,954,4,PASS,PASS,PASS
12,3,3,15,32,2,13,9,990,990,4,PASS,PASS,PASS
12,3,3,15,32,3,12,12,1044,1044,4,PASS,PASS,PASS
12,3,3,16,32,1,15,6,1017,1017,4,PASS,PASS,PASS
12,3,3,16,32,2,14,9,1053,1053,4,PASS,PASS,PASS
12,3,3,16,32,3,13,12,1107,1107,4,PASS,PASS,PASS
12,3,3,17,32,1,16,6,1080,1080,4,PASS,PASS,PASS
12,3,3,17,32,2,15,9,1116,1116,4,PASS,PASS,PASS
12,3,3,17,32,3,14,12,1170,1170,4,PASS,PASS,PASS
12,3,3,18,32,1,17,6,1143,1143,4,PASS,PASS,PASS
12,3,3,18,32,2,16,9,1179,1179,4,PASS,PASS,PASS
12,3,3,18,32,3,15,12,1233,1233,4,PASS,PASS,PASS
12,3,3,19,32,1,18,6,1206,1206,4,PASS,PASS,PASS
12,3,3,19,32,2,17,9,1242,1242,4,PASS,PASS,PASS
12,3,3,19,32,3,16,12,1296,1296,4,PASS,PASS,PASS
12,3,3,20,32,1,19,6,1269,1269,4,PASS,PASS,PASS
12,3,3,20,32,2,18,9,1305,1305,4,PASS,PASS,PASS
12,3,3,20,32,3,17,12,1359,1359,4,PASS,PASS,PASS
12,3,3,21,32,1,20,6,1332,1332,4,PASS,PASS,PASS
12,3,3,21,32,2,19,9,1368,1368,4,PASS,PASS,PASS
12,3,3,21,32,3,18,12,1422,1422,4,PASS,PASS,PASS
12,3,3,22,32,1,21,6,1395,1395,4,PASS,PASS,PASS
12,3,3,22,32,2,20,9,1431,1431,4,PASS,PASS,PASS
12,3,3,22,32,3,19,12,1485,1485,4,PASS,PASS,PASS
12,3,3,23,32,1,22,6,1458,1458,4,PASS,PASS,PASS
12,3,3,23,32,2,21,9,1494,1494,4,PASS,PASS,PASS
12,3,3,23,32,3,20,12,1548,1548,4,PASS,PASS,PASS
12,3,3,24,32,1,23,6,1521,1521,4,PASS,PASS,PASS
12,3,3,24,32,2,22,9,1557,1557,4,PASS,PASS,PASS
12,3,3,24,32,3,21,12,1611,1611,4,PASS,PASS,PASS
13,1,1,4,8,1,3,2,101,101,3,PASS,PASS,PASS
13,1,1,5,8,1,4,2,126,126,4,PASS,PASS,PASS
13,1,1,6,8,1,5,2,151,151,4,PASS,PASS,PASS
13,1,1,7,8,1,6,2,176,176,4,PASS,PASS,PASS
13,1,1,8,8,1,7,2,201,201,4,PASS,PASS,PASS
13,1,1,9,8,1,8,2,226,226,4,PASS,PASS,PASS
13,1,1,10,8,1,9,2,251,251,4,PASS,PASS,PASS
13,1,1,11,8,1,10,2,276,276,4,PASS,PASS,PASS
13,1,1,12,8,1,11,2,301,301,4,PASS,PASS,PASS
13,1,1,13,8,1,12,2,326,326,4,PASS,PASS,PASS
13,1,1,14,8,1,13,2,351,351,4,PASS,PASS,PASS
13,1,1,15,8,1,14,2,376,376,4,PASS,PASS,PASS
13,1,1,16,8,1,15,2,401,401,4,PASS,PASS,PASS
13,1,1,17,8,1,16,2,426,426,4,PASS,PASS,PASS
13,1,1,18,8,1,17,2,451,451,4,PASS,PASS,PASS
13,1,1,19,8,1,18,2,476,476,4,PASS,PASS,PASS
13,1,1,20,8,1,19,2,501,501,4,PASS,PASS,PASS
13,1,1,21,8,1,20,2,526,526,4,PASS,PASS,PASS
13,1,1,22,8,1,21,2,551,551,4,PASS,PASS,PASS
13,1,1,23,8,1,22,2,576,576,4,PASS,PASS,PASS
13,1,1,24,8,1,23,2,601,601,4,PASS,PASS,PASS
13,1,2,4,8,1,3,3,153,153,3,PASS,PASS,PASS
13,1,2,4,8,2,2,4,158,158,2,PASS,PASS,PASS
13,1,2,5,8,1,4,3,191,191,4,PASS,PASS,PASS
13,1,2,5,8,2,3,4,196,196,3,PASS,PASS,PASS
13,1,2,6,8,1,5,3,229,229,4,PASS,PASS,PASS
13,1,2,6,8,2,4,4,234,234,4,PASS,PASS,PASS
13,1,2,7,8,1,6,3,267,267,4,PASS,PASS,PASS
13,1,2,7,8,2,5,4,272,272,4,PASS,PASS,PASS
13,1,2,8,8,1,7,3,305,305,4,PASS,PASS,PASS
13,1,2,8,8,2,6,4,310,310,4,PASS,PASS,PASS
13,1,2,9,8,1,8,3,343,343,4,PASS,PASS,PASS
13,1,2,9,8,2,7,4,348,348,4,PASS,PASS,PASS
13,1,2,10,8,1,9,3,381,381,4,PASS,PASS,PASS
13,1,2,10,8,2,8,4,386,386,4,PASS,PASS,PASS
13,1,2,11,16,1,10,3,419,419,4,PASS,PASS,PASS
13,1,2,11,16,2,9,4,424,424,4,PASS,PASS,PASS
13,1,2,12,16,1,11,3,457,457,4,PASS,PASS,PASS
13,1,2,12,16,2,10,4,462,462,4,PASS,PASS,PASS
13,1,2,13,16,1,12,3,495,495,4,PASS,PASS,PASS
13,1,2,13,16,2,11,4,500,500,4,PASS,PASS,PASS
13,1,2,14,16,1,13,3,533,533,4,PASS,PASS,PASS
13,1,2,14,16,2,12,4,538,538,4,PASS,PASS,PASS
13,1,2,15,16,1,14,3,571,571,4,PASS,PASS,PASS
13,1,2,15,16,2,13,4,576,576,4,PASS,PASS,PASS
13,1,2,16,16,1,15,3,609,609,4,PASS,PASS,PASS
13,1,2,16,16,2,14,4,614,614,4,PASS,PASS,PASS
13,1,2,17,16,1,16,3,647,647,4,PASS,PASS,PASS
13,1,2,17,16,2,15,4,652,652,4,PASS,PASS,PASS
13,1,2,18,16,1,17,3,685,685,4,PASS,PASS,PASS
13,1,2,18,16,2,16,4,690,690,4,PASS,PASS,PASS
13,1,2,19,16,1,18,3,723,723,4,PASS,PASS,PASS
13,1,2,19,16,2,17,4,728,728,4,PASS,PASS,PASS
13,1,2,20,16,1,19,3,761,761,4,PASS,PASS,PASS
13,1,2,20,16,2,18,4,766,766,4,PASS,PASS,PASS
13,1,2,21,16,1,20,3,799,799,4,PASS,PASS,PASS
13,1,2,21,16,2,19,4,804,804,4,PASS,PASS,PASS
13,1,2,22,16,1,21,3,837,837,4,PASS,PASS,PASS
13,1,2,22,16,2,20,4,842,842,4,PASS,PASS,PASS
13,1,2,23,16,1,22,3,875,875,4,PASS,PASS,PASS
13,1,2,23,16,2,21,4,880,880,4,PASS,PASS,PASS
13,1,2,24,16,1,23,3,913,913,4,PASS,PASS,PASS
13,1,2,24,16,2,22,4,918,918,4,PASS,PASS,PASS
13,1,3,4,16,1,3,4,205,205,3,PASS,PASS,PASS
13,1,3,4,16,2,2,5,211,211,2,PASS,PASS,PASS
13,1,3,4,16,3,1,6,219,219,1,PASS,PASS,PASS
13,1,3,5,16,1,4,4,256,256,4,PASS,PASS,PASS
13,1,3,5,16,2,3,5,262,262,3,PASS,PASS,PASS
13,1,3,5,16,3,2,6,270,270,2,PASS,PASS,PASS
13,1,3,6,16,1,5,4,307,307,4,PASS,PASS,PASS
13,1,3,6,16,2,4,5,313,313,4,PASS,PASS,PASS
13,1,3,6,16,3,3,6,321,321,3,PASS,PASS,PASS
13,1,3,7,16,1,6,4,358,358,4,PASS,PASS,PASS
13,1,3,7,16,2,5,5,364,364,4,PASS,PASS,PASS
13,1,3,7,16,3,4,6,372,372,4,PASS,PASS,PASS
13,1,3,8,16,1,7,4,409,409,4,PASS,PASS,PASS
13,1,3,8,16,2,6,5,415,415,4,PASS,PASS,PASS
13,1,3,8,16,3,5,6,423,423,4,PASS,PASS,PASS
13,1,3,9,16,1,8,4,460,460,4,PASS,PASS,PASS
13,1,3,9,16,2,7,5,466,466,4,PASS,PASS,PASS
13,1,3,9,16,3,6,6,474,474,4,PASS,PASS,PASS
13,1,3,10,16,1,9,4,511,511,4,PASS,PASS,PASS
13,1,3,10,16,2,8,5,517,517,4,PASS,PASS,PASS
13,1,3,10,16,3,7,6,525,525,4,PASS,PASS,PASS
13,1,3,11,16,1,10,4,562,562,4,PASS,PASS,PASS
13,1,3,11,16,2,9,5,568,568,4,PASS,PASS,PASS
13,1,3,11,16,3,8,6,576,576,4,PASS,PASS,PASS
13,1,3,12,16,1,11,4,613,613,4,PASS,PASS,PASS
13,1,3,12,16,2,10,5,619,619,4,PASS,PASS,PASS
13,1,3,12,16,3,9,6,627,627,4,PASS,PASS,PASS
13,1,3,13,32,1,12,4,664,664,4,PASS,PASS,PASS
13,1,3,13,32,2,11,5,670,670,4,PASS,PASS,PASS
13,1,3,13,32,3,10,6,678,678,4,PASS,PASS,PASS
13,1,3,14,32,1,13,4,715,715,4,PASS,PASS,PASS
13,1,3,14,32,2,12,5,721,721,4,PASS,PASS,PASS
13,1,3,14,32,3,11,6,729,729,4,PASS,PASS,PASS
13,1,3,15,32,1,14,4,766,766,4,PASS,PASS,PASS
13,1,3,15,32,2,13,5,772,772,4,PASS,PASS,PASS
13,1,3,15,32,3,12,6,780,780,4,PASS,PASS,PASS
13,1,3,16,16,1,15,4,817,817,4,PASS,PASS,PASS
13,1,3,16,16,2,14,5,823,823,4,PASS,PASS,PASS
13,1,3,16,16,3,13,6,831,831,4,PASS,PASS,PASS
13,1,3,17,32,1,16,4,868,868,4,PASS,PASS,PASS
13,1,3,17,32,2,15,5,874,874,4,PASS,PASS,PASS
13,1,3,17,32,3,14,6,882,882,4,PASS,PASS,PASS
13,1,3,18,32,1,17,4,919,919,4,PASS,PASS,PASS
13,1,3,18,32,2,16,5,925,925,4,PASS,PASS,PASS
13,1,3,18,32,3,15,6,933,933,4,PASS,PASS,PASS
13,1,3,19,32,1,18,4,970,970,4,PASS,PASS,PASS
13,1,3,19,32,2,17,5,976,976,4,PASS,PASS,PASS
13,1,3,19,32,3,16,6,984,984,4,PASS,PASS,PASS
13,1,3,20,32,1,19,4,1021,1021,4,PASS,PASS,PASS
13,1,3,20,32,2,18,5,1027,1027,4,PASS,PASS,PASS
13,1,3,20,32,3,17,6,1035,1035,4,PASS,PASS,PASS
13,1,3,21,32,1,20,4,1072,1072,4,PASS,PASS,PASS
13,1,3,21,32,2,19,5,1078,1078,4,PASS,PASS,PASS
13,1,3,21,32,3,18,6,1086,1086,4,PASS,PASS,PASS
13,1,3,22,32,1,21,4,1123,1123,4,PASS,PASS,PASS
13,1,3,22,32,2,20,5,1129,1129,4,PASS,PASS,PASS
13,1,3,22,32,3,19,6,1137,1137,4,PASS,PASS,PASS
13,1,3,23,32,1,22,4,1174,1174,4,PASS,PASS,PASS
13,1,3,23,32,2,21,5,1180,1180,4,PASS,PASS,PASS
13,1,3,23,32,3,20,6,1188,1188,4,PASS,PASS,PASS
13,1,3,24,32,1,23,4,1225,1225,4,PASS,PASS,PASS
13,1,3,24,32,2,22,5,1231,1231,4,PASS,PASS,PASS
13,1,3,24,32,3,21,6,1239,1239,4,PASS,PASS,PASS
13,2,1,4,8,1,3,3,144,144,3,PASS,PASS,PASS
13,2,1,5,8,1,4,3,179,179,4,PASS,PASS,PASS
13,2,1,6,8,1,5,3,214,214,4,PASS,PASS,PASS
13,2,1,7,8,1,6,3,249,249,4,PASS,PASS,PASS
13,2,1,8,8,1,7,3,284,284,4,PASS,PASS,PASS
13,2,1,9,8,1,8,3,319,319,4,PASS,PASS,PASS
13,2,1,10,8,1,9,3,354,354,4,PASS,PASS,PASS
13,2,1,11,8,1,10,3,389,389,4,PASS,PASS,PASS
13,2,1,12,8,1,11,3,424,424,4,PASS,PASS,PASS
13,2,1,13,8,1,12,3,459,459,4,PASS,PASS,PASS
13,2,1,14,8,1,13,3,494,494,4,PASS,PASS,PASS
13,2,1,15,8,1,14,3,529,529,4,PASS,PASS,PASS
13,2,1,16,8,1,15,3,564,564,4,PASS,PASS,PASS
13,2,1,17,8,1,16,3,599,599,4,PASS,PASS,PASS
13,2,1,18,8,1,17,3,634,634,4,PASS,PASS,PASS
13,2,1,19,8,1,18,3,669,669,4,PASS,PASS,PASS
13,2,1,20,8,1,19,3,704,704,4,PASS,PASS,PASS
13,2,1,21,8,1,20,3,739,739,4,PASS,PASS,PASS
13,2,1,22,8,1,21,3,774,774,4,PASS,PASS,PASS
13,2,1,23,8,1,22,3,809,809,4,PASS,PASS,PASS
13,2,1,24,8,1,23,3,844,844,4,PASS,PASS,PASS
13,2,2,4,8,1,3,4,196,196,3,PASS,PASS,PASS
13,2,2,4,8,2,2,6,212,212,2,PASS,PASS,PASS
13,2,2,5,8,1,4,4,244,244,4,PASS,PASS,PASS
13,2,2,5,8,2,3,6,260,260,3,PASS,PASS,PASS
13,2,2,6,8,1,5,4,292,292,4,PASS,PASS,PASS
13,2,2,6,8,2,4,6,308,308,4,PASS,PASS,PASS
13,2,2,7,8,1,6,4,340,340,4,PASS,PASS,PASS
13,2,2,7,8,2,5,6,356,356,4,PASS,PASS,PASS
13,2,2,8,8,1,7,4,388,388,4,PASS,PASS,PASS
13,2,2,8,8,2,6,6,404,404,4,PASS,PASS,PASS
13,2,2,9,8,1,8,4,436,436,4,PASS,PASS,PASS
13,2,2,9,8,2,7,6,452,452,4,PASS,PASS,PASS
13,2,2,10,8,1,9,4,484,484,4,PASS,PASS,PASS
13,2,2,10,8,2,8,6,500,500,4,PASS,PASS,PASS
13,2,2,11,8,1,10,4,532,532,4,PASS,PASS,PASS
13,2,2,11,8,2,9,6,548,548,4,PASS,PASS,PASS
13,2,2,12,8,1,11,4,580,580,4,PASS,PASS,PASS
13,2,2,12,8,2,10,6,596,596,4,PASS,PASS,PASS
13,2,2,13,8,1,12,4,628,628,4,PASS,PASS,PASS
13,2,2,13,8,2,11,6,644,644,4,PASS,PASS,PASS
13,2,2,14,16,1,13,4,676,676,4,PASS,PASS,PASS
13,2,2,14,16,2,12,6,692,692,4,PASS,PASS,PASS
13,2,2,15,16,1,14,4,724,724,4,PASS,PASS,PASS
13,2,2,15,16,2,13,6,740,740,4,PASS,PASS,PASS
13,2,2,16,16,1,15,4,772,772,4,PASS,PASS,PASS
13,2,2,16,16,2,14,6,788,788,4,PASS,PASS,PASS
13,2,2,17,16,1,16,4,820,820,4,PASS,PASS,PASS
13,2,2,17,16,2,15,6,836,836,4,PASS,PASS,PASS
13,2,2,18,16,1,17,4,868,868,4,PASS,PASS,PASS
13,2,2,18,16,2,16,6,884,884,4,PASS,PASS,PASS
13,2,2,19,16,1,18,4,916,916,4,PASS,PASS,PASS
13,2,2,19,16,2,17,6,932,932,4,PASS,PASS,PASS
13,2,2,20,16,1,19,4,964,964,4,PASS,PASS,PASS
13,2,2,20,16,2,18,6,980,980,4,PASS,PASS,PASS
13,2,2,21,16,1,20,4,1012,1012,4,PASS,PASS,PASS
13,2,2,21,16,2,19,6,1028,1028,4,PASS,PASS,PASS
13,2,2,22,16,1,21,4,1060,1060,4,PASS,PASS,PASS
13,2,2,22,16,2,20,6,1076,1076,4,PASS,PASS,PASS
13,2,2,23,16,1,22,4,1108,1108,4,PASS,PASS,PASS
13,2,2,23,16,2,21,6,1124,1124,4,PASS,PASS,PASS
13,2,2,24,16,1,23,4,1156,1156,4,PASS,PASS,PASS
13,2,2,24,16,2,22,6,1172,1172,4,PASS,PASS,PASS
13,2,3,4,16,1,3,5,248,248,3,PASS,PASS,PASS
13,2,3,4,16,2,2,7,266,266,2,PASS,PASS,PASS
13,2,3,4,16,3,1,9,292,292,1,PASS,PASS,PASS
13,2,3,5,16,1,4,5,309,309,4,PASS,PASS,PASS
13,2,3,5,16,2,3,7,327,327,3,PASS,PASS,PASS
13,2,3,5,16,3,2,9,353,353,2,PASS,PASS,PASS
13,2,3,6,32,1,5,5,370,370,4,PASS,PASS,PASS
13,2,3,6,32,2,4,7,388,388,4,PASS,PASS,PASS
13,2,3,6,32,3,3,9,414,414,3,PASS,PASS,PASS
13,2,3,7,32,1,6,5,431,431,4,PASS,PASS,PASS
13,2,3,7,32,2,5,7,449,449,4,PASS,PASS,PASS
13,2,3,7,32,3,4,9,475,475,4,PASS,PASS,PASS
13,2,3,8,32,1,7,5,492,492,4,PASS,PASS,PASS
13,2,3,8,32,2,6,7,510,510,4,PASS,PASS,PASS
13,2,3,8,32,3,5,9,536,536,4,PASS,PASS,PASS
13,2,3,9,32,1,8,5,553,553,4,PASS,PASS,PASS
13,2,3,9,32,2,7,7,571,571,4,PASS,PASS,PASS
13,2,3,9,32,3,6,9,597,597,4,PASS,PASS,PASS
13,2,3,10,32,1,9,5,614,614,4,PASS,PASS,PASS
13,2,3,10,32,2,8,7,632,632,4,PASS,PASS,PASS
13,2,3,10,32,3,7,9,658,658,4,PASS,PASS,PASS
13,2,3,11,32,1,10,5,675,675,4,PASS,PASS,PASS
13,2,3,11,32,2,9,7,693,693,4,PASS,PASS,PASS
13,2,3,11,32,3,8,9,719,719,4,PASS,PASS,PASS
13,2,3,12,32,1,11,5,736,736,4,PASS,PASS,PASS
13,2,3,12,32,2,10,7,754,754,4,PASS,PASS,PASS
13,2,3,12,32,3,9,9,780,780,4,PASS,PASS,PASS
13,2,3,13,32,1,12,5,797,797,4,PASS,PASS,PASS
13,2,3,13,32,2,11,7,815,815,4,PASS,PASS,PASS
13,2,3,13,32,3,10,9,841,841,4,PASS,PASS,PASS
13,2,3,14,32,1,13,5,858,858,4,PASS,PASS,PASS
13,2,3,14,32,2,12,7,876,876,4,PASS,PASS,PASS
13,2,3,14,32,3,11,9,902,902,4,PASS,PASS,PASS
13,2,3,15,32,1,14,5,919,919,4,PASS,PASS,PASS
13,2,3,15,32,2,13,7,937,937,4,PASS,PASS,PASS
13,2,3,15,32,3,12,9,963,963,4,PASS,PASS,PASS
13,2,3,16,32,1,15,5,980,980,4,PASS,PASS,PASS
13,2,3,16,32,2,14,7,998,998,4,PASS,PASS,PASS
13,2,3,16,32,3,13,9,1024,1024,4,PASS,PASS,PASS
13,2,3,17,32,1,16,5,1041,1041,4,PASS,PASS,PASS
13,2,3,17,32,2,15,7,1059,1059,4,PASS,PASS,PASS
13,2,3,17,32,3,14,9,1085,1085,4,PASS,PASS,PASS
13,2,3,18,32,1,17,5,1102,1102,4,PASS,PASS,PASS
13,2,3,18,32,2,16,7,1120,1120,4,PASS,PASS,PASS
13,2,3,18,32,3,15,9,1146,1146,4,PASS,PASS,PASS
13,2,3,19,32,1,18,5,1163,1163,4,PASS,PASS,PASS
13,2,3,19,32,2,17,7,1181,1181,4,PASS,PASS,PASS
13,2,3,19,32,3,16,9,1207,1207,4,PASS,PASS,PASS
13,2,3,20,32,1,19,5,1224,1224,4,PASS,PASS,PASS
13,2,3,20,32,2,18,7,1242,1242,4,PASS,PASS,PASS
13,2,3,20,32,3,17,9,1268,1268,4,PASS,PASS,PASS
13,2,3,21,32,1,20,5,1285,1285,4,PASS,PASS,PASS
13,2,3,21,32,2,19,7,1303,1303,4,PASS,PASS,PASS
13,2,3,21,32,3,18,9,1329,1329,4,PASS,PASS,PASS
13,2,3,22,32,1,21,5,1346,1346,4,PASS,PASS,PASS
13,2,3,22,32,2,20,7,1364,1364,4,PASS,PASS,PASS
13,2,3,22,32,3,19,9,1390,1390,4,PASS,PASS,PASS
13,2,3,23,32,1,22,5,1407,1407,4,PASS,PASS,PASS
13,2,3,23,32,2,21,7,1425,1425,4,PASS,PASS,PASS
13,2,3,23,32,3,20,9,1451,1451,4,PASS,PASS,PASS
13,2,3,24,32,1,23,5,1468,1468,4,PASS,PASS,PASS
13,2,3,24,32,2,22,7,1486,1486,4,PASS,PASS,PASS
13,2,3,24,32,3,21,9,1512,1512,4,PASS,PASS,PASS
13,3,1,4,8,1,3,4,181,181,3,PASS,PASS,PASS
13,3,1,5,8,1,4,4,224,224,4,PASS,PASS,PASS
13,3,1,6,8,1,5,4,267,267,4,PASS,PASS,PASS
13,3,1,7,8,1,6,4,310,310,4,PASS,PASS,PASS
13,3,1,8,8,1,7,4,353,353,4,PASS,PASS,PASS
13,3,1,9,8,1,8,4,396,396,4,PASS,PASS,PASS
13,3,1,10,8,1,9,4,439,439,4,PASS,PASS,PASS
13,3,1,11,8,1,10,4,482,482,4,PASS,PASS,PASS
13,3,1,12,8,1,11,4,525,525,4,PASS,PASS,PASS
13,3,1,13,8,1,12,4,568,568,4,PASS,PASS,PASS
13,3,1,14,8,1,13,4,611,611,4,PASS,PASS,PASS
13,3,1,15,8,1,14,4,654,654,4,PASS,PASS,PASS
13,3,1,16,8,1,15,4,697,697,4,PASS,PASS,PASS
13,3,1,17,8,1,16,4,740,740,4,PASS,PASS,PASS
13,3,1,18,8,1,17,4,783,783,4,PASS,PASS,PASS
13,3,1,19,8,1,18,4,826,826,4,PASS,PASS,PASS
13,3,1,20,8,1,19,4,869,869,4,PASS,PASS,PASS
13,3,1,21,8,1,20,4,912,912,4,PASS,PASS,PASS
13,3,1,22,8,1,21,4,955,955,4,PASS,PASS,PASS
13,3,1,23,8,1,22,4,998,998,4,PASS,PASS,PASS
13,3,1,24,8,1,23,4,1041,1041,4,PASS,PASS,PASS
13,3,2,4,8,1,3,5,233,233,3,PASS,PASS,PASS
13,3,2,4,8,2,2,8,266,266,2,PASS,PASS,PASS
13,3,2,5,8,1,4,5,289,289,4,PASS,PASS,PASS
13,3,2,5,8,2,3,8,322,322,3,PASS,PASS,PASS
13,3,2,6,16,1,5,5,345,345,4,PASS,PASS,PASS
13,3,2,6,16,2,4,8,378,378,4,PASS,PASS,PASS
13,3,2,7,16,1,6,5,401,401,4,PASS,PASS,PASS
13,3,2,7,16,2,5,8,434,434,4,PASS,PASS,PASS
13,3,2,8,16,1,7,5,457,457,4,PASS,PASS,PASS
13,3,2,8,16,2,6,8,490,490,4,PASS,PASS,PASS
13,3,2,9,16,1,8,5,513,513,4,PASS,PASS,PASS
13,3,2,9,16,2,7,8,546,546,4,PASS,PASS,PASS
13,3,2,10,16,1,9,5,569,569,4,PASS,PASS,PASS
13,3,2,10,16,2,8,8,602,602,4,PASS,PASS,PASS
13,3,2,11,16,1,10,5,625,625,4,PASS,PASS,PASS
13,3,2,11,16,2,9,8,658,658,4,PASS,PASS,PASS
13,3,2,12,16,1,11,5,681,681,4,PASS,PASS,PASS
13,3,2,12,16,2,10,8,714,714,4,PASS,PASS,PASS
13,3,2,13,16,1,12,5,737,737,4,PASS,PASS,PASS
13,3,2,13,16,2,11,8,770,770,4,PASS,PASS,PASS
13,3,2,14,16,1,13,5,793,793,4,PASS,PASS,PASS
13,3,2,14,16,2,12,8,826,826,4,PASS,PASS,PASS
13,3,2,15,16,1,14,5,849,849,4,PASS,PASS,PASS
13,3,2,15,16,2,13,8,882,882,4,PASS,PASS,PASS
13,3,2,16,16,1,15,5,905,905,4,PASS,PASS,PASS
13,3,2,16,16,2,14,8,938,938,4,PASS,PASS,PASS
13,3,2,17,32,1,16,5,961,961,4,PASS,PASS,PASS
13,3,2,17,32,2,15,8,994,994,4,PASS,PASS,PASS
13,3,2,18,32,1,17,5,1017,1017,4,PASS,PASS,PASS
13,3,2,18,32,2,16,8,1050,1050,4,PASS,PASS,PASS
13,3,2,19,32,1,18,5,1073,1073,4,PASS,PASS,PASS
13,3,2,19,32,2,17,8,1106,1106,4,PASS,PASS,PASS
13,3,2,20,16,1,19,5,1129,1129,4,PASS,PASS,PASS
13,3,2,20,16,2,18,8,1162,1162,4,PASS,PASS,PASS
13,3,2,21,16,1,20,5,1185,1185,4,PASS,PASS,PASS
13,3,2,21,16,2,19,8,1218,1218,4,PASS,PASS,PASS
13,3,2,22,32,1,21,5,1241,1241,4,PASS,PASS,PASS
13,3,2,22,32,2,20,8,1274,1274,4,PASS,PASS,PASS
13,3,2,23,32,1,22,5,1297,1297,4,PASS,PASS,PASS
13,3,2,23,32,2,21,8,1330,1330,4,PASS,PASS,PASS
13,3,2,24,16,1,23,5,1353,1353,4,PASS,PASS,PASS
13,3,2,24,16,2,22,8,1386,1386,4,PASS,PASS,PASS
13,3,3,4,16,1,3,6,285,285,3,PASS,PASS,PASS
13,3,3,4,16,2,2,9,321,321,2,PASS,PASS,PASS
13,3,3,4,16,3,1,12,375,375,1,PASS,PASS,PASS
13,3,3,5,32,1,4,6,354,354,4,PASS,PASS,PASS
13,3,3,5,32,2,3,9,390,390,3,PASS,PASS,PASS
13,3,3,5,32,3,2,12,444,444,2,PASS,PASS,PASS
13,3,3,6,32,1,5,6,423,423,4,PASS,PASS,PASS
13,3,3,6,32,2,4,9,459,459,4,PASS,PASS,PASS
13,3,3,6,32,3,3,12,513,513,3,PASS,PASS,PASS
13,3,3,7,32,1,6,6,492,492,4,PASS,PASS,PASS
13,3,3,7,32,2,5,9,528,528,4,PASS,PASS,PASS
13,3,3,7,32,3,4,12,582,582,4,PASS,PASS,PASS
13,3,3,8,32,1,7,6,561,561,4,PASS,PASS,PASS
13,3,3,8,32,2,6,9,597,597,4,PASS,PASS,PASS
13,3,3,8,32,3,5,12,651,651,4,PASS,PASS,PASS
13,3,3,9,32,1,8,6,630,630,4,PASS,PASS,PASS
13,3,3,9,32,2,7,9,666,666,4,PASS,PASS,PASS
13,3,3,9,32,3,6,12,720,720,4,PASS,PASS,PASS
13,3,3,10,32,1,9,6,699,699,4,PASS,PASS,PASS
13,3,3,10,32,2,8,9,735,735,4,PASS,PASS,PASS
13,3,3,10,32,3,7,12,789,789,4,PASS,PASS,PASS
13,3,3,11,32,1,10,6,768,768,4,PASS,PASS,PASS
13,3,3,11,32,2,9,9,804,804,4,PASS,PASS,PASS
13,3,3,11,32,3,8,12,858,858,4,PASS,PASS,PASS
13,3,3,12,32,1,11,6,837,837,4,PASS,PASS,PASS
13,3,3,12,32,2,10,9,873,873,4,PASS,PASS,PASS
13,3,3,12,32,3,9,12,927,927,4,PASS,PASS,PASS
13,3,3,13,32,1,12,6,906,906,4,PASS,PASS,PASS
13,3,3,13,32,2,11,9,942,942,4,PASS,PASS,PASS
13,3,3,13,32,3,10,12,996,996,4,PASS,PASS,PASS
13,3,3,14,32,1,13,6,975,975,4,PASS,PASS,PASS
13,3,3,14,32,2,12,9,1011,1011,4,PASS,PASS,PASS
13,3,3,14,32,3,11,12,1065,1065,4,PASS,PASS,PASS
13,3,3,15,32,1,14,6,1044,1044,4,PASS,PASS,PASS
13,3,3,15,32,2,13,9,1080,1080,4,PASS,PASS,PASS
13,3,3,15,32,3,12,12,1134,1134,4,PASS,PASS,PASS
13,3,3,16,32,1,15,6,1113,1113,4,PASS,PASS,PASS
13,3,3,16,32,2,14,9,1149,1149,4,PASS,PASS,PASS
13,3,3,16,32,3,13,12,1203,1203,4,PASS,PASS,PASS
13,3,3,17,32,1,16,6,1182,1182,4,PASS,PASS,PASS
13,3,3,17,32,2,15,9,1218,1218,4,PASS,PASS,PASS
13,3,3,17,32,3,14,12,1272,1272,4,PASS,PASS,PASS
13,3,3,18,32,1,17,6,1251,1251,4,PASS,PASS,PASS
13,3,3,18,32,2,16,9,1287,1287,4,PASS,PASS,PASS
13,3,3,18,32,3,15,12,1341,1341,4,PASS,PASS,PASS
13,3,3,19,32,1,18,6,1320,1320,4,PASS,PASS,PASS
13,3,3,19,32,2,17,9,1356,1356,4,PASS,PASS,PASS
13,3,3,19,32,3,16,12,1410,1410,4,PASS,PASS,PASS
13,3,3,20,32,1,19,6,1389,1389,4,PASS,PASS,PASS
13,3,3,20,32,2,18,9,1425,1425,4,PASS,PASS,PASS
13,3,3,20,32,3,17,12,1479,1479,4,PASS,PASS,PASS
13,3,3,21,32,1,20,6,1458,1458,4,PASS,PASS,PASS
13,3,3,21,32,2,19,9,1494,1494,4,PASS,PASS,PASS
13,3,3,21,32,3,18,12,1548,1548,4,PASS,PASS,PASS
13,3,3,22,32,1,21,6,1527,1527,4,PASS,PASS,PASS
13,3,3,22,32,2,20,9,1563,1563,4,PASS,PASS,PASS
13,3,3,22,32,3,19,12,1617,1617,4,PASS,PASS,PASS
13,3,3,23,32,1,22,6,1596,1596,4,PASS,PASS,PASS
13,3,3,23,32,2,21,9,1632,1632,4,PASS,PASS,PASS
13,3,3,23,32,3,20,12,1686,1686,4,PASS,PASS,PASS
13,3,3,24,32,1,23,6,1665,1665,4,PASS,PASS,PASS
13,3,3,24,32,2,22,9,1701,1701,4,PASS,PASS,PASS
13,3,3,24,32,3,21,12,1755,1755,4,PASS,PASS,PASS
14,1,1,4,8,1,3,2,109,109,3,PASS,PASS,PASS
14,1,1,5,8,1,4,2,136,136,4,PASS,PASS,PASS
14,1,1,6,8,1,5,2,163,163,4,PASS,PASS,PASS
14,1,1,7,8,1,6,2,190,190,4,PASS,PASS,PASS
14,1,1,8,8,1,7,2,217,217,4,PASS,PASS,PASS
14,1,1,9,8,1,8,2,244,244,4,PASS,PASS,PASS
14,1,1,10,8,1,9,2,271,271,4,PASS,PASS,PASS
14,1,1,11,8,1,10,2,298,298,4,PASS,PASS,PASS
14,1,1,12,8,1,11,2,325,325,4,PASS,PASS,PASS
14,1,1,13,8,1,12,2,352,352,4,PASS,PASS,PASS
14,1,1,14,8,1,13,2,379,379,4,PASS,PASS,PASS
14,1,1,15,8,1,14,2,406,406,4,PASS,PASS,PASS
14,1,1,16,8,1,15,2,433,433,4,PASS,PASS,PASS
14,1,1,17,8,1,16,2,460,460,4,PASS,PASS,PASS
14,1,1,18,8,1,17,2,487,487,4,PASS,PASS,PASS
14,1,1,19,8,1,18,2,514,514,4,PASS,PASS,PASS
14,1,1,20,8,1,19,2,541,541,4,PASS,PASS,PASS
14,1,1,21,8,1,20,2,568,568,4,PASS,PASS,PASS
14,1,1,22,8,1,21,2,595,595,4,PASS,PASS,PASS
14,1,1,23,8,1,22,2,622,622,4,PASS,PASS,PASS
14,1,1,24,8,1,23,2,649,649,4,PASS,PASS,PASS
14,1,2,4,8,1,3,3,165,165,3,PASS,PASS,PASS
14,1,2,4,8,2,2,4,170,170,2,PASS,PASS,PASS
14,1,2,5,8,1,4,3,206,206,4,PASS,PASS,PASS
14,1,2,5,8,2,3,4,211,211,3,PASS,PASS,PASS
14,1,2,6,8,1,5,3,247,247,4,PASS,PASS,PASS
14,1,2,6,8,2,4,4,252,252,4,PASS,PASS,PASS
14,1,2,7,8,1,6,3,288,288,4,PASS,PASS,PASS
14,1,2,7,8,2,5,4,293,293,4,PASS,PASS,PASS
14,1,2,8,8,1,7,3,329,329,4,PASS,PASS,PASS
14,1,2,8,8,2,6,4,334,334,4,PASS,PASS,PASS
14,1,2,9,8,1,8,3,370,370,4,PASS,PASS,PASS
14,1,2,9,8,2,7,4,375,375,4,PASS,PASS,PASS
14,1,2,10,16,1,9,3,411,411,4,PASS,PASS,PASS
14,1,2,10,16,2,8,4,416,416,4,PASS,PASS,PASS
14,1,2,11,16,1,10,3,452,452,4,PASS,PASS,PASS
14,1,2,11,16,2,9,4,457,457,4,PASS,PASS,PASS
14,1,2,12,16,1,11,3,493,493,4,PASS,PASS,PASS
14,1,2,12,16,2,10,4,498,498,4,PASS,PASS,PASS
14,1,2,13,16,1,12,3,534,534,4,PASS,PASS,PASS
14,1,2,13,16,2,11,4,539,539,4,PASS,PASS,PASS
14,1,2,14,16,1,13,3,575,575,4,PASS,PASS,PASS
14,1,2,14,16,2,12,4,580,580,4,PASS,PASS,PASS
14,1,2,15,16,1,14,3,616,616,4,PASS,PASS,PASS
14,1,2,15,16,2,13,4,621,621,4,PASS,PASS,PASS
14,1,2,16,16,1,15,3,657,657,4,PASS,PASS,PASS
14,1,2,16,16,2,14,4,662,662,4,PASS,PASS,PASS
14,1,2,17,16,1,16,3,698,698,4,PASS,PASS,PASS
14,1,2,17,16,2,15,4,703,703,4,PASS,PASS,PASS
14,1,2,18,16,1,17,3,739,739,4,PASS,PASS,PASS
14,1,2,18,16,2,16,4,744,744,4,PASS,PASS,PASS
14,1,2,19,16,1,18,3,780,780,4,PASS,PASS,PASS
14,1,2,19,16,2,17,4,785,785,4,PASS,PASS,PASS
14,1,2,20,16,1,19,3,821,821,4,PASS,PASS,PASS
14,1,2,20,16,2,18,4,826,826,4,PASS,PASS,PASS
14,1,2,21,16,1,20,3,862,862,4,PASS,PASS,PASS
14,1,2,21,16,2,19,4,867,867,4,PASS,PASS,PASS
14,1,2,22,16,1,21,3,903,903,4,PASS,PASS,PASS
14,1,2,22,16,2,20,4,908,908,4,PASS,PASS,PASS
14,1,2,23,16,1,22,3,944,944,4,PASS,PASS,PASS
14,1,2,23,16,2,21,4,949,949,4,PASS,PASS,PASS
14,1,2,24,16,1,23,3,985,985,4,PASS,PASS,PASS
14,1,2,24,16,2,22,4,990,990,4,PASS,PASS,PASS
14,1,3,4,16,1,3,4,221,221,3,PASS,PASS,PASS
14,1,3,4,16,2,2,5,227,227,2,PASS,PASS,PASS
14,1,3,4,16,3,1,6,235,235,1,PASS,PASS,PASS
14,1,3,5,16,1,4,4,276,276,4,PASS,PASS,PASS
14,1,3,5,16,2,3,5,282,282,3,PASS,PASS,PASS
14,1,3,5,16,3,2,6,290,290,2,PASS,PASS,PASS
14,1,3,6,16,1,5,4,331,331,4,PASS,PASS,PASS
14,1,3,6,16,2,4,5,337,337,4,PASS,PASS,PASS
14,1,3,6,16,3,3,6,345,345,3,PASS,PASS,PASS
14,1,3,7,16,1,6,4,386,386,4,PASS,PASS,PASS
14,1,3,7,16,2,5,5,392,392,4,PASS,PASS,PASS
14,1,3,7,16,3,4,6,400,400,4,PASS,PASS,PASS
14,1,3,8,16,1,7,4,441,441,4,PASS,PASS,PASS
14,1,3,8,16,2,6,5,447,447,4,PASS,PASS,PASS
14,1,3,8,16,3,5,6,455,455,4,PASS,PASS,PASS
14,1,3,9,16,1,8,4,496,496,4,PASS,PASS,PASS
14,1,3,9,16,2,7,5,502,502,4,PASS,PASS,PASS
14,1,3,9,16,3,6,6,510,510,4,PASS,PASS,PASS
14,1,3,10,16,1,9,4,551,551,4,PASS,PASS,PASS
14,1,3,10,16,2,8,5,557,557,4,PASS,PASS,PASS
14,1,3,10,16,3,7,6,565,565,4,PASS,PASS,PASS
14,1,3,11,16,1,10,4,606,606,4,PASS,PASS,PASS
14,1,3,11,16,2,9,5,612,612,4,PASS,PASS,PASS
14,1,3,11,16,3,8,6,620,620,4,PASS,PASS,PASS
14,1,3,12,16,1,11,4,661,661,4,PASS,PASS,PASS
14,1,3,12,16,2,10,5,667,667,4,PASS,PASS,PASS
14,1,3,12,16,3,9,6,675,675,4,PASS,PASS,PASS
14,1,3,13,32,1,12,4,716,716,4,PASS,PASS,PASS
14,1,3,13,32,2,11,5,722,722,4,PASS,PASS,PASS
14,1,3,13,32,3,10,6,730,730,4,PASS,PASS,PASS
14,1,3,14,32,1,13,4,771,771,4,PASS,PASS,PASS
14,1,3,14,32,2,12,5,777,777,4,PASS,PASS,PASS
14,1,3,14,32,3,11,6,785,785,4,PASS,PASS,PASS
14,1,3,15,32,1,14,4,826,826,4,PASS,PASS,PASS
14,1,3,15,32,2,13,5,832,832,4,PASS,PASS,PASS
14,1,3,15,32,3,12,6,840,840,4,PASS,PASS,PASS
14,1,3,16,32,1,15,4,881,881,4,PASS,PASS,PASS
14,1,3,16,32,2,14,5,887,887,4,PASS,PASS,PASS
14,1,3,16,32,3,13,6,895,895,4,PASS,PASS,PASS
14,1,3,17,32,1,16,4,936,936,4,PASS,PASS,PASS
14,1,3,17,32,2,15,5,942,942,4,PASS,PASS,PASS
14,1,3,17,32,3,14,6,950,950,4,PASS,PASS,PASS
14,1,3,18,32,1,17,4,991,991,4,PASS,PASS,PASS
14,1,3,18,32,2,16,5,997,997,4,PASS,PASS,PASS
14,1,3,18,32,3,15,6,1005,1005,4,PASS,PASS,PASS
14,1,3,19,32,1,18,4,1046,1046,4,PASS,PASS,PASS
14,1,3,19,32,2,17,5,1052,1052,4,PASS,PASS,PASS
14,1,3,19,32,3,16,6,1060,1060,4,PASS,PASS,PASS
14,1,3,20,32,1,19,4,1101,1101,4,PASS,PASS,PASS
14,1,3,20,32,2,18,5,1107,1107,4,PASS,PASS,PASS
14,1,3,20,32,3,17,6,1115,1115,4,PASS,PASS,PASS
14,1,3,21,32,1,20,4,1156,1156,4,PASS,PASS,PASS
14,1,3,21,32,2,19,5,1162,1162,4,PASS,PASS,PASS
14,1,3,21,32,3,18,6,1170,1170,4,PASS,PASS,PASS
14,1,3,22,32,1,21,4,1211,1211,4,PASS,PASS,PASS
14,1,3,22,32,2,20,5,1217,1217,4,PASS,PASS,PASS
14,1,3,22,32,3,19,6,1225,1225,4,PASS,PASS,PASS
14,1,3,23,32,1,22,4,1266,1266,4,PASS,PASS,PASS
14,1,3,23,32,2,21,5,1272,1272,4,PASS,PASS,PASS
14,1,3,23,32,3,20,6,1280,1280,4,PASS,PASS,PASS
14,1,3,24,32,1,23,4,1321,1321,4,PASS,PASS,PASS
14,1,3,24,32,2,22,5,1327,1327,4,PASS,PASS,PASS
14,1,3,24,32,3,21,6,1335,1335,4,PASS,PASS,PASS
14,2,1,4,8,1,3,3,156,156,3,PASS,PASS,PASS
14,2,1,5,8,1,4,3,194,194,4,PASS,PASS,PASS
14,2,1,6,8,1,5,3,232,232,4,PASS,PASS,PASS
14,2,1,7,8,1,6,3,270,270,4,PASS,PASS,PASS
14,2,1,8,8,1,7,3,308,308,4,PASS,PASS,PASS
14,2,1,9,8,1,8,3,346,346,4,PASS,PASS,PASS
14,2,1,10,8,1,9,3,384,384,4,PASS,PASS,PASS
14,2,1,11,8,1,10,3,422,422,4,PASS,PASS,PASS
14,2,1,12,8,1,11,3,460,460,4,PASS,PASS,PASS
14,2,1,13,8,1,12,3,498,498,4,PASS,PASS,PASS
14,2,1,14,8,1,13,3,536,536,4,PASS,PASS,PASS
14,2,1,15,8,1,14,3,574,574,4,PASS,PASS,PASS
14,2,1,16,8,1,15,3,612,612,4,PASS,PASS,PASS
14,2,1,17,8,1,16,3,650,650,4,PASS,PASS,PASS
14,2,1,18,8,1,17,3,688,688,4,PASS,PASS,PASS
14,2,1,19,8,1,18,3,726,726,4,PASS,PASS,PASS
14,2,1,20,8,1,19,3,764,764,4,PASS,PASS,PASS
14,2,1,21,8,1,20,3,802,802,4,PASS,PASS,PASS
14,2,1,22,8,1,21,3,840,840,4,PASS,PASS,PASS
14,2,1,23,8,1,22,3,878,878,4,PASS,PASS,PASS
14,2,1,24,8,1,23,3,916,916,4,PASS,PASS,PASS
14,2,2,4,8,1,3,4,212,212,3,PASS,PASS,PASS
14,2,2,4,8,2,2,6,228,228,2,PASS,PASS,PASS
14,2,2,5,8,1,4,4,264,264,4,PASS,PASS,PASS
14,2,2,5,8,2,3,6,280,280,3,PASS,PASS,PASS
14,2,2,6,8,1,5,4,316,316,4,PASS,PASS,PASS
14,2,2,6,8,2,4,6,332,332,4,PASS,PASS,PASS
14,2,2,7,16,1,6,4,368,368,4,PASS,PASS,PASS
14,2,2,7,16,2,5,6,384,384,4,PASS,PASS,PASS
14,2,2,8,16,1,7,4,420,420,4,PASS,PASS,PASS
14,2,2,8,16,2,6,6,436,436,4,PASS,PASS,PASS
14,2,2,9,16,1,8,4,472,472,4,PASS,PASS,PASS
14,2,2,9,16,2,7,6,488,488,4,PASS,PASS,PASS
14,2,2,10,16,1,9,4,524,524,4,PASS,PASS,PASS
14,2,2,10,16,2,8,6,540,540,4,PASS,PASS,PASS
14,2,2,11,16,1,10,4,576,576,4,PASS,PASS,PASS
14,2,2,11,16,2,9,6,592,592,4,PASS,PASS,PASS
14,2,2,12,16,1,11,4,628,628,4,PASS,PASS,PASS
14,2,2,12,16,2,10,6,644,644,4,PASS,PASS,PASS
14,2,2,13,16,1,12,4,680,680,4,PASS,PASS,PASS
14,2,2,13,16,2,11,6,696,696,4,PASS,PASS,PASS
14,2,2,14,16,1,13,4,732,732,4,PASS,PASS,PASS
14,2,2,14,16,2,12,6,748,748,4,PASS,PASS,PASS
14,2,2,15,16,1,14,4,784,784,4,PASS,PASS,PASS
14,2,2,15,16,2,13,6,800,800,4,PASS,PASS,PASS
14,2,2,16,16,1,15,4,836,836,4,PASS,PASS,PASS
14,2,2,16,16,2,14,6,852,852,4,PASS,PASS,PASS
14,2,2,17,16,1,16,4,888,888,4,PASS,PASS,PASS
14,2,2,17,16,2,15,6,904,904,4,PASS,PASS,PASS
14,2,2,18,16,1,17,4,940,940,4,PASS,PASS,PASS
14,2,2,18,16,2,16,6,956,956,4,PASS,PASS,PASS
14,2,2,19,16,1,18,4,992,992,4,PASS,PASS,PASS
14,2,2,19,16,2,17,6,1008,1008,4,PASS,PASS,PASS
14,2,2,20,16,1,19,4,1044,1044,4,PASS,PASS,PASS
14,2,2,20,16,2,18,6,1060,1060,4,PASS,PASS,PASS
14,2,2,21,16,1,20,4,1096,1096,4,PASS,PASS,PASS
14,2,2,21,16,2,19,6,1112,1112,4,PASS,PASS,PASS
14,2,2,22,16,1,21,4,1148,1148,4,PASS,PASS,PASS
14,2,2,22,16,2,20,6,1164,1164,4,PASS,PASS,PASS
14,2,2,23,16,1,22,4,1200,1200,4,PASS,PASS,PASS
14,2,2,23,16,2,21,6,1216,1216,4,PASS,PASS,PASS
14,2,2,24,16,1,23,4,1252,1252,4,PASS,PASS,PASS
14,2,2,24,16,2,22,6,1268,1268,4,PASS,PASS,PASS
14,2,3,4,16,1,3,5,268,268,3,PASS,PASS,PASS
14,2,3,4,16,2,2,7,286,286,2,PASS,PASS,PASS
14,2,3,4,16,3,1,9,312,312,1,PASS,PASS,PASS
14,2,3,5,32,1,4,5,334,334,4,PASS,PASS,PASS
14,2,3,5,32,2,3,7,352,352,3,PASS,PASS,PASS
14,2,3,5,32,3,2,9,378,378,2,PASS,PASS,PASS
14,2,3,6,32,1,5,5,400,400,4,PASS,PASS,PASS
14,2,3,6,32,2,4,7,418,418,4,PASS,PASS,PASS
14,2,3,6,32,3,3,9,444,444,3,PASS,PASS,PASS
14,2,3,7,32,1,6,5,466,466,4,PASS,PASS,PASS
14,2,3,7,32,2,5,7,484,484,4,PASS,PASS,PASS
14,2,3,7,32,3,4,9,510,510,4,PASS,PASS,PASS
14,2,3,8,32,1,7,5,532,532,4,PASS,PASS,PASS
14,2,3,8,32,2,6,7,550,550,4,PASS,PASS,PASS
14,2,3,8,32,3,5,9,576,576,4,PASS,PASS,PASS
14,2,3,9,32,1,8,5,598,598,4,PASS,PASS,PASS
14,2,3,9,32,2,7,7,616,616,4,PASS,PASS,PASS
14,2,3,9,32,3,6,9,642,642,4,PASS,PASS,PASS
14,2,3,10,32,1,9,5,664,664,4,PASS,PASS,PASS
14,2,3,10,32,2,8,7,682,682,4,PASS,PASS,PASS
14,2,3,10,32,3,7,9,708,708,4,PASS,PASS,PASS
14,2,3,11,32,1,10,5,730,730,4,PASS,PASS,PASS
14,2,3,11,32,2,9,7,748,748,4,PASS,PASS,PASS
14,2,3,11,32,3,8,9,774,774,4,PASS,PASS,PASS
14,2,3,12,32,1,11,5,796,796,4,PASS,PASS,PASS
14,2,3,12,32,2,10,7,814,814,4,PASS,PASS,PASS
14,2,3,12,32,3,9,9,840,840,4,PASS,PASS,PASS
14,2,3,13,32,1,12,5,862,862,4,PASS,PASS,PASS
14,2,3,13,32,2,11,7,880,880,4,PASS,PASS,PASS
14,2,3,13,32,3,10,9,906,906,4,PASS,PASS,PASS
14,2,3,14,32,1,13,5,928,928,4,PASS,PASS,PASS
14,2,3,14,32,2,12,7,946,946,4,PASS,PASS,PASS
14,2,3,14,32,3,11,9,972,972,4,PASS,PASS,PASS
14,2,3,15,32,1,14,5,994,994,4,PASS,PASS,PASS
14,2,3,15,32,2,13,7,1012,1012,4,PASS,PASS,PASS
14,2,3,15,32,3,12,9,1038,1038,4,PASS,PASS,PASS
14,2,3,16,32,1,15,5,1060,1060,4,PASS,PASS,PASS
14,2,3,16,32,2,14,7,1078,1078,4,PASS,PASS,PASS
14,2,3,16,32,3,13,9,1104,1104,4,PASS,PASS,PASS
14,2,3,17,32,1,16,5,1126,1126,4,PASS,PASS,PASS
14,2,3,17,32,2,15,7,1144,1144,4,PASS,PASS,PASS
14,2,3,17,32,3,14,9,1170,1170,4,PASS,PASS,PASS
14,2,3,18,32,1,17,5,1192,1192,4,PASS,PASS,PASS
14,2,3,18,32,2,16,7,1210,1210,4,PASS,PASS,PASS
14,2,3,18,32,3,15,9,1236,1236,4,PASS,PASS,PASS
14,2,3,19,32,1,18,5,1258,1258,4,PASS,PASS,PASS
14,2,3,19,32,2,17,7,1276,1276,4,PASS,PASS,PASS
14,2,3,19,32,3,16,9,1302,1302,4,PASS,PASS,PASS
14,2,3,20,32,1,19,5,1324,1324,4,PASS,PASS,PASS
14,2,3,20,32,2,18,7,1342,1342,4,PASS,PASS,PASS
14,2,3,20,32,3,17,9,1368,1368,4,PASS,PASS,PASS
14,2,3,21,32,1,20,5,1390,1390,4,PASS,PASS,PASS
14,2,3,21,32,2,19,7,1408,1408,4,PASS,PASS,PASS
14,2,3,21,32,3,18,9,1434,1434,4,PASS,PASS,PASS
14,2,3,22,32,1,21,5,1456,1456,4,PASS,PASS,PASS
14,2,3,22,32,2,20,7,1474,1474,4,PASS,PASS,PASS
14,2,3,22,32,3,19,9,1500,1500,4,PASS,PASS,PASS
14,2,3,23,32,1,22,5,1522,1522,4,PASS,PASS,PASS
14,2,3,23,32,2,21,7,1540,1540,4,PASS,PASS,PASS
14,2,3,23,32,3,20,9,1566,1566,4,PASS,PASS,PASS
14,2,3,24,32,1,23,5,1588,1588,4,PASS,PASS,PASS
14,2,3,24,32,2,22,7,1606,1606,4,PASS,PASS,PASS
14,2,3,24,32,3,21,9,1632,1632,4,PASS,PASS,PASS
14,3,1,4,8,1,3,4,197,197,3,PASS,PASS,PASS
14,3,1,5,8,1,4,4,244,244,4,PASS,PASS,PASS
14,3,1,6,8,1,5,4,291,291,4,PASS,PASS,PASS
14,3,1,7,8,1,6,4,338,338,4,PASS,PASS,PASS
14,3,1,8,8,1,7,4,385,385,4,PASS,PASS,PASS
14,3,1,9,8,1,8,4,432,432,4,PASS,PASS,PASS
14,3,1,10,8,1,9,4,479,479,4,PASS,PASS,PASS
14,3,1,11,8,1,10,4,526,526,4,PASS,PASS,PASS
14,3,1,12,8,1,11,4,573,573,4,PASS,PASS,PASS
14,3,1,13,8,1,12,4,620,620,4,PASS,PASS,PASS
14,3,1,14,8,1,13,4,667,667,4,PASS,PASS,PASS
14,3,1,15,8,1,14,4,714,714,4,PASS,PASS,PASS
14,3,1,16,8,1,15,4,761,761,4,PASS,PASS,PASS
14,3,1,17,8,1,16,4,808,808,4,PASS,PASS,PASS
14,3,1,18,8,1,17,4,855,855,4,PASS,PASS,PASS
14,3,1,19,8,1,18,4,902,902,4,PASS,PASS,PASS
14,3,1,20,8,1,19,4,949,949,4,PASS,PASS,PASS
14,3,1,21,8,1,20,4,996,996,4,PASS,PASS,PASS
14,3,1,22,8,1,21,4,1043,1043,4,PASS,PASS,PASS
14,3,1,23,8,1,22,4,1090,1090,4,PASS,PASS,PASS
14,3,1,24,8,1,23,4,1137,1137,4,PASS,PASS,PASS
14,3,2,4,8,1,3,5,253,253,3,PASS,PASS,PASS
14,3,2,4,8,2,2,8,284,284,2,PASS,PASS,PASS
14,3,2,5,8,1,4,5,314,314,4,PASS,PASS,PASS
14,3,2,5,8,2,3,8,345,345,3,PASS,PASS,PASS
14,3,2,6,8,1,5,5,375,375,4,PASS,PASS,PASS
14,3,2,6,8,2,4,8,406,406,4,PASS,PASS,PASS
14,3,2,7,8,1,6,5,436,436,4,PASS,PASS,PASS
14,3,2,7,8,2,5,8,467,467,4,PASS,PASS,PASS
14,3,2,8,8,1,7,5,497,497,4,PASS,PASS,PASS
14,3,2,8,8,2,6,8,528,528,4,PASS,PASS,PASS
14,3,2,9,8,1,8,5,558,558,4,PASS,PASS,PASS
14,3,2,9,8,2,7,8,589,589,4,PASS,PASS,PASS
14,3,2,10,16,1,9,5,619,619,4,PASS,PASS,PASS
14,3,2,10,16,2,8,8,652,652,4,PASS,PASS,PASS
14,3,2,11,16,1,10,5,680,680,4,PASS,PASS,PASS
14,3,2,11,16,2,9,8,713,713,4,PASS,PASS,PASS
14,3,2,12,16,1,11,5,741,741,4,PASS,PASS,PASS
14,3,2,12,16,2,10,8,774,774,4,PASS,PASS,PASS
14,3,2,13,16,1,12,5,802,802,4,PASS,PASS,PASS
14,3,2,13,16,2,11,8,835,835,4,PASS,PASS,PASS
14,3,2,14,32,1,13,5,863,863,4,PASS,PASS,PASS
14,3,2,14,32,2,12,8,896,896,4,PASS,PASS,PASS
14,3,2,15,32,1,14,5,924,924,4,PASS,PASS,PASS
14,3,2,15,32,2,13,8,957,957,4,PASS,PASS,PASS
14,3,2,16,16,1,15,5,985,985,4,PASS,PASS,PASS
14,3,2,16,16,2,14,8,1018,1018,4,PASS,PASS,PASS
14,3,2,17,32,1,16,5,1046,1046,4,PASS,PASS,PASS
14,3,2,17,32,2,15,8,1079,1079,4,PASS,PASS,PASS
14,3,2,18,32,1,17,5,1107,1107,4,PASS,PASS,PASS
14,3,2,18,32,2,16,8,1140,1140,4,PASS,PASS,PASS
14,3,2,19,32,1,18,5,1168,1168,4,PASS,PASS,PASS
14,3,2,19,32,2,17,8,1201,1201,4,PASS,PASS,PASS
14,3,2,20,16,1,19,5,1229,1229,4,PASS,PASS,PASS
14,3,2,20,16,2,18,8,1262,1262,4,PASS,PASS,PASS
14,3,2,21,32,1,20,5,1290,1290,4,PASS,PASS,PASS
14,3,2,21,32,2,19,8,1323,1323,4,PASS,PASS,PASS
14,3,2,22,32,1,21,5,1351,1351,4,PASS,PASS,PASS
14,3,2,22,32,2,20,8,1384,1384,4,PASS,PASS,PASS
14,3,2,23,32,1,22,5,1412,1412,4,PASS,PASS,PASS
14,3,2,23,32,2,21,8,1445,1445,4,PASS,PASS,PASS
14,3,2,24,16,1,23,5,1473,1473,4,PASS,PASS,PASS
14,3,2,24,16,2,22,8,1506,1506,4,PASS,PASS,PASS
14,3,3,4,32,1,3,6,309,309,3,PASS,PASS,PASS
14,3,3,4,32,2,2,9,345,345,2,PASS,PASS,PASS
14,3,3,4,32,3,1,12,399,399,1,PASS,PASS,PASS
14,3,3,5,32,1,4,6,384,384,4,PASS,PASS,PASS
14,3,3,5,32,2,3,9,420,420,3,PASS,PASS,PASS
14,3,3,5,32,3,2,12,474,474,2,PASS,PASS,PASS
14,3,3,6,32,1,5,6,459,459,4,PASS,PASS,PASS
14,3,3,6,32,2,4,9,495,495,4,PASS,PASS,PASS
14,3,3,6,32,3,3,12,549,549,3,PASS,PASS,PASS
14,3,3,7,32,1,6,6,534,534,4,PASS,PASS,PASS
14,3,3,7,32,2,5,9,570,570,4,PASS,PASS,PASS
14,3,3,7,32,3,4,12,624,624,4,PASS,PASS,PASS
14,3,3,8,32,1,7,6,609,609,4,PASS,PASS,PASS
14,3,3,8,32,2,6,9,645,645,4,PASS,PASS,PASS
14,3,3,8,32,3,5,12,699,699,4,PASS,PASS,PASS
14,3,3,9,32,1,8,6,684,684,4,PASS,PASS,PASS
14,3,3,9,32,2,7,9,720,720,4,PASS,PASS,PASS
14,3,3,9,32,3,6,12,774,774,4,PASS,PASS,PASS
14,3,3,10,32,1,9,6,759,759,4,PASS,PASS,PASS
14,3,3,10,32,2,8,9,795,795,4,PASS,PASS,PASS
14,3,3,10,32,3,7,12,849,849,4,PASS,PASS,PASS
14,3,3,11,32,1,10,6,834,834,4,PASS,PASS,PASS
14,3,3,11,32,2,9,9,870,870,4,PASS,PASS,PASS
14,3,3,11,32,3,8,12,924,924,4,PASS,PASS,PASS
14,3,3,12,32,1,11,6,909,909,4,PASS,PASS,PASS
14,3,3,12,32,2,10,9,945,945,4,PASS,PASS,PASS
14,3,3,12,32,3,9,12,999,999,4,PASS,PASS,PASS
14,3,3,13,32,1,12,6,984,984,4,PASS,PASS,PASS
14,3,3,13,32,2,11,9,1020,1020,4,PASS,PASS,PASS
14,3,3,13,32,3,10,12,1074,1074,4,PASS,PASS,PASS
14,3,3,14,32,1,13,6,1059,1059,4,PASS,PASS,PASS
14,3,3,14,32,2,12,9,1095,1095,4,PASS,PASS,PASS
14,3,3,14,32,3,11,12,1149,1149,4,PASS,PASS,PASS
14,3,3,15,32,1,14,6,1134,1134,4,PASS,PASS,PASS
14,3,3,15,32,2,13,9,1170,1170,4,PASS,PASS,PASS
14,3,3,15,32,3,12,12,1224,1224,4,PASS,PASS,PASS
14,3,3,16,32,1,15,6,1209,1209,4,PASS,PASS,PASS
14,3,3,16,32,2,14,9,1245,1245,4,PASS,PASS,PASS
14,3,3,16,32,3,13,12,1299,1299,4,PASS,PASS,PASS
14,3,3,17,32,1,16,6,1284,1284,4,PASS,PASS,PASS
14,3,3,17,32,2,15,9,1320,1320,4,PASS,PASS,PASS
14,3,3,17,32,3,14,12,1374,1374,4,PASS,PASS,PASS
14,3,3,18,32,1,17,6,1359,1359,4,PASS,PASS,PASS
14,3,3,18,32,2,16,9,1395,1395,4,PASS,PASS,PASS
14,3,3,18,32,3,15,12,1449,1449,4,PASS,PASS,PASS
14,3,3,19,32,1,18,6,1434,1434,4,PASS,PASS,PASS
14,3,3,19,32,2,17,9,1470,1470,4,PASS,PASS,PASS
14,3,3,19,32,3,16,12,1524,1524,4,PASS,PASS,PASS
14,3,3,20,32,1,19,6,1509,1509,4,PASS,PASS,PASS
14,3,3,20,32,2,18,9,1545,1545,4,PASS,PASS,PASS
14,3,3,20,32,3,17,12,1599,1599,4,PASS,PASS,PASS
14,3,3,21,32,1,20,6,1584,1584,4,PASS,PASS,PASS
14,3,3,21,32,2,19,9,1620,1620,4,PASS,PASS,PASS
14,3,3,21,32,3,18,12,1674,1674,4,PASS,PASS,PASS
14,3,3,22,32,1,21,6,1659,1659,4,PASS,PASS,PASS
14,3,3,22,32,2,20,9,1695,1695,4,PASS,PASS,PASS
14,3,3,22,32,3,19,12,1749,1749,4,PASS,PASS,PASS
14,3,3,23,32,1,22,6,1734,1734,4,PASS,PASS,PASS
14,3,3,23,32,2,21,9,1770,1770,4,PASS,PASS,PASS
14,3,3,23,32,3,20,12,1824,1824,4,PASS,PASS,PASS
14,3,3,24,32,1,23,6,1809,1809,4,PASS,PASS,PASS
14,3,3,24,32,2,22,9,1845,1845,4,PASS,PASS,PASS
14,3,3,24,32,3,21,12,1899,1899,4,PASS,PASS,PASS
15,1,1,4,8,1,3,2,117,117,3,PASS,PASS,PASS
15,1,1,5,8,1,4,2,146,146,4,PASS,PASS,PASS
15,1,1,6,8,1,5,2,175,175,4,PASS,PASS,PASS
15,1,1,7,8,1,6,2,204,204,4,PASS,PASS,PASS
15,1,1,8,8,1,7,2,233,233,4,PASS,PASS,PASS
15,1,1,9,8,1,8,2,262,262,4,PASS,PASS,PASS
15,1,1,10,8,1,9,2,291,291,4,PASS,PASS,PASS
15,1,1,11,8,1,10,2,320,320,4,PASS,PASS,PASS
15,1,1,12,8,1,11,2,349,349,4,PASS,PASS,PASS
15,1,1,13,8,1,12,2,378,378,4,PASS,PASS,PASS
15,1,1,14,8,1,13,2,407,407,4,PASS,PASS,PASS
15,1,1,15,8,1,14,2,436,436,4,PASS,PASS,PASS
15,1,1,16,8,1,15,2,465,465,4,PASS,PASS,PASS
15,1,1,17,8,1,16,2,494,494,4,PASS,PASS,PASS
15,1,1,18,8,1,17,2,523,523,4,PASS,PASS,PASS
15,1,1,19,8,1,18,2,552,552,4,PASS,PASS,PASS
15,1,1,20,8,1,19,2,581,581,4,PASS,PASS,PASS
15,1,1,21,8,1,20,2,610,610,4,PASS,PASS,PASS
15,1,1,22,8,1,21,2,639,639,4,PASS,PASS,PASS
15,1,1,23,8,1,22,2,668,668,4,PASS,PASS,PASS
15,1,1,24,8,1,23,2,697,697,4,PASS,PASS,PASS
15,1,2,4,8,1,3,3,177,177,3,PASS,PASS,PASS
15,1,2,4,8,2,2,4,182,182,2,PASS,PASS,PASS
15,1,2,5,8,1,4,3,221,221,4,PASS,PASS,PASS
15,1,2,5,8,2,3,4,226,226,3,PASS,PASS,PASS
15,1,2,6,8,1,5,3,265,265,4,PASS,PASS,PASS
15,1,2,6,8,2,4,4,270,270,4,PASS,PASS,PASS
15,1,2,7,8,1,6,3,309,309,4,PASS,PASS,PASS
15,1,2,7,8,2,5,4,314,314,4,PASS,PASS,PASS
15,1,2,8,8,1,7,3,353,353,4,PASS,PASS,PASS
15,1,2,8,8,2,6,4,358,358,4,PASS,PASS,PASS
15,1,2,9,8,1,8,3,397,397,4,PASS,PASS,PASS
15,1,2,9,8,2,7,4,402,402,4,PASS,PASS,PASS
15,1,2,10,8,1,9,3,441,441,4,PASS,PASS,PASS
15,1,2,10,8,2,8,4,446,446,4,PASS,PASS,PASS
15,1,2,11,8,1,10,3,485,485,4,PASS,PASS,PASS
15,1,2,11,8,2,9,4,490,490,4,PASS,PASS,PASS
15,1,2,12,8,1,11,3,529,529,4,PASS,PASS,PASS
15,1,2,12,8,2,10,4,534,534,4,PASS,PASS,PASS
15,1,2,13,8,1,12,3,573,573,4,PASS,PASS,PASS
15,1,2,13,8,2,11,4,578,578,4,PASS,PASS,PASS
15,1,2,14,8,1,13,3,617,617,4,PASS,PASS,PASS
15,1,2,14,8,2,12,4,622,622,4,PASS,PASS,PASS
15,1,2,15,8,1,14,3,661,661,4,PASS,PASS,PASS
15,1,2,15,8,2,13,4,666,666,4,PASS,PASS,PASS
15,1,2,16,8,1,15,3,705,705,4,PASS,PASS,PASS
15,1,2,16,8,2,14,4,710,710,4,PASS,PASS,PASS
15,1,2,17,8,1,16,3,749,749,4,PASS,PASS,PASS
15,1,2,17,8,2,15,4,754,754,4,PASS,PASS,PASS
15,1,2,18,16,1,17,3,793,793,4,PASS,PASS,PASS
15,1,2,18,16,2,16,4,798,798,4,PASS,PASS,PASS
15,1,2,19,16,1,18,3,837,837,4,PASS,PASS,PASS
15,1,2,19,16,2,17,4,842,842,4,PASS,PASS,PASS
15,1,2,20,16,1,19,3,881,881,4,PASS,PASS,PASS
15,1,2,20,16,2,18,4,886,886,4,PASS,PASS,PASS
15,1,2,21,16,1,20,3,925,925,4,PASS,PASS,PASS
15,1,2,21,16,2,19,4,930,930,4,PASS,PASS,PASS
15,1,2,22,16,1,21,3,969,969,4,PASS,PASS,PASS
15,1,2,22,16,2,20,4,974,974,4,PASS,PASS,PASS
15,1,2,23,16,1,22,3,1013,1013,4,PASS,PASS,PASS
15,1,2,23,16,2,21,4,1018,1018,4,PASS,PASS,PASS
15,1,2,24,16,1,23,3,1057,1057,4,PASS,PASS,PASS
15,1,2,24,16,2,22,4,1062,1062,4,PASS,PASS,PASS
15,1,3,4,16,1,3,4,237,237,3,PASS,PASS,PASS
15,1,3,4,16,2,2,5,243,243,2,PASS,PASS,PASS
15,1,3,4,16,3,1,6,251,251,1,PASS,PASS,PASS
15,1,3,5,16,1,4,4,296,296,4,PASS,PASS,PASS
15,1,3,5,16,2,3,5,302,302,3,PASS,PASS,PASS
15,1,3,5,16,3,2,6,310,310,2,PASS,PASS,PASS
15,1,3,6,16,1,5,4,355,355,4,PASS,PASS,PASS
15,1,3,6,16,2,4,5,361,361,4,PASS,PASS,PASS
15,1,3,6,16,3,3,6,369,369,3,PASS,PASS,PASS
15,1,3,7,16,1,6,4,414,414,4,PASS,PASS,PASS
15,1,3,7,16,2,5,5,420,420,4,PASS,PASS,PASS
15,1,3,7,16,3,4,6,428,428,4,PASS,PASS,PASS
15,1,3,8,16,1,7,4,473,473,4,PASS,PASS,PASS
15,1,3,8,16,2,6,5,479,479,4,PASS,PASS,PASS
15,1,3,8,16,3,5,6,487,487,4,PASS,PASS,PASS
15,1,3,9,16,1,8,4,532,532,4,PASS,PASS,PASS
15,1,3,9,16,2,7,5,538,538,4,PASS,PASS,PASS
15,1,3,9,16,3,6,6,546,546,4,PASS,PASS,PASS
15,1,3,10,32,1,9,4,591,591,4,PASS,PASS,PASS
15,1,3,10,32,2,8,5,597,597,4,PASS,PASS,PASS
15,1,3,10,32,3,7,6,605,605,4,PASS,PASS,PASS
15,1,3,11,32,1,10,4,650,650,4,PASS,PASS,PASS
15,1,3,11,32,2,9,5,656,656,4,PASS,PASS,PASS
15,1,3,11,32,3,8,6,664,664,4,PASS,PASS,PASS
15,1,3,12,16,1,11,4,709,709,4,PASS,PASS,PASS
15,1,3,12,16,2,10,5,715,715,4,PASS,PASS,PASS
15,1,3,12,16,3,9,6,723,723,4,PASS,PASS,PASS
15,1,3,13,32,1,12,4,768,768,4,PASS,PASS,PASS
15,1,3,13,32,2,11,5,774,774,4,PASS,PASS,PASS
15,1,3,13,32,3,10,6,782,782,4,PASS,PASS,PASS
15,1,3,14,32,1,13,4,827,827,4,PASS,PASS,PASS
15,1,3,14,32,2,12,5,833,833,4,PASS,PASS,PASS
15,1,3,14,32,3,11,6,841,841,4,PASS,PASS,PASS
15,1,3,15,32,1,14,4,886,886,4,PASS,PASS,PASS
15,1,3,15,32,2,13,5,892,892,4,PASS,PASS,PASS
15,1,3,15,32,3,12,6,900,900,4,PASS,PASS,PASS
15,1,3,16,16,1,15,4,945,945,4,PASS,PASS,PASS
15,1,3,16,16,2,14,5,951,951,4,PASS,PASS,PASS
15,1,3,16,16,3,13,6,959,959,4,PASS,PASS,PASS
15,1,3,17,32,1,16,4,1004,1004,4,PASS,PASS,PASS
15,1,3,17,32,2,15,5,1010,1010,4,PASS,PASS,PASS
15,1,3,17,32,3,14,6,1018,1018,4,PASS,PASS,PASS
15,1,3,18,32,1,17,4,1063,1063,4,PASS,PASS,PASS
15,1,3,18,32,2,16,5,1069,1069,4,PASS,PASS,PASS
15,1,3,18,32,3,15,6,1077,1077,4,PASS,PASS,PASS
15,1,3,19,32,1,18,4,1122,1122,4,PASS,PASS,PASS
15,1,3,19,32,2,17,5,1128,1128,4,PASS,PASS,PASS
15,1,3,19,32,3,16,6,1136,1136,4,PASS,PASS,PASS
15,1,3,20,32,1,19,4,1181,1181,4,PASS,PASS,PASS
15,1,3,20,32,2,18,5,1187,1187,4,PASS,PASS,PASS
15,1,3,20,32,3,17,6,1195,1195,4,PASS,PASS,PASS
15,1,3,21,32,1,20,4,1240,1240,4,PASS,PASS,PASS
15,1,3,21,32,2,19,5,1246,1246,4,PASS,PASS,PASS
15,1,3,21,32,3,18,6,1254,1254,4,PASS,PASS,PASS
15,1,3,22,32,1,21,4,1299,1299,4,PASS,PASS,PASS
15,1,3,22,32,2,20,5,1305,1305,4,PASS,PASS,PASS
15,1,3,22,32,3,19,6,1313,1313,4,PASS,PASS,PASS
15,1,3,23,32,1,22,4,1358,1358,4,PASS,PASS,PASS
15,1,3,23,32,2,21,5,1364,1364,4,PASS,PASS,PASS
15,1,3,23,32,3,20,6,1372,1372,4,PASS,PASS,PASS
15,1,3,24,32,1,23,4,1417,1417,4,PASS,PASS,PASS
15,1,3,24,32,2,22,5,1423,1423,4,PASS,PASS,PASS
15,1,3,24,32,3,21,6,1431,1431,4,PASS,PASS,PASS
15,2,1,4,8,1,3,3,168,168,3,PASS,PASS,PASS
15,2,1,5,8,1,4,3,209,209,4,PASS,PASS,PASS
15,2,1,6,8,1,5,3,250,250,4,PASS,PASS,PASS
15,2,1,7,8,1,6,3,291,291,4,PASS,PASS,PASS
15,2,1,8,8,1,7,3,332,332,4,PASS,PASS,PASS
15,2,1,9,8,1,8,3,373,373,4,PASS,PASS,PASS
15,2,1,10,8,1,9,3,414,414,4,PASS,PASS,PASS
15,2,1,11,8,1,10,3,455,455,4,PASS,PASS,PASS
15,2,1,12,8,1,11,3,496,496,4,PASS,PASS,PASS
15,2,1,13,8,1,12,3,537,537,4,PASS,PASS,PASS
15,2,1,14,8,1,13,3,578,578,4,PASS,PASS,PASS
15,2,1,15,8,1,14,3,619,619,4,PASS,PASS,PASS
15,2,1,16,8,1,15,3,660,660,4,PASS,PASS,PASS
15,2,1,17,8,1,16,3,701,701,4,PASS,PASS,PASS
15,2,1,18,8,1,17,3,742,742,4,PASS,PASS,PASS
15,2,1,19,8,1,18,3,783,783,4,PASS,PASS,PASS
15,2,1,20,8,1,19,3,824,824,4,PASS,PASS,PASS
15,2,1,21,8,1,20,3,865,865,4,PASS,PASS,PASS
15,2,1,22,8,1,21,3,906,906,4,PASS,PASS,PASS
15,2,1,23,8,1,22,3,947,947,4,PASS,PASS,PASS
15,2,1,24,8,1,23,3,988,988,4,PASS,PASS,PASS
15,2,2,4,8,1,3,4,228,228,3,PASS,PASS,PASS
15,2,2,4,8,2,2,6,244,244,2,PASS,PASS,PASS
15,2,2,5,8,1,4,4,284,284,4,PASS,PASS,PASS
15,2,2,5,8,2,3,6,300,300,3,PASS,PASS,PASS
15,2,2,6,8,1,5,4,340,340,4,PASS,PASS,PASS
15,2,2,6,8,2,4,6,356,356,4,PASS,PASS,PASS
15,2,2,7,8,1,6,4,396,396,4,PASS,PASS,PASS
15,2,2,7,8,2,5,6,412,412,4,PASS,PASS,PASS
15,2,2,8,8,1,7,4,452,452,4,PASS,PASS,PASS
15,2,2,8,8,2,6,6,468,468,4,PASS,PASS,PASS
15,2,2,9,8,1,8,4,508,508,4,PASS,PASS,PASS
15,2,2,9,8,2,7,6,524,524,4,PASS,PASS,PASS
15,2,2,10,8,1,9,4,564,564,4,PASS,PASS,PASS
15,2,2,10,8,2,8,6,580,580,4,PASS,PASS,PASS
15,2,2,11,8,1,10,4,620,620,4,PASS,PASS,PASS
15,2,2,11,8,2,9,6,636,636,4,PASS,PASS,PASS
15,2,2,12,8,1,11,4,676,676,4,PASS,PASS,PASS
15,2,2,12,8,2,10,6,690,690,4,PASS,PASS,PASS
15,2,2,13,8,1,12,4,732,732,4,PASS,PASS,PASS
15,2,2,13,8,2,11,6,748,748,4,PASS,PASS,PASS
15,2,2,14,8,1,13,4,788,788,4,PASS,PASS,PASS
15,2,2,14,8,2,12,6,804,804,4,PASS,PASS,PASS
15,2,2,15,8,1,14,4,844,844,4,PASS,PASS,PASS
15,2,2,15,8,2,13,6,860,860,4,PASS,PASS,PASS
15,2,2,16,8,1,15,4,900,900,4,PASS,PASS,PASS
15,2,2,16,8,2,14,6,916,916,4,PASS,PASS,PASS
15,2,2,17,8,1,16,4,956,956,4,PASS,PASS,PASS
15,2,2,17,8,2,15,6,972,972,4,PASS,PASS,PASS
15,2,2,18,16,1,17,4,1012,1012,4,PASS,PASS,PASS
15,2,2,18,16,2,16,6,1028,1028,4,PASS,PASS,PASS
15,2,2,19,16,1,18,4,1068,1068,4,PASS,PASS,PASS
15,2,2,19,16,2,17,6,1084,1084,4,PASS,PASS,PASS
15,2,2,20,16,1,19,4,1124,1124,4,PASS,PASS,PASS
15,2,2,20,16,2,18,6,1140,1140,4,PASS,PASS,PASS
15,2,2,21,16,1,20,4,1180,1180,4,PASS,PASS,PASS
15,2,2,21,16,2,19,6,1196,1196,4,PASS,PASS,PASS
15,2,2,22,16,1,21,4,1236,1236,4,PASS,PASS,PASS
15,2,2,22,16,2,20,6,1252,1252,4,PASS,PASS,PASS
15,2,2,23,16,1,22,4,1292,1292,4,PASS,PASS,PASS
15,2,2,23,16,2,21,6,1308,1308,4,PASS,PASS,PASS
15,2,2,24,16,1,23,4,1348,1348,4,PASS,PASS,PASS
15,2,2,24,16,2,22,6,1364,1364,4,PASS,PASS,PASS
15,2,3,4,16,1,3,5,288,288,3,PASS,PASS,PASS
15,2,3,4,16,2,2,7,306,306,2,PASS,PASS,PASS
15,2,3,4,16,3,1,9,332,332,1,PASS,PASS,PASS
15,2,3,5,32,1,4,5,359,359,4,PASS,PASS,PASS
15,2,3,5,32,2,3,7,377,377,3,PASS,PASS,PASS
15,2,3,5,32,3,2,9,403,403,2,PASS,PASS,PASS
15,2,3,6,32,1,5,5,430,430,4,PASS,PASS,PASS
15,2,3,6,32,2,4,7,448,448,4,PASS,PASS,PASS
15,2,3,6,32,3,3,9,474,474,3,PASS,PASS,PASS
15,2,3,7,32,1,6,5,501,501,4,PASS,PASS,PASS
15,2,3,7,32,2,5,7,519,519,4,PASS,PASS,PASS
15,2,3,7,32,3,4,9,545,545,4,PASS,PASS,PASS
15,2,3,8,32,1,7,5,572,572,4,PASS,PASS,PASS
15,2,3,8,32,2,6,7,590,590,4,PASS,PASS,PASS
15,2,3,8,32,3,5,9,616,616,4,PASS,PASS,PASS
15,2,3,9,32,1,8,5,643,643,4,PASS,PASS,PASS
15,2,3,9,32,2,7,7,661,661,4,PASS,PASS,PASS
15,2,3,9,32,3,6,9,687,687,4,PASS,PASS,PASS
15,2,3,10,32,1,9,5,714,714,4,PASS,PASS,PASS
15,2,3,10,32,2,8,7,732,732,4,PASS,PASS,PASS
15,2,3,10,32,3,7,9,758,758,4,PASS,PASS,PASS
15,2,3,11,32,1,10,5,785,785,4,PASS,PASS,PASS
15,2,3,11,32,2,9,7,803,803,4,PASS,PASS,PASS
15,2,3,11,32,3,8,9,829,829,4,PASS,PASS,PASS
15,2,3,12,32,1,11,5,856,856,4,PASS,PASS,PASS
15,2,3,12,32,2,10,7,874,874,4,PASS,PASS,PASS
15,2,3,12,32,3,9,9,900,900,4,PASS,PASS,PASS
15,2,3,13,32,1,12,5,927,927,4,PASS,PASS,PASS
15,2,3,13,32,2,11,7,945,945,4,PASS,PASS,PASS
15,2,3,13,32,3,10,9,971,971,4,PASS,PASS,PASS
15,2,3,14,32,1,13,5,998,998,4,PASS,PASS,PASS
15,2,3,14,32,2,12,7,1016,1016,4,PASS,PASS,PASS
15,2,3,14,32,3,11,9,1042,1042,4,PASS,PASS,PASS
15,2,3,15,32,1,14,5,1069,1069,4,PASS,PASS,PASS
15,2,3,15,32,2,13,7,1087,1087,4,PASS,PASS,PASS
15,2,3,15,32,3,12,9,1113,1113,4,PASS,PASS,PASS
15,2,3,16,32,1,15,5,1140,1140,4,PASS,PASS,PASS
15,2,3,16,32,2,14,7,1158,1158,4,PASS,PASS,PASS
15,2,3,16,32,3,13,9,1184,1184,4,PASS,PASS,PASS
15,2,3,17,32,1,16,5,1211,1211,4,PASS,PASS,PASS
15,2,3,17,32,2,15,7,1229,1229,4,PASS,PASS,PASS
15,2,3,17,32,3,14,9,1255,1255,4,PASS,PASS,PASS
15,2,3,18,32,1,17,5,1282,1282,4,PASS,PASS,PASS
15,2,3,18,32,2,16,7,1300,1300,4,PASS,PASS,PASS
15,2,3,18,32,3,15,9,1326,1326,4,PASS,PASS,PASS
15,2,3,19,32,1,18,5,1353,1353,4,PASS,PASS,PASS
15,2,3,19,32,2,17,7,1371,1371,4,PASS,PASS,PASS
15,2,3,19,32,3,16,9,1397,1397,4,PASS,PASS,PASS
15,2,3,20,32,1,19,5,1424,1424,4,PASS,PASS,PASS
15,2,3,20,32,2,18,7,1442,1442,4,PASS,PASS,PASS
15,2,3,20,32,3,17,9,1468,1468,4,PASS,PASS,PASS
15,2,3,21,32,1,20,5,1495,1495,4,PASS,PASS,PASS
15,2,3,21,32,2,19,7,1513,1513,4,PASS,PASS,PASS
15,2,3,21,32,3,18,9,1539,1539,4,PASS,PASS,PASS
15,2,3,22,32,1,21,5,1566,1566,4,PASS,PASS,PASS
15,2,3,22,32,2,20,7,1584,1584,4,PASS,PASS,PASS
15,2,3,22,32,3,19,9,1610,1610,4,PASS,PASS,PASS
15,2,3,23,32,1,22,5,1637,1637,4,PASS,PASS,PASS
15,2,3,23,32,2,21,7,1655,1655,4,PASS,PASS,PASS
15,2,3,23,32,3,20,9,1681,1681,4,PASS,PASS,PASS
15,2,3,24,32,1,23,5,1708,1708,4,PASS,PASS,PASS
15,2,3,24,32,2,22,7,1726,1726,4,PASS,PASS,PASS
15,2,3,24,32,3,21,9,1752,1752,4,PASS,PASS,PASS
15,3,1,4,8,1,3,4,213,213,3,PASS,PASS,PASS
15,3,1,5,8,1,4,4,264,264,4,PASS,PASS,PASS
15,3,1,6,8,1,5,4,315,315,4,PASS,PASS,PASS
15,3,1,7,8,1,6,4,366,366,4,PASS,PASS,PASS
15,3,1,8,8,1,7,4,417,417,4,PASS,PASS,PASS
15,3,1,9,8,1,8,4,468,468,4,PASS,PASS,PASS
15,3,1,10,8,1,9,4,519,519,4,PASS,PASS,PASS
15,3,1,11,8,1,10,4,570,570,4,PASS,PASS,PASS
15,3,1,12,8,1,11,4,621,621,4,PASS,PASS,PASS
15,3,1,13,8,1,12,4,672,672,4,PASS,PASS,PASS
15,3,1,14,8,1,13,4,723,723,4,PASS,PASS,PASS
15,3,1,15,8,1,14,4,774,774,4,PASS,PASS,PASS
15,3,1,16,8,1,15,4,825,825,4,PASS,PASS,PASS
15,3,1,17,8,1,16,4,876,876,4,PASS,PASS,PASS
15,3,1,18,8,1,17,4,927,927,4,PASS,PASS,PASS
15,3,1,19,8,1,18,4,978,978,4,PASS,PASS,PASS
15,3,1,20,8,1,19,4,1029,1029,4,PASS,PASS,PASS
15,3,1,21,8,1,20,4,1080,1080,4,PASS,PASS,PASS
15,3,1,22,8,1,21,4,1131,1131,4,PASS,PASS,PASS
15,3,1,23,8,1,22,4,1182,1182,4,PASS,PASS,PASS
15,3,1,24,8,1,23,4,1233,1233,4,PASS,PASS,PASS
15,3,2,4,8,1,3,5,273,273,3,PASS,PASS,PASS
15,3,2,4,8,2,2,8,304,304,2,PASS,PASS,PASS
15,3,2,5,8,1,4,5,339,339,4,PASS,PASS,PASS
15,3,2,5,8,2,3,8,370,370,3,PASS,PASS,PASS
15,3,2,6,8,1,5,5,405,405,4,PASS,PASS,PASS
15,3,2,6,8,2,4,8,436,436,4,PASS,PASS,PASS
15,3,2,7,8,1,6,5,471,471,4,PASS,PASS,PASS
15,3,2,7,8,2,5,8,502,502,4,PASS,PASS,PASS
15,3,2,8,8,1,7,5,537,537,4,PASS,PASS,PASS
15,3,2,8,8,2,6,8,568,568,4,PASS,PASS,PASS
15,3,2,9,8,1,8,5,603,603,4,PASS,PASS,PASS
15,3,2,9,8,2,7,8,634,634,4,PASS,PASS,PASS
15,3,2,10,8,1,9,5,669,669,4,PASS,PASS,PASS
15,3,2,10,8,2,8,8,700,700,4,PASS,PASS,PASS
15,3,2,11,8,1,10,5,735,735,4,PASS,PASS,PASS
15,3,2,11,8,2,9,8,766,766,4,PASS,PASS,PASS
15,3,2,12,8,1,11,5,801,801,4,PASS,PASS,PASS
15,3,2,12,8,2,10,8,832,832,4,PASS,PASS,PASS
15,3,2,13,8,1,12,5,867,867,4,PASS,PASS,PASS
15,3,2,13,8,2,11,8,898,898,4,PASS,PASS,PASS
15,3,2,14,8,1,13,5,933,933,4,PASS,PASS,PASS
15,3,2,14,8,2,12,8,964,964,4,PASS,PASS,PASS
15,3,2,15,8,1,14,5,999,999,4,PASS,PASS,PASS
15,3,2,15,8,2,13,8,1030,1030,4,PASS,PASS,PASS
15,3,2,16,8,1,15,5,1065,1065,4,PASS,PASS,PASS
15,3,2,16,8,2,14,8,1096,1096,4,PASS,PASS,PASS
15,3,2,17,8,1,16,5,1131,1131,4,PASS,PASS,PASS
15,3,2,17,8,2,15,8,1162,1162,4,PASS,PASS,PASS
15,3,2,18,32,1,17,5,1197,1197,4,PASS,PASS,PASS
15,3,2,18,32,2,16,8,1230,1230,4,PASS,PASS,PASS
15,3,2,19,32,1,18,5,1263,1263,4,PASS,PASS,PASS
15,3,2,19,32,2,17,8,1296,1296,4,PASS,PASS,PASS
15,3,2,20,16,1,19,5,1329,1329,4,PASS,PASS,PASS
15,3,2,20,16,2,18,8,1362,1362,4,PASS,PASS,PASS
15,3,2,21,32,1,20,5,1395,1395,4,PASS,PASS,PASS
15,3,2,21,32,2,19,8,1428,1428,4,PASS,PASS,PASS
15,3,2,22,32,1,21,5,1461,1461,4,PASS,PASS,PASS
15,3,2,22,32,2,20,8,1494,1494,4,PASS,PASS,PASS
15,3,2,23,32,1,22,5,1527,1527,4,PASS,PASS,PASS
15,3,2,23,32,2,21,8,1560,1560,4,PASS,PASS,PASS
15,3,2,24,16,1,23,5,1593,1593,4,PASS,PASS,PASS
15,3,2,24,16,2,22,8,1626,1626,4,PASS,PASS,PASS
15,3,3,4,32,1,3,6,333,333,3,PASS,PASS,PASS
15,3,3,4,32,2,2,9,369,369,2,PASS,PASS,PASS
15,3,3,4,32,3,1,12,423,423,1,PASS,PASS,PASS
15,3,3,5,32,1,4,6,414,414,4,PASS,PASS,PASS
15,3,3,5,32,2,3,9,450,450,3,PASS,PASS,PASS
15,3,3,5,32,3,2,12,504,504,2,PASS,PASS,PASS
15,3,3,6,32,1,5,6,495,495,4,PASS,PASS,PASS
15,3,3,6,32,2,4,9,531,531,4,PASS,PASS,PASS
15,3,3,6,32,3,3,12,585,585,3,PASS,PASS,PASS
15,3,3,7,32,1,6,6,576,576,4,PASS,PASS,PASS
15,3,3,7,32,2,5,9,612,612,4,PASS,PASS,PASS
15,3,3,7,32,3,4,12,666,666,4,PASS,PASS,PASS
15,3,3,8,32,1,7,6,657,657,4,PASS,PASS,PASS
15,3,3,8,32,2,6,9,693,693,4,PASS,PASS,PASS
15,3,3,8,32,3,5,12,747,747,4,PASS,PASS,PASS
15,3,3,9,32,1,8,6,738,738,4,PASS,PASS,PASS
15,3,3,9,32,2,7,9,774,774,4,PASS,PASS,PASS
15,3,3,9,32,3,6,12,828,828,4,PASS,PASS,PASS
15,3,3,10,32,1,9,6,819,819,4,PASS,PASS,PASS
15,3,3,10,32,2,8,9,855,855,4,PASS,PASS,PASS
15,3,3,10,32,3,7,12,909,909,4,PASS,PASS,PASS
15,3,3,11,32,1,10,6,900,900,4,PASS,PASS,PASS
15,3,3,11,32,2,9,9,936,936,4,PASS,PASS,PASS
15,3,3,11,32,3,8,12,990,990,4,PASS,PASS,PASS
15,3,3,12,32,1,11,6,981,981,4,PASS,PASS,PASS
15,3,3,12,32,2,10,9,1017,1017,4,PASS,PASS,PASS
15,3,3,12,32,3,9,12,1071,1071,4,PASS,PASS,PASS
15,3,3,13,32,1,12,6,1062,1062,4,PASS,PASS,PASS
15,3,3,13,32,2,11,9,1098,1098,4,PASS,PASS,PASS
15,3,3,13,32,3,10,12,1152,1152,4,PASS,PASS,PASS
15,3,3,14,32,1,13,6,1143,1143,4,PASS,PASS,PASS
15,3,3,14,32,2,12,9,1179,1179,4,PASS,PASS,PASS
15,3,3,14,32,3,11,12,1233,1233,4,PASS,PASS,PASS
15,3,3,15,32,1,14,6,1224,1224,4,PASS,PASS,PASS
15,3,3,15,32,2,13,9,1260,1260,4,PASS,PASS,PASS
15,3,3,15,32,3,12,12,1314,1314,4,PASS,PASS,PASS
15,3,3,16,32,1,15,6,1305,1305,4,PASS,PASS,PASS
15,3,3,16,32,2,14,9,1341,1341,4,PASS,PASS,PASS
15,3,3,16,32,3,13,12,1395,1395,4,PASS,PASS,PASS
15,3,3,17,32,1,16,6,1386,1386,4,PASS,PASS,PASS
15,3,3,17,32,2,15,9,1422,1422,4,PASS,PASS,PASS
15,3,3,17,32,3,14,12,1476,1476,4,PASS,PASS,PASS
15,3,3,18,32,1,17,6,1467,1467,4,PASS,PASS,PASS
15,3,3,18,32,2,16,9,1503,1503,4,PASS,PASS,PASS
15,3,3,18,32,3,15,12,1557,1557,4,PASS,PASS,PASS
15,3,3,19,32,1,18,6,1548,1548,4,PASS,PASS,PASS
15,3,3,19,32,2,17,9,1584,1584,4,PASS,PASS,PASS
15,3,3,19,32,3,16,12,1638,1638,4,PASS,PASS,PASS
15,3,3,20,32,1,19,6,1629,1629,4,PASS,PASS,PASS
15,3,3,20,32,2,18,9,1665,1665,4,PASS,PASS,PASS
15,3,3,20,32,3,17,12,1719,1719,4,PASS,PASS,PASS
15,3,3,21,32,1,20,6,1710,1710,4,PASS,PASS,PASS
15,3,3,21,32,2,19,9,1746,1746,4,PASS,PASS,PASS
15,3,3,21,32,3,18,12,1800,1800,4,PASS,PASS,PASS
15,3,3,22,32,1,21,6,1791,1791,4,PASS,PASS,PASS
15,3,3,22,32,2,20,9,1827,1827,4,PASS,PASS,PASS
15,3,3,22,32,3,19,12,1881,1881,4,PASS,PASS,PASS
15,3,3,23,32,1,22,6,1872,1872,4,PASS,PASS,PASS
15,3,3,23,32,2,21,9,1908,1908,4,PASS,PASS,PASS
15,3,3,23,32,3,20,12,1962,1962,4,PASS,PASS,PASS
15,3,3,24,32,1,23,6,1953,1953,4,PASS,PASS,PASS
15,3,3,24,32,2,22,9,1989,1989,4,PASS,PASS,PASS
15,3,3,24,32,3,21,12,2043,2043,4,PASS,PASS,PASS
16,1,1,4,8,1,3,2,125,125,3,PASS,PASS,PASS
16,1,1,5,8,1,4,2,156,156,4,PASS,PASS,PASS
16,1,1,6,8,1,5,2,187,187,4,PASS,PASS,PASS
16,1,1,7,8,1,6,2,218,218,4,PASS,PASS,PASS
16,1,1,8,8,1,7,2,249,249,4,PASS,PASS,PASS
16,1,1,9,8,1,8,2,280,280,4,PASS,PASS,PASS
16,1,1,10,8,1,9,2,311,311,4,PASS,PASS,PASS
16,1,1,11,8,1,10,2,342,342,4,PASS,PASS,PASS
16,1,1,12,8,1,11,2,373,373,4,PASS,PASS,PASS
16,1,1,13,8,1,12,2,404,404,4,PASS,PASS,PASS
16,1,1,14,8,1,13,2,435,435,4,PASS,PASS,PASS
16,1,1,15,8,1,14,2,466,466,4,PASS,PASS,PASS
16,1,1,16,8,1,15,2,497,497,4,PASS,PASS,PASS
16,1,1,17,8,1,16,2,528,528,4,PASS,PASS,PASS
16,1,1,18,8,1,17,2,559,559,4,PASS,PASS,PASS
16,1,1,19,8,1,18,2,590,590,4,PASS,PASS,PASS
16,1,1,20,8,1,19,2,621,621,4,PASS,PASS,PASS
16,1,1,21,8,1,20,2,652,652,4,PASS,PASS,PASS
16,1,1,22,8,1,21,2,683,683,4,PASS,PASS,PASS
16,1,1,23,8,1,22,2,714,714,4,PASS,PASS,PASS
16,1,1,24,8,1,23,2,745,745,4,PASS,PASS,PASS
16,1,2,4,8,1,3,3,189,189,3,PASS,PASS,PASS
16,1,2,4,8,2,2,4,194,194,2,PASS,PASS,PASS
16,1,2,5,8,1,4,3,236,236,4,PASS,PASS,PASS
16,1,2,5,8,2,3,4,241,241,3,PASS,PASS,PASS
16,1,2,6,8,1,5,3,283,283,4,PASS,PASS,PASS
16,1,2,6,8,2,4,4,288,288,4,PASS,PASS,PASS
16,1,2,7,8,1,6,3,330,330,4,PASS,PASS,PASS
16,1,2,7,8,2,5,4,335,335,4,PASS,PASS,PASS
16,1,2,8,8,1,7,3,377,377,4,PASS,PASS,PASS
16,1,2,8,8,2,6,4,382,382,4,PASS,PASS,PASS
16,1,2,9,16,1,8,3,424,424,4,PASS,PASS,PASS
16,1,2,9,16,2,7,4,429,429,4,PASS,PASS,PASS
16,1,2,10,16,1,9,3,471,471,4,PASS,PASS,PASS
16,1,2,10,16,2,8,4,476,476,4,PASS,PASS,PASS
16,1,2,11,16,1,10,3,518,518,4,PASS,PASS,PASS
16,1,2,11,16,2,9,4,523,523,4,PASS,PASS,PASS
16,1,2,12,16,1,11,3,565,565,4,PASS,PASS,PASS
16,1,2,12,16,2,10,4,570,570,4,PASS,PASS,PASS
16,1,2,13,16,1,12,3,612,612,4,PASS,PASS,PASS
16,1,2,13,16,2,11,4,617,617,4,PASS,PASS,PASS
16,1,2,14,16,1,13,3,659,659,4,PASS,PASS,PASS
16,1,2,14,16,2,12,4,664,664,4,PASS,PASS,PASS
16,1,2,15,16,1,14,3,706,706,4,PASS,PASS,PASS
16,1,2,15,16,2,13,4,711,711,4,PASS,PASS,PASS
16,1,2,16,16,1,15,3,753,753,4,PASS,PASS,PASS
16,1,2,16,16,2,14,4,758,758,4,PASS,PASS,PASS
16,1,2,17,16,1,16,3,800,800,4,PASS,PASS,PASS
16,1,2,17,16,2,15,4,805,805,4,PASS,PASS,PASS
16,1,2,18,16,1,17,3,847,847,4,PASS,PASS,PASS
16,1,2,18,16,2,16,4,852,852,4,PASS,PASS,PASS
16,1,2,19,16,1,18,3,894,894,4,PASS,PASS,PASS
16,1,2,19,16,2,17,4,899,899,4,PASS,PASS,PASS
16,1,2,20,16,1,19,3,941,941,4,PASS,PASS,PASS
16,1,2,20,16,2,18,4,946,946,4,PASS,PASS,PASS
16,1,2,21,16,1,20,3,988,988,4,PASS,PASS,PASS
16,1,2,21,16,2,19,4,993,993,4,PASS,PASS,PASS
16,1,2,22,16,1,21,3,1035,1035,4,PASS,PASS,PASS
16,1,2,22,16,2,20,4,1040,1040,4,PASS,PASS,PASS
16,1,2,23,16,1,22,3,1082,1082,4,PASS,PASS,PASS
16,1,2,23,16,2,21,4,1087,1087,4,PASS,PASS,PASS
16,1,2,24,16,1,23,3,1129,1129,4,PASS,PASS,PASS
16,1,2,24,16,2,22,4,1134,1134,4,PASS,PASS,PASS
16,1,3,4,16,1,3,4,253,253,3,PASS,PASS,PASS
16,1,3,4,16,2,2,5,259,259,2,PASS,PASS,PASS
16,1,3,4,16,3,1,6,267,267,1,PASS,PASS,PASS
16,1,3,5,16,1,4,4,316,316,4,PASS,PASS,PASS
16,1,3,5,16,2,3,5,322,322,3,PASS,PASS,PASS
16,1,3,5,16,3,2,6,330,330,2,PASS,PASS,PASS
16,1,3,6,16,1,5,4,379,379,4,PASS,PASS,PASS
16,1,3,6,16,2,4,5,385,385,4,PASS,PASS,PASS
16,1,3,6,16,3,3,6,393,393,3,PASS,PASS,PASS
16,1,3,7,16,1,6,4,442,442,4,PASS,PASS,PASS
16,1,3,7,16,2,5,5,448,448,4,PASS,PASS,PASS
16,1,3,7,16,3,4,6,456,456,4,PASS,PASS,PASS
16,1,3,8,16,1,7,4,505,505,4,PASS,PASS,PASS
16,1,3,8,16,2,6,5,511,511,4,PASS,PASS,PASS
16,1,3,8,16,3,5,6,519,519,4,PASS,PASS,PASS
16,1,3,9,32,1,8,4,568,568,4,PASS,PASS,PASS
16,1,3,9,32,2,7,5,574,574,4,PASS,PASS,PASS
16,1,3,9,32,3,6,6,582,582,4,PASS,PASS,PASS
16,1,3,10,32,1,9,4,631,631,4,PASS,PASS,PASS
16,1,3,10,32,2,8,5,637,637,4,PASS,PASS,PASS
16,1,3,10,32,3,7,6,645,645,4,PASS,PASS,PASS
16,1,3,11,32,1,10,4,694,694,4,PASS,PASS,PASS
16,1,3,11,32,2,9,5,700,700,4,PASS,PASS,PASS
16,1,3,11,32,3,8,6,708,708,4,PASS,PASS,PASS
16,1,3,12,16,1,11,4,757,757,4,PASS,PASS,PASS
16,1,3,12,16,2,10,5,763,763,4,PASS,PASS,PASS
16,1,3,12,16,3,9,6,771,771,4,PASS,PASS,PASS
16,1,3,13,32,1,12,4,820,820,4,PASS,PASS,PASS
16,1,3,13,32,2,11,5,826,826,4,PASS,PASS,PASS
16,1,3,13,32,3,10,6,834,834,4,PASS,PASS,PASS
16,1,3,14,32,1,13,4,883,883,4,PASS,PASS,PASS
16,1,3,14,32,2,12,5,889,889,4,PASS,PASS,PASS
16,1,3,14,32,3,11,6,897,897,4,PASS,PASS,PASS
16,1,3,15,32,1,14,4,946,946,4,PASS,PASS,PASS
16,1,3,15,32,2,13,5,952,952,4,PASS,PASS,PASS
16,1,3,15,32,3,12,6,960,960,4,PASS,PASS,PASS
16,1,3,16,32,1,15,4,1009,1009,4,PASS,PASS,PASS
16,1,3,16,32,2,14,5,1015,1015,4,PASS,PASS,PASS
16,1,3,16,32,3,13,6,1023,1023,4,PASS,PASS,PASS
16,1,3,17,32,1,16,4,1072,1072,4,PASS,PASS,PASS
16,1,3,17,32,2,15,5,1078,1078,4,PASS,PASS,PASS
16,1,3,17,32,3,14,6,1086,1086,4,PASS,PASS,PASS
16,1,3,18,32,1,17,4,1135,1135,4,PASS,PASS,PASS
16,1,3,18,32,2,16,5,1141,1141,4,PASS,PASS,PASS
16,1,3,18,32,3,15,6,1149,1149,4,PASS,PASS,PASS
16,1,3,19,32,1,18,4,1198,1198,4,PASS,PASS,PASS
16,1,3,19,32,2,17,5,1204,1204,4,PASS,PASS,PASS
16,1,3,19,32,3,16,6,1212,1212,4,PASS,PASS,PASS
16,1,3,20,32,1,19,4,1261,1261,4,PASS,PASS,PASS
16,1,3,20,32,2,18,5,1267,1267,4,PASS,PASS,PASS
16,1,3,20,32,3,17,6,1275,1275,4,PASS,PASS,PASS
16,1,3,21,32,1,20,4,1324,1324,4,PASS,PASS,PASS
16,1,3,21,32,2,19,5,1330,1330,4,PASS,PASS,PASS
16,1,3,21,32,3,18,6,1338,1338,4,PASS,PASS,PASS
16,1,3,22,32,1,21,4,1387,1387,4,PASS,PASS,PASS
16,1,3,22,32,2,20,5,1393,1393,4,PASS,PASS,PASS
16,1,3,22,32,3,19,6,1401,1401,4,PASS,PASS,PASS
16,1,3,23,32,1,22,4,1450,1450,4,PASS,PASS,PASS
16,1,3,23,32,2,21,5,1456,1456,4,PASS,PASS,PASS
16,1,3,23,32,3,20,6,1464,1464,4,PASS,PASS,PASS
16,1,3,24,32,1,23,4,1513,1513,4,PASS,PASS,PASS
16,1,3,24,32,2,22,5,1519,1519,4,PASS,PASS,PASS
16,1,3,24,32,3,21,6,1527,1527,4,PASS,PASS,PASS
16,2,1,4,8,1,3,3,180,180,3,PASS,PASS,PASS
16,2,1,5,8,1,4,3,224,224,4,PASS,PASS,PASS
16,2,1,6,8,1,5,3,268,268,4,PASS,PASS,PASS
16,2,1,7,8,1,6,3,312,312,4,PASS,PASS,PASS
16,2,1,8,8,1,7,3,356,356,4,PASS,PASS,PASS
16,2,1,9,8,1,8,3,400,400,4,PASS,PASS,PASS
16,2,1,10,8,1,9,3,444,444,4,PASS,PASS,PASS
16,2,1,11,8,1,10,3,488,488,4,PASS,PASS,PASS
16,2,1,12,8,1,11,3,532,532,4,PASS,PASS,PASS
16,2,1,13,8,1,12,3,576,576,4,PASS,PASS,PASS
16,2,1,14,8,1,13,3,620,620,4,PASS,PASS,PASS
16,2,1,15,8,1,14,3,664,664,4,PASS,PASS,PASS
16,2,1,16,8,1,15,3,708,708,4,PASS,PASS,PASS
16,2,1,17,8,1,16,3,752,752,4,PASS,PASS,PASS
16,2,1,18,8,1,17,3,796,796,4,PASS,PASS,PASS
16,2,1,19,8,1,18,3,840,840,4,PASS,PASS,PASS
16,2,1,20,8,1,19,3,884,884,4,PASS,PASS,PASS
16,2,1,21,8,1,20,3,928,928,4,PASS,PASS,PASS
16,2,1,22,8,1,21,3,972,972,4,PASS,PASS,PASS
16,2,1,23,8,1,22,3,1016,1016,4,PASS,PASS,PASS
16,2,1,24,8,1,23,3,1060,1060,4,PASS,PASS,PASS
16,2,2,4,8,1,3,4,244,244,3,PASS,PASS,PASS
16,2,2,4,8,2,2,6,260,260,2,PASS,PASS,PASS
16,2,2,5,8,1,4,4,304,304,4,PASS,PASS,PASS
16,2,2,5,8,2,3,6,320,320,3,PASS,PASS,PASS
16,2,2,6,16,1,5,4,364,364,4,PASS,PASS,PASS
16,2,2,6,16,2,4,6,380,380,4,PASS,PASS,PASS
16,2,2,7,16,1,6,4,424,424,4,PASS,PASS,PASS
16,2,2,7,16,2,5,6,440,440,4,PASS,PASS,PASS
16,2,2,8,16,1,7,4,484,484,4,PASS,PASS,PASS
16,2,2,8,16,2,6,6,500,500,4,PASS,PASS,PASS
16,2,2,9,16,1,8,4,544,544,4,PASS,PASS,PASS
16,2,2,9,16,2,7,6,560,560,4,PASS,PASS,PASS
16,2,2,10,16,1,9,4,604,604,4,PASS,PASS,PASS
16,2,2,10,16,2,8,6,620,620,4,PASS,PASS,PASS
16,2,2,11,16,1,10,4,664,664,4,PASS,PASS,PASS
16,2,2,11,16,2,9,6,680,680,4,PASS,PASS,PASS
16,2,2,12,16,1,11,4,724,724,4,PASS,PASS,PASS
16,2,2,12,16,2,10,6,740,740,4,PASS,PASS,PASS
16,2,2,13,16,1,12,4,784,784,4,PASS,PASS,PASS
16,2,2,13,16,2,11,6,800,800,4,PASS,PASS,PASS
16,2,2,14,16,1,13,4,844,844,4,PASS,PASS,PASS
16,2,2,14,16,2,12,6,860,860,4,PASS,PASS,PASS
16,2,2,15,16,1,14,4,904,904,4,PASS,PASS,PASS
16,2,2,15,16,2,13,6,920,920,4,PASS,PASS,PASS
16,2,2,16,16,1,15,4,964,964,4,PASS,PASS,PASS
16,2,2,16,16,2,14,6,980,980,4,PASS,PASS,PASS
16,2,2,17,16,1,16,4,1024,1024,4,PASS,PASS,PASS
16,2,2,17,16,2,15,6,1040,1040,4,PASS,PASS,PASS
16,2,2,18,16,1,17,4,1084,1084,4,PASS,PASS,PASS
16,2,2,18,16,2,16,6,1100,1100,4,PASS,PASS,PASS
16,2,2,19,16,1,18,4,1144,1144,4,PASS,PASS,PASS
16,2,2,19,16,2,17,6,1160,1160,4,PASS,PASS,PASS
16,2,2,20,16,1,19,4,1204,1204,4,PASS,PASS,PASS
16,2,2,20,16,2,18,6,1220,1220,4,PASS,PASS,PASS
16,2,2,21,16,1,20,4,1264,1264,4,PASS,PASS,PASS
16,2,2,21,16,2,19,6,1280,1280,4,PASS,PASS,PASS
16,2,2,22,16,1,21,4,1324,1324,4,PASS,PASS,PASS
16,2,2,22,16,2,20,6,1340,1340,4,PASS,PASS,PASS
16,2,2,23,16,1,22,4,1384,1384,4,PASS,PASS,PASS
16,2,2,23,16,2,21,6,1400,1400,4,PASS,PASS,PASS
16,2,2,24,16,1,23,4,1444,1444,4,PASS,PASS,PASS
16,2,2,24,16,2,22,6,1460,1460,4,PASS,PASS,PASS
16,2,3,4,16,1,3,5,308,308,3,PASS,PASS,PASS
16,2,3,4,16,2,2,7,326,326,2,PASS,PASS,PASS
16,2,3,4,16,3,1,9,352,352,1,PASS,PASS,PASS
16,2,3,5,32,1,4,5,384,384,4,PASS,PASS,PASS
16,2,3,5,32,2,3,7,402,402,3,PASS,PASS,PASS
16,2,3,5,32,3,2,9,428,428,2,PASS,PASS,PASS
16,2,3,6,32,1,5,5,460,460,4,PASS,PASS,PASS
16,2,3,6,32,2,4,7,478,478,4,PASS,PASS,PASS
16,2,3,6,32,3,3,9,504,504,3,PASS,PASS,PASS
16,2,3,7,32,1,6,5,536,536,4,PASS,PASS,PASS
16,2,3,7,32,2,5,7,554,554,4,PASS,PASS,PASS
16,2,3,7,32,3,4,9,580,580,4,PASS,PASS,PASS
16,2,3,8,32,1,7,5,612,612,4,PASS,PASS,PASS
16,2,3,8,32,2,6,7,630,630,4,PASS,PASS,PASS
16,2,3,8,32,3,5,9,656,656,4,PASS,PASS,PASS
16,2,3,9,32,1,8,5,688,688,4,PASS,PASS,PASS
16,2,3,9,32,2,7,7,706,706,4,PASS,PASS,PASS
16,2,3,9,32,3,6,9,732,732,4,PASS,PASS,PASS
16,2,3,10,32,1,9,5,764,764,4,PASS,PASS,PASS
16,2,3,10,32,2,8,7,782,782,4,PASS,PASS,PASS
16,2,3,10,32,3,7,9,808,808,4,PASS,PASS,PASS
16,2,3,11,32,1,10,5,840,840,4,PASS,PASS,PASS
16,2,3,11,32,2,9,7,858,858,4,PASS,PASS,PASS
16,2,3,11,32,3,8,9,884,884,4,PASS,PASS,PASS
16,2,3,12,32,1,11,5,916,916,4,PASS,PASS,PASS
16,2,3,12,32,2,10,7,934,934,4,PASS,PASS,PASS
16,2,3,12,32,3,9,9,960,960,4,PASS,PASS,PASS
16,2,3,13,32,1,12,5,992,992,4,PASS,PASS,PASS
16,2,3,13,32,2,11,7,1010,1010,4,PASS,PASS,PASS
16,2,3,13,32,3,10,9,1036,1036,4,PASS,PASS,PASS
16,2,3,14,32,1,13,5,1068,1068,4,PASS,PASS,PASS
16,2,3,14,32,2,12,7,1086,1086,4,PASS,PASS,PASS
16,2,3,14,32,3,11,9,1112,1112,4,PASS,PASS,PASS
16,2,3,15,32,1,14,5,1144,1144,4,PASS,PASS,PASS
16,2,3,15,32,2,13,7,1162,1162,4,PASS,PASS,PASS
16,2,3,15,32,3,12,9,1188,1188,4,PASS,PASS,PASS
16,2,3,16,32,1,15,5,1220,1220,4,PASS,PASS,PASS
16,2,3,16,32,2,14,7,1238,1238,4,PASS,PASS,PASS
16,2,3,16,32,3,13,9,1264,1264,4,PASS,PASS,PASS
16,2,3,17,32,1,16,5,1296,1296,4,PASS,PASS,PASS
16,2,3,17,32,2,15,7,1314,1314,4,PASS,PASS,PASS
16,2,3,17,32,3,14,9,1340,1340,4,PASS,PASS,PASS
16,2,3,18,32,1,17,5,1372,1372,4,PASS,PASS,PASS
16,2,3,18,32,2,16,7,1390,1390,4,PASS,PASS,PASS
16,2,3,18,32,3,15,9,1416,1416,4,PASS,PASS,PASS
16,2,3,19,32,1,18,5,1448,1448,4,PASS,PASS,PASS
16,2,3,19,32,2,17,7,1466,1466,4,PASS,PASS,PASS
16,2,3,19,32,3,16,9,1492,1492,4,PASS,PASS,PASS
16,2,3,20,32,1,19,5,1524,1524,4,PASS,PASS,PASS
16,2,3,20,32,2,18,7,1542,1542,4,PASS,PASS,PASS
16,2,3,20,32,3,17,9,1568,1568,4,PASS,PASS,PASS
16,2,3,21,32,1,20,5,1600,1600,4,PASS,PASS,PASS
16,2,3,21,32,2,19,7,1618,1618,4,PASS,PASS,PASS
16,2,3,21,32,3,18,9,1644,1644,4,PASS,PASS,PASS
16,2,3,22,32,1,21,5,1676,1676,4,PASS,PASS,PASS
16,2,3,22,32,2,20,7,1694,1694,4,PASS,PASS,PASS
16,2,3,22,32,3,19,9,1720,1720,4,PASS,PASS,PASS
16,2,3,23,32,1,22,5,1752,1752,4,PASS,PASS,PASS
16,2,3,23,32,2,21,7,1770,1770,4,PASS,PASS,PASS
16,2,3,23,32,3,20,9,1796,1796,4,PASS,PASS,PASS
16,2,3,24,32,1,23,5,1828,1828,4,PASS,PASS,PASS
16,2,3,24,32,2,22,7,1846,1846,4,PASS,PASS,PASS
16,2,3,24,32,3,21,9,1872,1872,4,PASS,PASS,PASS
16,3,1,4,8,1,3,4,229,229,3,PASS,PASS,PASS
16,3,1,5,8,1,4,4,284,284,4,PASS,PASS,PASS
16,3,1,6,8,1,5,4,339,339,4,PASS,PASS,PASS
16,3,1,7,8,1,6,4,394,394,4,PASS,PASS,PASS
16,3,1,8,8,1,7,4,449,449,4,PASS,PASS,PASS
16,3,1,9,8,1,8,4,504,504,4,PASS,PASS,PASS
16,3,1,10,8,1,9,4,559,559,4,PASS,PASS,PASS
16,3,1,11,8,1,10,4,614,614,4,PASS,PASS,PASS
16,3,1,12,8,1,11,4,669,669,4,PASS,PASS,PASS
16,3,1,13,8,1,12,4,724,724,4,PASS,PASS,PASS
16,3,1,14,8,1,13,4,779,779,4,PASS,PASS,PASS
16,3,1,15,8,1,14,4,834,834,4,PASS,PASS,PASS
16,3,1,16,8,1,15,4,889,889,4,PASS,PASS,PASS
16,3,1,17,8,1,16,4,944,944,4,PASS,PASS,PASS
16,3,1,18,8,1,17,4,999,999,4,PASS,PASS,PASS
16,3,1,19,8,1,18,4,1054,1054,4,PASS,PASS,PASS
16,3,1,20,8,1,19,4,1109,1109,4,PASS,PASS,PASS
16,3,1,21,8,1,20,4,1164,1164,4,PASS,PASS,PASS
16,3,1,22,8,1,21,4,1219,1219,4,PASS,PASS,PASS
16,3,1,23,8,1,22,4,1274,1274,4,PASS,PASS,PASS
16,3,1,24,8,1,23,4,1329,1329,4,PASS,PASS,PASS
16,3,2,4,8,1,3,5,293,293,3,PASS,PASS,PASS
16,3,2,4,8,2,2,8,326,326,2,PASS,PASS,PASS
16,3,2,5,16,1,4,5,364,364,4,PASS,PASS,PASS
16,3,2,5,16,2,3,8,397,397,3,PASS,PASS,PASS
16,3,2,6,16,1,5,5,435,435,4,PASS,PASS,PASS
16,3,2,6,16,2,4,8,468,468,4,PASS,PASS,PASS
16,3,2,7,16,1,6,5,506,506,4,PASS,PASS,PASS
16,3,2,7,16,2,5,8,539,539,4,PASS,PASS,PASS
16,3,2,8,16,1,7,5,577,577,4,PASS,PASS,PASS
16,3,2,8,16,2,6,8,610,610,4,PASS,PASS,PASS
16,3,2,9,16,1,8,5,648,648,4,PASS,PASS,PASS
16,3,2,9,16,2,7,8,681,681,4,PASS,PASS,PASS
16,3,2,10,32,1,9,5,719,719,4,PASS,PASS,PASS
16,3,2,10,32,2,8,8,752,752,4,PASS,PASS,PASS
16,3,2,11,32,1,10,5,790,790,4,PASS,PASS,PASS
16,3,2,11,32,2,9,8,823,823,4,PASS,PASS,PASS
16,3,2,12,16,1,11,5,861,861,4,PASS,PASS,PASS
16,3,2,12,16,2,10,8,894,894,4,PASS,PASS,PASS
16,3,2,13,32,1,12,5,932,932,4,PASS,PASS,PASS
16,3,2,13,32,2,11,8,965,965,4,PASS,PASS,PASS
16,3,2,14,32,1,13,5,1003,1003,4,PASS,PASS,PASS
16,3,2,14,32,2,12,8,1036,1036,4,PASS,PASS,PASS
16,3,2,15,32,1,14,5,1074,1074,4,PASS,PASS,PASS
16,3,2,15,32,2,13,8,1107,1107,4,PASS,PASS,PASS
16,3,2,16,16,1,15,5,1145,1145,4,PASS,PASS,PASS
16,3,2,16,16,2,14,8,1178,1178,4,PASS,PASS,PASS
16,3,2,17,32,1,16,5,1216,1216,4,PASS,PASS,PASS
16,3,2,17,32,2,15,8,1249,1249,4,PASS,PASS,PASS
16,3,2,18,32,1,17,5,1287,1287,4,PASS,PASS,PASS
16,3,2,18,32,2,16,8,1320,1320,4,PASS,PASS,PASS
16,3,2,19,32,1,18,5,1358,1358,4,PASS,PASS,PASS
16,3,2,19,32,2,17,8,1391,1391,4,PASS,PASS,PASS
16,3,2,20,16,1,19,5,1429,1429,4,PASS,PASS,PASS
16,3,2,20,16,2,18,8,1462,1462,4,PASS,PASS,PASS
16,3,2,21,32,1,20,5,1500,1500,4,PASS,PASS,PASS
16,3,2,21,32,2,19,8,1533,1533,4,PASS,PASS,PASS
16,3,2,22,32,1,21,5,1571,1571,4,PASS,PASS,PASS
16,3,2,22,32,2,20,8,1604,1604,4,PASS,PASS,PASS
16,3,2,23,32,1,22,5,1642,1642,4,PASS,PASS,PASS
16,3,2,23,32,2,21,8,1675,1675,4,PASS,PASS,PASS
16,3,2,24,16,1,23,5,1713,1713,4,PASS,PASS,PASS
16,3,2,24,16,2,22,8,1746,1746,4,PASS,PASS,PASS
16,3,3,4,32,1,3,6,357,357,3,PASS,PASS,PASS
16,3,3,4,32,2,2,9,393,393,2,PASS,PASS,PASS
16,3,3,4,32,3,1,12,447,447,1,PASS,PASS,PASS
16,3,3,5,32,1,4,6,444,444,4,PASS,PASS,PASS
16,3,3,5,32,2,3,9,480,480,3,PASS,PASS,PASS
16,3,3,5,32,3,2,12,534,534,2,PASS,PASS,PASS
16,3,3,6,32,1,5,6,531,531,4,PASS,PASS,PASS
16,3,3,6,32,2,4,9,567,567,4,PASS,PASS,PASS
16,3,3,6,32,3,3,12,621,621,3,PASS,PASS,PASS
16,3,3,7,32,1,6,6,618,618,4,PASS,PASS,PASS
16,3,3,7,32,2,5,9,654,654,4,PASS,PASS,PASS
16,3,3,7,32,3,4,12,708,708,4,PASS,PASS,PASS
16,3,3,8,32,1,7,6,705,705,4,PASS,PASS,PASS
16,3,3,8,32,2,6,9,741,741,4,PASS,PASS,PASS
16,3,3,8,32,3,5,12,795,795,4,PASS,PASS,PASS
16,3,3,9,32,1,8,6,792,792,4,PASS,PASS,PASS
16,3,3,9,32,2,7,9,828,828,4,PASS,PASS,PASS
16,3,3,9,32,3,6,12,882,882,4,PASS,PASS,PASS
16,3,3,10,32,1,9,6,879,879,4,PASS,PASS,PASS
16,3,3,10,32,2,8,9,915,915,4,PASS,PASS,PASS
16,3,3,10,32,3,7,12,969,969,4,PASS,PASS,PASS
16,3,3,11,32,1,10,6,966,966,4,PASS,PASS,PASS
16,3,3,11,32,2,9,9,1002,1002,4,PASS,PASS,PASS
16,3,3,11,32,3,8,12,1056,1056,4,PASS,PASS,PASS
16,3,3,12,32,1,11,6,1053,1053,4,PASS,PASS,PASS
16,3,3,12,32,2,10,9,1089,1089,4,PASS,PASS,PASS
16,3,3,12,32,3,9,12,1143,1143,4,PASS,PASS,PASS
16,3,3,13,32,1,12,6,1140,1140,4,PASS,PASS,PASS
16,3,3,13,32,2,11,9,1176,1176,4,PASS,PASS,PASS
16,3,3,13,32,3,10,12,1230,1230,4,PASS,PASS,PASS
16,3,3,14,32,1,13,6,1227,1227,4,PASS,PASS,PASS
16,3,3,14,32,2,12,9,1263,1263,4,PASS,PASS,PASS
16,3,3,14,32,3,11,12,1317,1317,4,PASS,PASS,PASS
16,3,3,15,32,1,14,6,1314,1314,4,PASS,PASS,PASS
16,3,3,15,32,2,13,9,1350,1350,4,PASS,PASS,PASS
16,3,3,15,32,3,12,12,1404,1404,4,PASS,PASS,PASS
16,3,3,16,32,1,15,6,1401,1401,4,PASS,PASS,PASS
16,3,3,16,32,2,14,9,1437,1437,4,PASS,PASS,PASS
16,3,3,16,32,3,13,12,1491,1491,4,PASS,PASS,PASS
16,3,3,17,32,1,16,6,1488,1488,4,PASS,PASS,PASS
16,3,3,17,32,2,15,9,1524,1524,4,PASS,PASS,PASS
16,3,3,17,32,3,14,12,1578,1578,4,PASS,PASS,PASS
16,3,3,18,32,1,17,6,1575,1575,4,PASS,PASS,PASS
16,3,3,18,32,2,16,9,1611,1611,4,PASS,PASS,PASS
16,3,3,18,32,3,15,12,1665,1665,4,PASS,PASS,PASS
16,3,3,19,32,1,18,6,1662,1662,4,PASS,PASS,PASS
16,3,3,19,32,2,17,9,1698,1698,4,PASS,PASS,PASS
16,3,3,19,32,3,16,12,1752,1752,4,PASS,PASS,PASS
16,3,3,20,32,1,19,6,1749,1749,4,PASS,PASS,PASS
16,3,3,20,32,2,18,9,1785,1785,4,PASS,PASS,PASS
16,3,3,20,32,3,17,12,1839,1839,4,PASS,PASS,PASS
16,3,3,21,32,1,20,6,1836,1836,4,PASS,PASS,PASS
16,3,3,21,32,2,19,9,1872,1872,4,PASS,PASS,PASS
16,3,3,21,32,3,18,12,1926,1926,4,PASS,PASS,PASS
16,3,3,22,32,1,21,6,1923,1923,4,PASS,PASS,PASS
16,3,3,22,32,2,20,9,1959,1959,4,PASS,PASS,PASS
16,3,3,22,32,3,19,12,2013,2013,4,PASS,PASS,PASS
16,3,3,23,32,1,22,6,2010,2010,4,PASS,PASS,PASS
16,3,3,23,32,2,21,9,2046,2046,4,PASS,PASS,PASS
16,3,3,23,32,3,20,12,2100,2100,4,PASS,PASS,PASS
16,3,3,24,32,1,23,6,2097,2097,4,PASS,PASS,PASS
16,3,3,24,32,2,22,9,2133,2133,4,PASS,PASS,PASS
16,3,3,24,32,3,21,12,2187,2187,4,PASS,PASS,PASS
17,1,1,4,8,1,3,2,133,133,3,PASS,PASS,PASS
17,1,1,5,8,1,4,2,166,166,4,PASS,PASS,PASS
17,1,1,6,8,1,5,2,199,199,4,PASS,PASS,PASS
17,1,1,7,8,1,6,2,232,232,4,PASS,PASS,PASS
17,1,1,8,8,1,7,2,265,265,4,PASS,PASS,PASS
17,1,1,9,8,1,8,2,298,298,4,PASS,PASS,PASS
17,1,1,10,8,1,9,2,331,331,4,PASS,PASS,PASS
17,1,1,11,8,1,10,2,364,364,4,PASS,PASS,PASS
17,1,1,12,8,1,11,2,397,397,4,PASS,PASS,PASS
17,1,1,13,8,1,12,2,430,430,4,PASS,PASS,PASS
17,1,1,14,8,1,13,2,463,463,4,PASS,PASS,PASS
17,1,1,15,8,1,14,2,496,496,4,PASS,PASS,PASS
17,1,1,16,8,1,15,2,529,529,4,PASS,PASS,PASS
17,1,1,17,8,1,16,2,562,562,4,PASS,PASS,PASS
17,1,1,18,8,1,17,2,595,595,4,PASS,PASS,PASS
17,1,1,19,8,1,18,2,628,628,4,PASS,PASS,PASS
17,1,1,20,8,1,19,2,661,661,4,PASS,PASS,PASS
17,1,1,21,8,1,20,2,694,694,4,PASS,PASS,PASS
17,1,1,22,8,1,21,2,727,727,4,PASS,PASS,PASS
17,1,1,23,8,1,22,2,760,760,4,PASS,PASS,PASS
17,1,1,24,8,1,23,2,793,793,4,PASS,PASS,PASS
17,1,2,4,8,1,3,3,201,201,3,PASS,PASS,PASS
17,1,2,4,8,2,2,4,206,206,2,PASS,PASS,PASS
17,1,2,5,8,1,4,3,251,251,4,PASS,PASS,PASS
17,1,2,5,8,2,3,4,256,256,3,PASS,PASS,PASS
17,1,2,6,8,1,5,3,301,301,4,PASS,PASS,PASS
17,1,2,6,8,2,4,4,306,306,4,PASS,PASS,PASS
17,1,2,7,8,1,6,3,351,351,4,PASS,PASS,PASS
17,1,2,7,8,2,5,4,356,356,4,PASS,PASS,PASS
17,1,2,8,8,1,7,3,401,401,4,PASS,PASS,PASS
17,1,2,8,8,2,6,4,406,406,4,PASS,PASS,PASS
17,1,2,9,8,1,8,3,451,451,4,PASS,PASS,PASS
17,1,2,9,8,2,7,4,456,456,4,PASS,PASS,PASS
17,1,2,10,8,1,9,3,501,501,4,PASS,PASS,PASS
17,1,2,10,8,2,8,4,506,506,4,PASS,PASS,PASS
17,1,2,11,8,1,10,3,551,551,4,PASS,PASS,PASS
17,1,2,11,8,2,9,4,556,556,4,PASS,PASS,PASS
17,1,2,12,8,1,11,3,601,601,4,PASS,PASS,PASS
17,1,2,12,8,2,10,4,606,606,4,PASS,PASS,PASS
17,1,2,13,8,1,12,3,651,651,4,PASS,PASS,PASS
17,1,2,13,8,2,11,4,656,656,4,PASS,PASS,PASS
17,1,2,14,8,1,13,3,701,701,4,PASS,PASS,PASS
17,1,2,14,8,2,12,4,706,706,4,PASS,PASS,PASS
17,1,2,15,8,1,14,3,751,751,4,PASS,PASS,PASS
17,1,2,15,8,2,13,4,756,756,4,PASS,PASS,PASS
17,1,2,16,16,1,15,3,801,801,4,PASS,PASS,PASS
17,1,2,16,16,2,14,4,806,806,4,PASS,PASS,PASS
17,1,2,17,16,1,16,3,851,851,4,PASS,PASS,PASS
17,1,2,17,16,2,15,4,856,856,4,PASS,PASS,PASS
17,1,2,18,16,1,17,3,901,901,4,PASS,PASS,PASS
17,1,2,18,16,2,16,4,906,906,4,PASS,PASS,PASS
17,1,2,19,16,1,18,3,951,951,4,PASS,PASS,PASS
17,1,2,19,16,2,17,4,956,956,4,PASS,PASS,PASS
17,1,2,20,16,1,19,3,1001,1001,4,PASS,PASS,PASS
17,1,2,20,16,2,18,4,1006,1006,4,PASS,PASS,PASS
17,1,2,21,16,1,20,3,1051,1051,4,PASS,PASS,PASS
17,1,2,21,16,2,19,4,1056,1056,4,PASS,PASS,PASS
17,1,2,22,16,1,21,3,1101,1101,4,PASS,PASS,PASS
17,1,2,22,16,2,20,4,1106,1106,4,PASS,PASS,PASS
17,1,2,23,16,1,22,3,1151,1151,4,PASS,PASS,PASS
17,1,2,23,16,2,21,4,1156,1156,4,PASS,PASS,PASS
17,1,2,24,16,1,23,3,1201,1201,4,PASS,PASS,PASS
17,1,2,24,16,2,22,4,1206,1206,4,PASS,PASS,PASS
17,1,3,4,16,1,3,4,269,269,3,PASS,PASS,PASS
17,1,3,4,16,2,2,5,275,275,2,PASS,PASS,PASS
17,1,3,4,16,3,1,6,283,283,1,PASS,PASS,PASS
17,1,3,5,16,1,4,4,336,336,4,PASS,PASS,PASS
17,1,3,5,16,2,3,5,342,342,3,PASS,PASS,PASS
17,1,3,5,16,3,2,6,350,350,2,PASS,PASS,PASS
17,1,3,6,16,1,5,4,403,403,4,PASS,PASS,PASS
17,1,3,6,16,2,4,5,409,409,4,PASS,PASS,PASS
17,1,3,6,16,3,3,6,417,417,3,PASS,PASS,PASS
17,1,3,7,16,1,6,4,470,470,4,PASS,PASS,PASS
17,1,3,7,16,2,5,5,476,476,4,PASS,PASS,PASS
17,1,3,7,16,3,4,6,484,484,4,PASS,PASS,PASS
17,1,3,8,32,1,7,4,537,537,4,PASS,PASS,PASS
17,1,3,8,32,2,6,5,543,543,4,PASS,PASS,PASS
17,1,3,8,32,3,5,6,551,551,4,PASS,PASS,PASS
17,1,3,9,32,1,8,4,604,604,4,PASS,PASS,PASS
17,1,3,9,32,2,7,5,610,610,4,PASS,PASS,PASS
17,1,3,9,32,3,6,6,618,618,4,PASS,PASS,PASS
17,1,3,10,32,1,9,4,671,671,4,PASS,PASS,PASS
17,1,3,10,32,2,8,5,677,677,4,PASS,PASS,PASS
17,1,3,10,32,3,7,6,685,685,4,PASS,PASS,PASS
17,1,3,11,32,1,10,4,738,738,4,PASS,PASS,PASS
17,1,3,11,32,2,9,5,744,744,4,PASS,PASS,PASS
17,1,3,11,32,3,8,6,752,752,4,PASS,PASS,PASS
17,1,3,12,32,1,11,4,805,805,4,PASS,PASS,PASS
17,1,3,12,32,2,10,5,811,811,4,PASS,PASS,PASS
17,1,3,12,32,3,9,6,819,819,4,PASS,PASS,PASS
17,1,3,13,32,1,12,4,872,872,4,PASS,PASS,PASS
17,1,3,13,32,2,11,5,878,878,4,PASS,PASS,PASS
17,1,3,13,32,3,10,6,886,886,4,PASS,PASS,PASS
17,1,3,14,32,1,13,4,939,939,4,PASS,PASS,PASS
17,1,3,14,32,2,12,5,945,945,4,PASS,PASS,PASS
17,1,3,14,32,3,11,6,953,953,4,PASS,PASS,PASS
17,1,3,15,32,1,14,4,1006,1006,4,PASS,PASS,PASS
17,1,3,15,32,2,13,5,1012,1012,4,PASS,PASS,PASS
17,1,3,15,32,3,12,6,1020,1020,4,PASS,PASS,PASS
17,1,3,16,32,1,15,4,1073,1073,4,PASS,PASS,PASS
17,1,3,16,32,2,14,5,1079,1079,4,PASS,PASS,PASS
17,1,3,16,32,3,13,6,1087,1087,4,PASS,PASS,PASS
17,1,3,17,32,1,16,4,1140,1140,4,PASS,PASS,PASS
17,1,3,17,32,2,15,5,1146,1146,4,PASS,PASS,PASS
17,1,3,17,32,3,14,6,1154,1154,4,PASS,PASS,PASS
17,1,3,18,32,1,17,4,1207,1207,4,PASS,PASS,PASS
17,1,3,18,32,2,16,5,1213,1213,4,PASS,PASS,PASS
17,1,3,18,32,3,15,6,1221,1221,4,PASS,PASS,PASS
17,1,3,19,32,1,18,4,1274,1274,4,PASS,PASS,PASS
17,1,3,19,32,2,17,5,1280,1280,4,PASS,PASS,PASS
17,1,3,19,32,3,16,6,1288,1288,4,PASS,PASS,PASS
17,1,3,20,32,1,19,4,1341,1341,4,PASS,PASS,PASS
17,1,3,20,32,2,18,5,1347,1347,4,PASS,PASS,PASS
17,1,3,20,32,3,17,6,1355,1355,4,PASS,PASS,PASS
17,1,3,21,32,1,20,4,1408,1408,4,PASS,PASS,PASS
17,1,3,21,32,2,19,5,1414,1414,4,PASS,PASS,PASS
17,1,3,21,32,3,18,6,1422,1422,4,PASS,PASS,PASS
17,1,3,22,32,1,21,4,1475,1475,4,PASS,PASS,PASS
17,1,3,22,32,2,20,5,1481,1481,4,PASS,PASS,PASS
17,1,3,22,32,3,19,6,1489,1489,4,PASS,PASS,PASS
17,1,3,23,32,1,22,4,1542,1542,4,PASS,PASS,PASS
17,1,3,23,32,2,21,5,1548,1548,4,PASS,PASS,PASS
17,1,3,23,32,3,20,6,1556,1556,4,PASS,PASS,PASS
17,1,3,24,32,1,23,4,1609,1609,4,PASS,PASS,PASS
17,1,3,24,32,2,22,5,1615,1615,4,PASS,PASS,PASS
17,1,3,24,32,3,21,6,1623,1623,4,PASS,PASS,PASS
17,2,1,4,8,1,3,3,192,192,3,PASS,PASS,PASS
17,2,1,5,8,1,4,3,239,239,4,PASS,PASS,PASS
17,2,1,6,8,1,5,3,286,286,4,PASS,PASS,PASS
17,2,1,7,8,1,6,3,333,333,4,PASS,PASS,PASS
17,2,1,8,8,1,7,3,380,380,4,PASS,PASS,PASS
17,2,1,9,8,1,8,3,427,427,4,PASS,PASS,PASS
17,2,1,10,8,1,9,3,474,474,4,PASS,PASS,PASS
17,2,1,11,8,1,10,3,521,521,4,PASS,PASS,PASS
17,2,1,12,8,1,11,3,568,568,4,PASS,PASS,PASS
17,2,1,13,8,1,12,3,615,615,4,PASS,PASS,PASS
17,2,1,14,8,1,13,3,662,662,4,PASS,PASS,PASS
17,2,1,15,8,1,14,3,709,709,4,PASS,PASS,PASS
17,2,1,16,8,1,15,3,756,756,4,PASS,PASS,PASS
17,2,1,17,8,1,16,3,803,803,4,PASS,PASS,PASS
17,2,1,18,8,1,17,3,850,850,4,PASS,PASS,PASS
17,2,1,19,8,1,18,3,897,897,4,PASS,PASS,PASS
17,2,1,20,8,1,19,3,944,944,4,PASS,PASS,PASS
17,2,1,21,8,1,20,3,991,991,4,PASS,PASS,PASS
17,2,1,22,8,1,21,3,1038,1038,4,PASS,PASS,PASS
17,2,1,23,8,1,22,3,1085,1085,4,PASS,PASS,PASS
17,2,1,24,8,1,23,3,1132,1132,4,PASS,PASS,PASS
17,2,2,4,8,1,3,4,260,260,3,PASS,PASS,PASS
17,2,2,4,8,2,2,6,276,276,2,PASS,PASS,PASS
17,2,2,5,8,1,4,4,324,324,4,PASS,PASS,PASS
17,2,2,5,8,2,3,6,340,340,3,PASS,PASS,PASS
17,2,2,6,16,1,5,4,388,388,4,PASS,PASS,PASS
17,2,2,6,16,2,4,6,404,404,4,PASS,PASS,PASS
17,2,2,7,16,1,6,4,452,452,4,PASS,PASS,PASS
17,2,2,7,16,2,5,6,468,468,4,PASS,PASS,PASS
17,2,2,8,16,1,7,4,516,516,4,PASS,PASS,PASS
17,2,2,8,16,2,6,6,532,532,4,PASS,PASS,PASS
17,2,2,9,16,1,8,4,580,580,4,PASS,PASS,PASS
17,2,2,9,16,2,7,6,596,596,4,PASS,PASS,PASS
17,2,2,10,16,1,9,4,644,644,4,PASS,PASS,PASS
17,2,2,10,16,2,8,6,660,660,4,PASS,PASS,PASS
17,2,2,11,16,1,10,4,708,708,4,PASS,PASS,PASS
17,2,2,11,16,2,9,6,724,724,4,PASS,PASS,PASS
17,2,2,12,16,1,11,4,772,772,4,PASS,PASS,PASS
17,2,2,12,16,2,10,6,788,788,4,PASS,PASS,PASS
17,2,2,13,16,1,12,4,836,836,4,PASS,PASS,PASS
17,2,2,13,16,2,11,6,852,852,4,PASS,PASS,PASS
17,2,2,14,16,1,13,4,900,900,4,PASS,PASS,PASS
17,2,2,14,16,2,12,6,916,916,4,PASS,PASS,PASS
17,2,2,15,16,1,14,4,964,964,4,PASS,PASS,PASS
17,2,2,15,16,2,13,6,980,980,4,PASS,PASS,PASS
17,2,2,16,16,1,15,4,1028,1028,4,PASS,PASS,PASS
17,2,2,16,16,2,14,6,1044,1044,4,PASS,PASS,PASS
17,2,2,17,16,1,16,4,1092,1092,4,PASS,PASS,PASS
17,2,2,17,16,2,15,6,1108,1108,4,PASS,PASS,PASS
17,2,2,18,16,1,17,4,1156,1156,4,PASS,PASS,PASS
17,2,2,18,16,2,16,6,1172,1172,4,PASS,PASS,PASS
17,2,2,19,16,1,18,4,1220,1220,4,PASS,PASS,PASS
17,2,2,19,16,2,17,6,1236,1236,4,PASS,PASS,PASS
17,2,2,20,16,1,19,4,1284,1284,4,PASS,PASS,PASS
17,2,2,20,16,2,18,6,1300,1300,4,PASS,PASS,PASS
17,2,2,21,16,1,20,4,1348,1348,4,PASS,PASS,PASS
17,2,2,21,16,2,19,6,1364,1364,4,PASS,PASS,PASS
17,2,2,22,16,1,21,4,1412,1412,4,PASS,PASS,PASS
17,2,2,22,16,2,20,6,1428,1428,4,PASS,PASS,PASS
17,2,2,23,16,1,22,4,1476,1476,4,PASS,PASS,PASS
17,2,2,23,16,2,21,6,1492,1492,4,PASS,PASS,PASS
17,2,2,24,16,1,23,4,1540,1540,4,PASS,PASS,PASS
17,2,2,24,16,2,22,6,1556,1556,4,PASS,PASS,PASS
17,2,3,4,32,1,3,5,328,328,3,PASS,PASS,PASS
17,2,3,4,32,2,2,7,346,346,2,PASS,PASS,PASS
17,2,3,4,32,3,1,9,372,372,1,PASS,PASS,PASS
17,2,3,5,32,1,4,5,409,409,4,PASS,PASS,PASS
17,2,3,5,32,2,3,7,427,427,3,PASS,PASS,PASS
17,2,3,5,32,3,2,9,453,453,2,PASS,PASS,PASS
17,2,3,6,32,1,5,5,490,490,4,PASS,PASS,PASS
17,2,3,6,32,2,4,7,508,508,4,PASS,PASS,PASS
17,2,3,6,32,3,3,9,534,534,3,PASS,PASS,PASS
17,2,3,7,32,1,6,5,571,571,4,PASS,PASS,PASS
17,2,3,7,32,2,5,7,589,589,4,PASS,PASS,PASS
17,2,3,7,32,3,4,9,615,615,4,PASS,PASS,PASS
17,2,3,8,32,1,7,5,652,652,4,PASS,PASS,PASS
17,2,3,8,32,2,6,7,670,670,4,PASS,PASS,PASS
17,2,3,8,32,3,5,9,696,696,4,PASS,PASS,PASS
17,2,3,9,32,1,8,5,733,733,4,PASS,PASS,PASS
17,2,3,9,32,2,7,7,751,751,4,PASS,PASS,PASS
17,2,3,9,32,3,6,9,777,777,4,PASS,PASS,PASS
17,2,3,10,32,1,9,5,814,814,4,PASS,PASS,PASS
17,2,3,10,32,2,8,7,832,832,4,PASS,PASS,PASS
17,2,3,10,32,3,7,9,858,858,4,PASS,PASS,PASS
17,2,3,11,32,1,10,5,895,895,4,PASS,PASS,PASS
17,2,3,11,32,2,9,7,913,913,4,PASS,PASS,PASS
17,2,3,11,32,3,8,9,939,939,4,PASS,PASS,PASS
17,2,3,12,32,1,11,5,976,976,4,PASS,PASS,PASS
17,2,3,12,32,2,10,7,994,994,4,PASS,PASS,PASS
17,2,3,12,32,3,9,9,1020,1020,4,PASS,PASS,PASS
17,2,3,13,32,1,12,5,1057,1057,4,PASS,PASS,PASS
17,2,3,13,32,2,11,7,1075,1075,4,PASS,PASS,PASS
17,2,3,13,32,3,10,9,1101,1101,4,PASS,PASS,PASS
17,2,3,14,32,1,13,5,1138,1138,4,PASS,PASS,PASS
17,2,3,14,32,2,12,7,1156,1156,4,PASS,PASS,PASS
17,2,3,14,32,3,11,9,1182,1182,4,PASS,PASS,PASS
17,2,3,15,32,1,14,5,1219,1219,4,PASS,PASS,PASS
17,2,3,15,32,2,13,7,1237,1237,4,PASS,PASS,PASS
17,2,3,15,32,3,12,9,1263,1263,4,PASS,PASS,PASS
17,2,3,16,32,1,15,5,1300,1300,4,PASS,PASS,PASS
17,2,3,16,32,2,14,7,1318,1318,4,PASS,PASS,PASS
17,2,3,16,32,3,13,9,1344,1344,4,PASS,PASS,PASS
17,2,3,17,32,1,16,5,1381,1381,4,PASS,PASS,PASS
17,2,3,17,32,2,15,7,1399,1399,4,PASS,PASS,PASS
17,2,3,17,32,3,14,9,1425,1425,4,PASS,PASS,PASS
17,2,3,18,32,1,17,5,1462,1462,4,PASS,PASS,PASS
17,2,3,18,32,2,16,7,1480,1480,4,PASS,PASS,PASS
17,2,3,18,32,3,15,9,1506,1506,4,PASS,PASS,PASS
17,2,3,19,32,1,18,5,1543,1543,4,PASS,PASS,PASS
17,2,3,19,32,2,17,7,1561,1561,4,PASS,PASS,PASS
17,2,3,19,32,3,16,9,1587,1587,4,PASS,PASS,PASS
17,2,3,20,32,1,19,5,1624,1624,4,PASS,PASS,PASS
17,2,3,20,32,2,18,7,1642,1642,4,PASS,PASS,PASS
17,2,3,20,32,3,17,9,1668,1668,4,PASS,PASS,PASS
17,2,3,21,32,1,20,5,1705,1705,4,PASS,PASS,PASS
17,2,3,21,32,2,19,7,1723,1723,4,PASS,PASS,PASS
17,2,3,21,32,3,18,9,1749,1749,4,PASS,PASS,PASS
17,2,3,22,32,1,21,5,1786,1786,4,PASS,PASS,PASS
17,2,3,22,32,2,20,7,1804,1804,4,PASS,PASS,PASS
17,2,3,22,32,3,19,9,1830,1830,4,PASS,PASS,PASS
17,2,3,23,32,1,22,5,1867,1867,4,PASS,PASS,PASS
17,2,3,23,32,2,21,7,1885,1885,4,PASS,PASS,PASS
17,2,3,23,32,3,20,9,1911,1911,4,PASS,PASS,PASS
17,2,3,24,32,1,23,5,1948,1948,4,PASS,PASS,PASS
17,2,3,24,32,2,22,7,1966,1966,4,PASS,PASS,PASS
17,2,3,24,32,3,21,9,1992,1992,4,PASS,PASS,PASS
17,3,1,4,8,1,3,4,245,245,3,PASS,PASS,PASS
17,3,1,5,8,1,4,4,304,304,4,PASS,PASS,PASS
17,3,1,6,8,1,5,4,363,363,4,PASS,PASS,PASS
17,3,1,7,8,1,6,4,422,422,4,PASS,PASS,PASS
17,3,1,8,8,1,7,4,481,481,4,PASS,PASS,PASS
17,3,1,9,8,1,8,4,540,540,4,PASS,PASS,PASS
17,3,1,10,8,1,9,4,599,599,4,PASS,PASS,PASS
17,3,1,11,8,1,10,4,658,658,4,PASS,PASS,PASS
17,3,1,12,8,1,11,4,717,717,4,PASS,PASS,PASS
17,3,1,13,8,1,12,4,776,776,4,PASS,PASS,PASS
17,3,1,14,8,1,13,4,835,835,4,PASS,PASS,PASS
17,3,1,15,8,1,14,4,894,894,4,PASS,PASS,PASS
17,3,1,16,8,1,15,4,953,953,4,PASS,PASS,PASS
17,3,1,17,8,1,16,4,1012,1012,4,PASS,PASS,PASS
17,3,1,18,8,1,17,4,1071,1071,4,PASS,PASS,PASS
17,3,1,19,8,1,18,4,1130,1130,4,PASS,PASS,PASS
17,3,1,20,8,1,19,4,1189,1189,4,PASS,PASS,PASS
17,3,1,21,8,1,20,4,1248,1248,4,PASS,PASS,PASS
17,3,1,22,8,1,21,4,1307,1307,4,PASS,PASS,PASS
17,3,1,23,8,1,22,4,1366,1366,4,PASS,PASS,PASS
17,3,1,24,8,1,23,4,1425,1425,4,PASS,PASS,PASS
17,3,2,4,8,1,3,5,313,313,3,PASS,PASS,PASS
17,3,2,4,8,2,2,8,346,346,2,PASS,PASS,PASS
17,3,2,5,8,1,4,5,389,389,4,PASS,PASS,PASS
17,3,2,5,8,2,3,8,422,422,3,PASS,PASS,PASS
17,3,2,6,8,1,5,5,465,465,4,PASS,PASS,PASS
17,3,2,6,8,2,4,8,498,498,4,PASS,PASS,PASS
17,3,2,7,8,1,6,5,541,541,4,PASS,PASS,PASS
17,3,2,7,8,2,5,8,574,574,4,PASS,PASS,PASS
17,3,2,8,8,1,7,5,617,617,4,PASS,PASS,PASS
17,3,2,8,8,2,6,8,650,650,4,PASS,PASS,PASS
17,3,2,9,8,1,8,5,693,693,4,PASS,PASS,PASS
17,3,2,9,8,2,7,8,726,726,4,PASS,PASS,PASS
17,3,2,10,8,1,9,5,769,769,4,PASS,PASS,PASS
17,3,2,10,8,2,8,8,802,802,4,PASS,PASS,PASS
17,3,2,11,8,1,10,5,845,845,4,PASS,PASS,PASS
17,3,2,11,8,2,9,8,878,878,4,PASS,PASS,PASS
17,3,2,12,8,1,11,5,921,921,4,PASS,PASS,PASS
17,3,2,12,8,2,10,8,954,954,4,PASS,PASS,PASS
17,3,2,13,8,1,12,5,997,997,4,PASS,PASS,PASS
17,3,2,13,8,2,11,8,1030,1030,4,PASS,PASS,PASS
17,3,2,14,8,1,13,5,1073,1073,4,PASS,PASS,PASS
17,3,2,14,8,2,12,8,1106,1106,4,PASS,PASS,PASS
17,3,2,15,8,1,14,5,1149,1149,4,PASS,PASS,PASS
17,3,2,15,8,2,13,8,1182,1182,4,PASS,PASS,PASS
17,3,2,16,32,1,15,5,1225,1225,4,PASS,PASS,PASS
17,3,2,16,32,2,14,8,1258,1258,4,PASS,PASS,PASS
17,3,2,17,32,1,16,5,1301,1301,4,PASS,PASS,PASS
17,3,2,17,32,2,15,8,1334,1334,4,PASS,PASS,PASS
17,3,2,18,32,1,17,5,1377,1377,4,PASS,PASS,PASS
17,3,2,18,32,2,16,8,1410,1410,4,PASS,PASS,PASS
17,3,2,19,32,1,18,5,1453,1453,4,PASS,PASS,PASS
17,3,2,19,32,2,17,8,1486,1486,4,PASS,PASS,PASS
17,3,2,20,32,1,19,5,1529,1529,4,PASS,PASS,PASS
17,3,2,20,32,2,18,8,1562,1562,4,PASS,PASS,PASS
17,3,2,21,32,1,20,5,1605,1605,4,PASS,PASS,PASS
17,3,2,21,32,2,19,8,1638,1638,4,PASS,PASS,PASS
17,3,2,22,32,1,21,5,1681,1681,4,PASS,PASS,PASS
17,3,2,22,32,2,20,8,1714,1714,4,PASS,PASS,PASS
17,3,2,23,32,1,22,5,1757,1757,4,PASS,PASS,PASS
17,3,2,23,32,2,21,8,1790,1790,4,PASS,PASS,PASS
17,3,2,24,32,1,23,5,1833,1833,4,PASS,PASS,PASS
17,3,2,24,32,2,22,8,1866,1866,4,PASS,PASS,PASS
17,3,3,4,32,1,3,6,381,381,3,PASS,PASS,PASS
17,3,3,4,32,2,2,9,417,417,2,PASS,PASS,PASS
17,3,3,4,32,3,1,12,471,471,1,PASS,PASS,PASS
17,3,3,5,32,1,4,6,474,474,4,PASS,PASS,PASS
17,3,3,5,32,2,3,9,510,510,3,PASS,PASS,PASS
17,3,3,5,32,3,2,12,564,564,2,PASS,PASS,PASS
17,3,3,6,32,1,5,6,567,567,4,PASS,PASS,PASS
17,3,3,6,32,2,4,9,603,603,4,PASS,PASS,PASS
17,3,3,6,32,3,3,12,657,657,3,PASS,PASS,PASS
17,3,3,7,32,1,6,6,660,660,4,PASS,PASS,PASS
17,3,3,7,32,2,5,9,696,696,4,PASS,PASS,PASS
17,3,3,7,32,3,4,12,750,750,4,PASS,PASS,PASS
17,3,3,8,32,1,7,6,753,753,4,PASS,PASS,PASS
17,3,3,8,32,2,6,9,789,789,4,PASS,PASS,PASS
17,3,3,8,32,3,5,12,843,843,4,PASS,PASS,PASS
17,3,3,9,32,1,8,6,846,846,4,PASS,PASS,PASS
17,3,3,9,32,2,7,9,882,882,4,PASS,PASS,PASS
17,3,3,9,32,3,6,12,936,936,4,PASS,PASS,PASS
17,3,3,10,32,1,9,6,939,939,4,PASS,PASS,PASS
17,3,3,10,32,2,8,9,975,975,4,PASS,PASS,PASS
17,3,3,10,32,3,7,12,1029,1029,4,PASS,PASS,PASS
17,3,3,11,32,1,10,6,1032,1032,4,PASS,PASS,PASS
17,3,3,11,32,2,9,9,1068,1068,4,PASS,PASS,PASS
17,3,3,11,32,3,8,12,1122,1122,4,PASS,PASS,PASS
17,3,3,12,32,1,11,6,1125,1125,4,PASS,PASS,PASS
17,3,3,12,32,2,10,9,1161,1161,4,PASS,PASS,PASS
17,3,3,12,32,3,9,12,1215,1215,4,PASS,PASS,PASS
17,3,3,13,32,1,12,6,1218,1218,4,PASS,PASS,PASS
17,3,3,13,32,2,11,9,1254,1254,4,PASS,PASS,PASS
17,3,3,13,32,3,10,12,1308,1308,4,PASS,PASS,PASS
17,3,3,14,32,1,13,6,1311,1311,4,PASS,PASS,PASS
17,3,3,14,32,2,12,9,1347,1347,4,PASS,PASS,PASS
17,3,3,14,32,3,11,12,1401,1401,4,PASS,PASS,PASS
17,3,3,15,32,1,14,6,1404,1404,4,PASS,PASS,PASS
17,3,3,15,32,2,13,9,1440,1440,4,PASS,PASS,PASS
17,3,3,15,32,3,12,12,1494,1494,4,PASS,PASS,PASS
17,3,3,16,32,1,15,6,1497,1497,4,PASS,PASS,PASS
17,3,3,16,32,2,14,9,1533,1533,4,PASS,PASS,PASS
17,3,3,16,32,3,13,12,1587,1587,4,PASS,PASS,PASS
17,3,3,17,32,1,16,6,1590,1590,4,PASS,PASS,PASS
17,3,3,17,32,2,15,9,1626,1626,4,PASS,PASS,PASS
17,3,3,17,32,3,14,12,1680,1680,4,PASS,PASS,PASS
17,3,3,18,32,1,17,6,1683,1683,4,PASS,PASS,PASS
17,3,3,18,32,2,16,9,1719,1719,4,PASS,PASS,PASS
17,3,3,18,32,3,15,12,1773,1773,4,PASS,PASS,PASS
17,3,3,19,32,1,18,6,1776,1776,4,PASS,PASS,PASS
17,3,3,19,32,2,17,9,1812,1812,4,PASS,PASS,PASS
17,3,3,19,32,3,16,12,1866,1866,4,PASS,PASS,PASS
17,3,3,20,32,1,19,6,1869,1869,4,PASS,PASS,PASS
17,3,3,20,32,2,18,9,1905,1905,4,PASS,PASS,PASS
17,3,3,20,32,3,17,12,1959,1959,4,PASS,PASS,PASS
17,3,3,21,32,1,20,6,1962,1962,4,PASS,PASS,PASS
17,3,3,21,32,2,19,9,1998,1998,4,PASS,PASS,PASS
17,3,3,21,32,3,18,12,2052,2052,4,PASS,PASS,PASS
17,3,3,22,32,1,21,6,2055,2055,4,PASS,PASS,PASS
17,3,3,22,32,2,20,9,2091,2091,4,PASS,PASS,PASS
17,3,3,22,32,3,19,12,2145,2145,4,PASS,PASS,PASS
17,3,3,23,32,1,22,6,2148,2148,4,PASS,PASS,PASS
17,3,3,23,32,2,21,9,2184,2184,4,PASS,PASS,PASS
17,3,3,23,32,3,20,12,2238,2238,4,PASS,PASS,PASS
17,3,3,24,32,1,23,6,2241,2241,4,PASS,PASS,PASS
17,3,3,24,32,2,22,9,2277,2277,4,PASS,PASS,PASS
17,3,3,24,32,3,21,12,2331,2331,4,PASS,PASS,PASS
18,1,1,4,8,1,3,2,141,141,3,PASS,PASS,PASS
18,1,1,5,8,1,4,2,176,176,4,PASS,PASS,PASS
18,1,1,6,8,1,5,2,211,211,4,PASS,PASS,PASS
18,1,1,7,8,1,6,2,246,246,4,PASS,PASS,PASS
18,1,1,8,8,1,7,2,281,281,4,PASS,PASS,PASS
18,1,1,9,8,1,8,2,316,316,4,PASS,PASS,PASS
18,1,1,10,8,1,9,2,351,351,4,PASS,PASS,PASS
18,1,1,11,8,1,10,2,386,386,4,PASS,PASS,PASS
18,1,1,12,8,1,11,2,421,421,4,PASS,PASS,PASS
18,1,1,13,8,1,12,2,456,456,4,PASS,PASS,PASS
18,1,1,14,8,1,13,2,491,491,4,PASS,PASS,PASS
18,1,1,15,8,1,14,2,526,526,4,PASS,PASS,PASS
18,1,1,16,8,1,15,2,561,561,4,PASS,PASS,PASS
18,1,1,17,8,1,16,2,596,596,4,PASS,PASS,PASS
18,1,1,18,8,1,17,2,631,631,4,PASS,PASS,PASS
18,1,1,19,8,1,18,2,666,666,4,PASS,PASS,PASS
18,1,1,20,8,1,19,2,701,701,4,PASS,PASS,PASS
18,1,1,21,8,1,20,2,736,736,4,PASS,PASS,PASS
18,1,1,22,8,1,21,2,771,771,4,PASS,PASS,PASS
18,1,1,23,8,1,22,2,806,806,4,PASS,PASS,PASS
18,1,1,24,8,1,23,2,841,841,4,PASS,PASS,PASS
18,1,2,4,8,1,3,3,213,213,3,PASS,PASS,PASS
18,1,2,4,8,2,2,4,218,218,2,PASS,PASS,PASS
18,1,2,5,8,1,4,3,266,266,4,PASS,PASS,PASS
18,1,2,5,8,2,3,4,271,271,3,PASS,PASS,PASS
18,1,2,6,8,1,5,3,319,319,4,PASS,PASS,PASS
18,1,2,6,8,2,4,4,324,324,4,PASS,PASS,PASS
18,1,2,7,8,1,6,3,372,372,4,PASS,PASS,PASS
18,1,2,7,8,2,5,4,377,377,4,PASS,PASS,PASS
18,1,2,8,16,1,7,3,425,425,4,PASS,PASS,PASS
18,1,2,8,16,2,6,4,430,430,4,PASS,PASS,PASS
18,1,2,9,16,1,8,3,478,478,4,PASS,PASS,PASS
18,1,2,9,16,2,7,4,483,483,4,PASS,PASS,PASS
18,1,2,10,16,1,9,3,531,531,4,PASS,PASS,PASS
18,1,2,10,16,2,8,4,536,536,4,PASS,PASS,PASS
18,1,2,11,16,1,10,3,584,584,4,PASS,PASS,PASS
18,1,2,11,16,2,9,4,589,589,4,PASS,PASS,PASS
18,1,2,12,16,1,11,3,637,637,4,PASS,PASS,PASS
18,1,2,12,16,2,10,4,642,642,4,PASS,PASS,PASS
18,1,2,13,16,1,12,3,690,690,4,PASS,PASS,PASS
18,1,2,13,16,2,11,4,695,695,4,PASS,PASS,PASS
18,1,2,14,16,1,13,3,743,743,4,PASS,PASS,PASS
18,1,2,14,16,2,12,4,748,748,4,PASS,PASS,PASS
18,1,2,15,16,1,14,3,796,796,4,PASS,PASS,PASS
18,1,2,15,16,2,13,4,801,801,4,PASS,PASS,PASS
18,1,2,16,16,1,15,3,849,849,4,PASS,PASS,PASS
18,1,2,16,16,2,14,4,854,854,4,PASS,PASS,PASS
18,1,2,17,16,1,16,3,902,902,4,PASS,PASS,PASS
18,1,2,17,16,2,15,4,907,907,4,PASS,PASS,PASS
18,1,2,18,16,1,17,3,955,955,4,PASS,PASS,PASS
18,1,2,18,16,2,16,4,960,960,4,PASS,PASS,PASS
18,1,2,19,16,1,18,3,1008,1008,4,PASS,PASS,PASS
18,1,2,19,16,2,17,4,1013,1013,4,PASS,PASS,PASS
18,1,2,20,16,1,19,3,1061,1061,4,PASS,PASS,PASS
18,1,2,20,16,2,18,4,1066,1066,4,PASS,PASS,PASS
18,1,2,21,16,1,20,3,1114,1114,4,PASS,PASS,PASS
18,1,2,21,16,2,19,4,1119,1119,4,PASS,PASS,PASS
18,1,2,22,16,1,21,3,1167,1167,4,PASS,PASS,PASS
18,1,2,22,16,2,20,4,1172,1172,4,PASS,PASS,PASS
18,1,2,23,16,1,22,3,1220,1220,4,PASS,PASS,PASS
18,1,2,23,16,2,21,4,1225,1225,4,PASS,PASS,PASS
18,1,2,24,16,1,23,3,1273,1273,4,PASS,PASS,PASS
18,1,2,24,16,2,22,4,1278,1278,4,PASS,PASS,PASS
18,1,3,4,16,1,3,4,285,285,3,PASS,PASS,PASS
18,1,3,4,16,2,2,5,291,291,2,PASS,PASS,PASS
18,1,3,4,16,3,1,6,299,299,1,PASS,PASS,PASS
18,1,3,5,16,1,4,4,356,356,4,PASS,PASS,PASS
18,1,3,5,16,2,3,5,362,362,3,PASS,PASS,PASS
18,1,3,5,16,3,2,6,370,370,2,PASS,PASS,PASS
18,1,3,6,16,1,5,4,427,427,4,PASS,PASS,PASS
18,1,3,6,16,2,4,5,433,433,4,PASS,PASS,PASS
18,1,3,6,16,3,3,6,441,441,3,PASS,PASS,PASS
18,1,3,7,16,1,6,4,498,498,4,PASS,PASS,PASS
18,1,3,7,16,2,5,5,504,504,4,PASS,PASS,PASS
18,1,3,7,16,3,4,6,512,512,4,PASS,PASS,PASS
18,1,3,8,32,1,7,4,569,569,4,PASS,PASS,PASS
18,1,3,8,32,2,6,5,575,575,4,PASS,PASS,PASS
18,1,3,8,32,3,5,6,583,583,4,PASS,PASS,PASS
18,1,3,9,32,1,8,4,640,640,4,PASS,PASS,PASS
18,1,3,9,32,2,7,5,646,646,4,PASS,PASS,PASS
18,1,3,9,32,3,6,6,654,654,4,PASS,PASS,PASS
18,1,3,10,32,1,9,4,711,711,4,PASS,PASS,PASS
18,1,3,10,32,2,8,5,717,717,4,PASS,PASS,PASS
18,1,3,10,32,3,7,6,725,725,4,PASS,PASS,PASS
18,1,3,11,32,1,10,4,782,782,4,PASS,PASS,PASS
18,1,3,11,32,2,9,5,788,788,4,PASS,PASS,PASS
18,1,3,11,32,3,8,6,796,796,4,PASS,PASS,PASS
18,1,3,12,32,1,11,4,853,853,4,PASS,PASS,PASS
18,1,3,12,32,2,10,5,859,859,4,PASS,PASS,PASS
18,1,3,12,32,3,9,6,867,867,4,PASS,PASS,PASS
18,1,3,13,32,1,12,4,924,924,4,PASS,PASS,PASS
18,1,3,13,32,2,11,5,930,930,4,PASS,PASS,PASS
18,1,3,13,32,3,10,6,938,938,4,PASS,PASS,PASS
18,1,3,14,32,1,13,4,995,995,4,PASS,PASS,PASS
18,1,3,14,32,2,12,5,1001,1001,4,PASS,PASS,PASS
18,1,3,14,32,3,11,6,1009,1009,4,PASS,PASS,PASS
18,1,3,15,32,1,14,4,1066,1066,4,PASS,PASS,PASS
18,1,3,15,32,2,13,5,1072,1072,4,PASS,PASS,PASS
18,1,3,15,32,3,12,6,1080,1080,4,PASS,PASS,PASS
18,1,3,16,32,1,15,4,1137,1137,4,PASS,PASS,PASS
18,1,3,16,32,2,14,5,1143,1143,4,PASS,PASS,PASS
18,1,3,16,32,3,13,6,1151,1151,4,PASS,PASS,PASS
18,1,3,17,32,1,16,4,1208,1208,4,PASS,PASS,PASS
18,1,3,17,32,2,15,5,1214,1214,4,PASS,PASS,PASS
18,1,3,17,32,3,14,6,1222,1222,4,PASS,PASS,PASS
18,1,3,18,32,1,17,4,1279,1279,4,PASS,PASS,PASS
18,1,3,18,32,2,16,5,1285,1285,4,PASS,PASS,PASS
18,1,3,18,32,3,15,6,1293,1293,4,PASS,PASS,PASS
18,1,3,19,32,1,18,4,1350,1350,4,PASS,PASS,PASS
18,1,3,19,32,2,17,5,1356,1356,4,PASS,PASS,PASS
18,1,3,19,32,3,16,6,1364,1364,4,PASS,PASS,PASS
18,1,3,20,32,1,19,4,1421,1421,4,PASS,PASS,PASS
18,1,3,20,32,2,18,5,1427,1427,4,PASS,PASS,PASS
18,1,3,20,32,3,17,6,1435,1435,4,PASS,PASS,PASS
18,1,3,21,32,1,20,4,1492,1492,4,PASS,PASS,PASS
18,1,3,21,32,2,19,5,1498,1498,4,PASS,PASS,PASS
18,1,3,21,32,3,18,6,1506,1506,4,PASS,PASS,PASS
18,1,3,22,32,1,21,4,1563,1563,4,PASS,PASS,PASS
18,1,3,22,32,2,20,5,1569,1569,4,PASS,PASS,PASS
18,1,3,22,32,3,19,6,1577,1577,4,PASS,PASS,PASS
18,1,3,23,32,1,22,4,1634,1634,4,PASS,PASS,PASS
18,1,3,23,32,2,21,5,1640,1640,4,PASS,PASS,PASS
18,1,3,23,32,3,20,6,1648,1648,4,PASS,PASS,PASS
18,1,3,24,32,1,23,4,1705,1705,4,PASS,PASS,PASS
18,1,3,24,32,2,22,5,1711,1711,4,PASS,PASS,PASS
18,1,3,24,32,3,21,6,1719,1719,4,PASS,PASS,PASS
18,2,1,4,8,1,3,3,204,204,3,PASS,PASS,PASS
18,2,1,5,8,1,4,3,254,254,4,PASS,PASS,PASS
18,2,1,6,8,1,5,3,304,304,4,PASS,PASS,PASS
18,2,1,7,8,1,6,3,354,354,4,PASS,PASS,PASS
18,2,1,8,8,1,7,3,404,404,4,PASS,PASS,PASS
18,2,1,9,8,1,8,3,454,454,4,PASS,PASS,PASS
18,2,1,10,8,1,9,3,504,504,4,PASS,PASS,PASS
18,2,1,11,8,1,10,3,554,554,4,PASS,PASS,PASS
18,2,1,12,8,1,11,3,604,604,4,PASS,PASS,PASS
18,2,1,13,8,1,12,3,654,654,4,PASS,PASS,PASS
18,2,1,14,8,1,13,3,704,704,4,PASS,PASS,PASS
18,2,1,15,8,1,14,3,754,754,4,PASS,PASS,PASS
18,2,1,16,8,1,15,3,804,804,4,PASS,PASS,PASS
18,2,1,17,8,1,16,3,854,854,4,PASS,PASS,PASS
18,2,1,18,8,1,17,3,904,904,4,PASS,PASS,PASS
18,2,1,19,8,1,18,3,954,954,4,PASS,PASS,PASS
18,2,1,20,8,1,19,3,1004,1004,4,PASS,PASS,PASS
18,2,1,21,8,1,20,3,1054,1054,4,PASS,PASS,PASS
18,2,1,22,8,1,21,3,1104,1104,4,PASS,PASS,PASS
18,2,1,23,8,1,22,3,1154,1154,4,PASS,PASS,PASS
18,2,1,24,8,1,23,3,1204,1204,4,PASS,PASS,PASS
18,2,2,4,8,1,3,4,276,276,3,PASS,PASS,PASS
18,2,2,4,8,2,2,6,292,292,2,PASS,PASS,PASS
18,2,2,5,8,1,4,4,344,344,4,PASS,PASS,PASS
18,2,2,5,8,2,3,6,360,360,3,PASS,PASS,PASS
18,2,2,6,16,1,5,4,412,412,4,PASS,PASS,PASS
18,2,2,6,16,2,4,6,428,428,4,PASS,PASS,PASS
18,2,2,7,16,1,6,4,480,480,4,PASS,PASS,PASS
18,2,2,7,16,2,5,6,496,496,4,PASS,PASS,PASS
18,2,2,8,16,1,7,4,548,548,4,PASS,PASS,PASS
18,2,2,8,16,2,6,6,564,564,4,PASS,PASS,PASS
18,2,2,9,16,1,8,4,616,616,4,PASS,PASS,PASS
18,2,2,9,16,2,7,6,632,632,4,PASS,PASS,PASS
18,2,2,10,16,1,9,4,684,684,4,PASS,PASS,PASS
18,2,2,10,16,2,8,6,700,700,4,PASS,PASS,PASS
18,2,2,11,16,1,10,4,752,752,4,PASS,PASS,PASS
18,2,2,11,16,2,9,6,768,768,4,PASS,PASS,PASS
18,2,2,12,16,1,11,4,820,820,4,PASS,PASS,PASS
18,2,2,12,16,2,10,6,836,836,4,PASS,PASS,PASS
18,2,2,13,16,1,12,4,888,888,4,PASS,PASS,PASS
18,2,2,13,16,2,11,6,904,904,4,PASS,PASS,PASS
18,2,2,14,16,1,13,4,956,956,4,PASS,PASS,PASS
18,2,2,14,16,2,12,6,972,972,4,PASS,PASS,PASS
18,2,2,15,16,1,14,4,1024,1024,4,PASS,PASS,PASS
18,2,2,15,16,2,13,6,1040,1040,4,PASS,PASS,PASS
18,2,2,16,16,1,15,4,1092,1092,4,PASS,PASS,PASS
18,2,2,16,16,2,14,6,1108,1108,4,PASS,PASS,PASS
18,2,2,17,16,1,16,4,1160,1160,4,PASS,PASS,PASS
18,2,2,17,16,2,15,6,1176,1176,4,PASS,PASS,PASS
18,2,2,18,16,1,17,4,1228,1228,4,PASS,PASS,PASS
18,2,2,18,16,2,16,6,1244,1244,4,PASS,PASS,PASS
18,2,2,19,16,1,18,4,1296,1296,4,PASS,PASS,PASS
18,2,2,19,16,2,17,6,1312,1312,4,PASS,PASS,PASS
18,2,2,20,16,1,19,4,1364,1364,4,PASS,PASS,PASS
18,2,2,20,16,2,18,6,1380,1380,4,PASS,PASS,PASS
18,2,2,21,16,1,20,4,1432,1432,4,PASS,PASS,PASS
18,2,2,21,16,2,19,6,1448,1448,4,PASS,PASS,PASS
18,2,2,22,16,1,21,4,1500,1500,4,PASS,PASS,PASS
18,2,2,22,16,2,20,6,1516,1516,4,PASS,PASS,PASS
18,2,2,23,16,1,22,4,1568,1568,4,PASS,PASS,PASS
18,2,2,23,16,2,21,6,1584,1584,4,PASS,PASS,PASS
18,2,2,24,16,1,23,4,1636,1636,4,PASS,PASS,PASS
18,2,2,24,16,2,22,6,1652,1652,4,PASS,PASS,PASS
18,2,3,4,32,1,3,5,348,348,3,PASS,PASS,PASS
18,2,3,4,32,2,2,7,366,366,2,PASS,PASS,PASS
18,2,3,4,32,3,1,9,392,392,1,PASS,PASS,PASS
18,2,3,5,32,1,4,5,434,434,4,PASS,PASS,PASS
18,2,3,5,32,2,3,7,452,452,3,PASS,PASS,PASS
18,2,3,5,32,3,2,9,478,478,2,PASS,PASS,PASS
18,2,3,6,32,1,5,5,520,520,4,PASS,PASS,PASS
18,2,3,6,32,2,4,7,538,538,4,PASS,PASS,PASS
18,2,3,6,32,3,3,9,564,564,3,PASS,PASS,PASS
18,2,3,7,32,1,6,5,606,606,4,PASS,PASS,PASS
18,2,3,7,32,2,5,7,624,624,4,PASS,PASS,PASS
18,2,3,7,32,3,4,9,650,650,4,PASS,PASS,PASS
18,2,3,8,32,1,7,5,692,692,4,PASS,PASS,PASS
18,2,3,8,32,2,6,7,710,710,4,PASS,PASS,PASS
18,2,3,8,32,3,5,9,736,736,4,PASS,PASS,PASS
18,2,3,9,32,1,8,5,778,778,4,PASS,PASS,PASS
18,2,3,9,32,2,7,7,796,796,4,PASS,PASS,PASS
18,2,3,9,32,3,6,9,822,822,4,PASS,PASS,PASS
18,2,3,10,32,1,9,5,864,864,4,PASS,PASS,PASS
18,2,3,10,32,2,8,7,882,882,4,PASS,PASS,PASS
18,2,3,10,32,3,7,9,908,908,4,PASS,PASS,PASS
18,2,3,11,32,1,10,5,950,950,4,PASS,PASS,PASS
18,2,3,11,32,2,9,7,968,968,4,PASS,PASS,PASS
18,2,3,11,32,3,8,9,994,994,4,PASS,PASS,PASS
18,2,3,12,32,1,11,5,1036,1036,4,PASS,PASS,PASS
18,2,3,12,32,2,10,7,1054,1054,4,PASS,PASS,PASS
18,2,3,12,32,3,9,9,1080,1080,4,PASS,PASS,PASS
18,2,3,13,32,1,12,5,1122,1122,4,PASS,PASS,PASS
18,2,3,13,32,2,11,7,1140,1140,4,PASS,PASS,PASS
18,2,3,13,32,3,10,9,1166,1166,4,PASS,PASS,PASS
18,2,3,14,32,1,13,5,1208,1208,4,PASS,PASS,PASS
18,2,3,14,32,2,12,7,1226,1226,4,PASS,PASS,PASS
18,2,3,14,32,3,11,9,1252,1252,4,PASS,PASS,PASS
18,2,3,15,32,1,14,5,1294,1294,4,PASS,PASS,PASS
18,2,3,15,32,2,13,7,1312,1312,4,PASS,PASS,PASS
18,2,3,15,32,3,12,9,1338,1338,4,PASS,PASS,PASS
18,2,3,16,32,1,15,5,1380,1380,4,PASS,PASS,PASS
18,2,3,16,32,2,14,7,1398,1398,4,PASS,PASS,PASS
18,2,3,16,32,3,13,9,1424,1424,4,PASS,PASS,PASS
18,2,3,17,32,1,16,5,1466,1466,4,PASS,PASS,PASS
18,2,3,17,32,2,15,7,1484,1484,4,PASS,PASS,PASS
18,2,3,17,32,3,14,9,1510,1510,4,PASS,PASS,PASS
18,2,3,18,32,1,17,5,1552,1552,4,PASS,PASS,PASS
18,2,3,18,32,2,16,7,1570,1570,4,PASS,PASS,PASS
18,2,3,18,32,3,15,9,1596,1596,4,PASS,PASS,PASS
18,2,3,19,32,1,18,5,1638,1638,4,PASS,PASS,PASS
18,2,3,19,32,2,17,7,1656,1656,4,PASS,PASS,PASS
18,2,3,19,32,3,16,9,1682,1682,4,PASS,PASS,PASS
18,2,3,20,32,1,19,5,1724,1724,4,PASS,PASS,PASS
18,2,3,20,32,2,18,7,1742,1742,4,PASS,PASS,PASS
18,2,3,20,32,3,17,9,1768,1768,4,PASS,PASS,PASS
18,2,3,21,32,1,20,5,1810,1810,4,PASS,PASS,PASS
18,2,3,21,32,2,19,7,1828,1828,4,PASS,PASS,PASS
18,2,3,21,32,3,18,9,1854,1854,4,PASS,PASS,PASS
18,2,3,22,32,1,21,5,1896,1896,4,PASS,PASS,PASS
18,2,3,22,32,2,20,7,1914,1914,4,PASS,PASS,PASS
18,2,3,22,32,3,19,9,1940,1940,4,PASS,PASS,PASS
18,2,3,23,32,1,22,5,1982,1982,4,PASS,PASS,PASS
18,2,3,23,32,2,21,7,2000,2000,4,PASS,PASS,PASS
18,2,3,23,32,3,20,9,2026,2026,4,PASS,PASS,PASS
18,2,3,24,32,1,23,5,2068,2068,4,PASS,PASS,PASS
18,2,3,24,32,2,22,7,2086,2086,4,PASS,PASS,PASS
18,2,3,24,32,3,21,9,2112,2112,4,PASS,PASS,PASS
18,3,1,4,8,1,3,4,261,261,3,PASS,PASS,PASS
18,3,1,5,8,1,4,4,324,324,4,PASS,PASS,PASS
18,3,1,6,8,1,5,4,387,387,4,PASS,PASS,PASS
18,3,1,7,8,1,6,4,450,450,4,PASS,PASS,PASS
18,3,1,8,8,1,7,4,513,513,4,PASS,PASS,PASS
18,3,1,9,8,1,8,4,576,576,4,PASS,PASS,PASS
18,3,1,10,8,1,9,4,639,639,4,PASS,PASS,PASS
18,3,1,11,8,1,10,4,702,702,4,PASS,PASS,PASS
18,3,1,12,8,1,11,4,765,765,4,PASS,PASS,PASS
18,3,1,13,8,1,12,4,828,828,4,PASS,PASS,PASS
18,3,1,14,8,1,13,4,891,891,4,PASS,PASS,PASS
18,3,1,15,8,1,14,4,954,954,4,PASS,PASS,PASS
18,3,1,16,8,1,15,4,1017,1017,4,PASS,PASS,PASS
18,3,1,17,8,1,16,4,1080,1080,4,PASS,PASS,PASS
18,3,1,18,8,1,17,4,1143,1143,4,PASS,PASS,PASS
18,3,1,19,8,1,18,4,1206,1206,4,PASS,PASS,PASS
18,3,1,20,8,1,19,4,1269,1269,4,PASS,PASS,PASS
18,3,1,21,8,1,20,4,1332,1332,4,PASS,PASS,PASS
18,3,1,22,8,1,21,4,1395,1395,4,PASS,PASS,PASS
18,3,1,23,8,1,22,4,1458,1458,4,PASS,PASS,PASS
18,3,1,24,8,1,23,4,1521,1521,4,PASS,PASS,PASS
18,3,2,4,8,1,3,5,333,333,3,PASS,PASS,PASS
18,3,2,4,8,2,2,8,366,366,2,PASS,PASS,PASS
18,3,2,5,8,1,4,5,414,414,4,PASS,PASS,PASS
18,3,2,5,8,2,3,8,447,447,3,PASS,PASS,PASS
18,3,2,6,8,1,5,5,495,495,4,PASS,PASS,PASS
18,3,2,6,8,2,4,8,528,528,4,PASS,PASS,PASS
18,3,2,7,8,1,6,5,576,576,4,PASS,PASS,PASS
18,3,2,7,8,2,5,8,609,609,4,PASS,PASS,PASS
18,3,2,8,32,1,7,5,657,657,4,PASS,PASS,PASS
18,3,2,8,32,2,6,8,690,690,4,PASS,PASS,PASS
18,3,2,9,32,1,8,5,738,738,4,PASS,PASS,PASS
18,3,2,9,32,2,7,8,771,771,4,PASS,PASS,PASS
18,3,2,10,32,1,9,5,819,819,4,PASS,PASS,PASS
18,3,2,10,32,2,8,8,852,852,4,PASS,PASS,PASS
18,3,2,11,32,1,10,5,900,900,4,PASS,PASS,PASS
18,3,2,11,32,2,9,8,933,933,4,PASS,PASS,PASS
18,3,2,12,32,1,11,5,981,981,4,PASS,PASS,PASS
18,3,2,12,32,2,10,8,1014,1014,4,PASS,PASS,PASS
18,3,2,13,32,1,12,5,1062,1062,4,PASS,PASS,PASS
18,3,2,13,32,2,11,8,1095,1095,4,PASS,PASS,PASS
18,3,2,14,32,1,13,5,1143,1143,4,PASS,PASS,PASS
18,3,2,14,32,2,12,8,1176,1176,4,PASS,PASS,PASS
18,3,2,15,32,1,14,5,1224,1224,4,PASS,PASS,PASS
18,3,2,15,32,2,13,8,1257,1257,4,PASS,PASS,PASS
18,3,2,16,32,1,15,5,1305,1305,4,PASS,PASS,PASS
18,3,2,16,32,2,14,8,1338,1338,4,PASS,PASS,PASS
18,3,2,17,32,1,16,5,1386,1386,4,PASS,PASS,PASS
18,3,2,17,32,2,15,8,1419,1419,4,PASS,PASS,PASS
18,3,2,18,32,1,17,5,1467,1467,4,PASS,PASS,PASS
18,3,2,18,32,2,16,8,1500,1500,4,PASS,PASS,PASS
18,3,2,19,32,1,18,5,1548,1548,4,PASS,PASS,PASS
18,3,2,19,32,2,17,8,1581,1581,4,PASS,PASS,PASS
18,3,2,20,32,1,19,5,1629,1629,4,PASS,PASS,PASS
18,3,2,20,32,2,18,8,1662,1662,4,PASS,PASS,PASS
18,3,2,21,32,1,20,5,1710,1710,4,PASS,PASS,PASS
18,3,2,21,32,2,19,8,1743,1743,4,PASS,PASS,PASS
18,3,2,22,32,1,21,5,1791,1791,4,PASS,PASS,PASS
18,3,2,22,32,2,20,8,1824,1824,4,PASS,PASS,PASS
18,3,2,23,32,1,22,5,1872,1872,4,PASS,PASS,PASS
18,3,2,23,32,2,21,8,1905,1905,4,PASS,PASS,PASS
18,3,2,24,32,1,23,5,1953,1953,4,PASS,PASS,PASS
18,3,2,24,32,2,22,8,1986,1986,4,PASS,PASS,PASS
18,3,3,4,32,1,3,6,405,405,3,PASS,PASS,PASS
18,3,3,4,32,2,2,9,441,441,2,PASS,PASS,PASS
18,3,3,4,32,3,1,12,495,495,1,PASS,PASS,PASS
18,3,3,5,32,1,4,6,504,504,4,PASS,PASS,PASS
18,3,3,5,32,2,3,9,540,540,3,PASS,PASS,PASS
18,3,3,5,32,3,2,12,594,594,2,PASS,PASS,PASS
18,3,3,6,32,1,5,6,603,603,4,PASS,PASS,PASS
18,3,3,6,32,2,4,9,639,639,4,PASS,PASS,PASS
18,3,3,6,32,3,3,12,693,693,3,PASS,PASS,PASS
18,3,3,7,32,1,6,6,702,702,4,PASS,PASS,PASS
18,3,3,7,32,2,5,9,738,738,4,PASS,PASS,PASS
18,3,3,7,32,3,4,12,792,792,4,PASS,PASS,PASS
18,3,3,8,32,1,7,6,801,801,4,PASS,PASS,PASS
18,3,3,8,32,2,6,9,837,837,4,PASS,PASS,PASS
18,3,3,8,32,3,5,12,891,891,4,PASS,PASS,PASS
18,3,3,9,32,1,8,6,900,900,4,PASS,PASS,PASS
18,3,3,9,32,2,7,9,936,936,4,PASS,PASS,PASS
18,3,3,9,32,3,6,12,990,990,4,PASS,PASS,PASS
18,3,3,10,32,1,9,6,999,999,4,PASS,PASS,PASS
18,3,3,10,32,2,8,9,1035,1035,4,PASS,PASS,PASS
18,3,3,10,32,3,7,12,1089,1089,4,PASS,PASS,PASS
18,3,3,11,32,1,10,6,1098,1098,4,PASS,PASS,PASS
18,3,3,11,32,2,9,9,1134,1134,4,PASS,PASS,PASS
18,3,3,11,32,3,8,12,1188,1188,4,PASS,PASS,PASS
18,3,3,12,32,1,11,6,1197,1197,4,PASS,PASS,PASS
18,3,3,12,32,2,10,9,1233,1233,4,PASS,PASS,PASS
18,3,3,12,32,3,9,12,1287,1287,4,PASS,PASS,PASS
18,3,3,13,32,1,12,6,1296,1296,4,PASS,PASS,PASS
18,3,3,13,32,2,11,9,1332,1332,4,PASS,PASS,PASS
18,3,3,13,32,3,10,12,1386,1386,4,PASS,PASS,PASS
18,3,3,14,32,1,13,6,1395,1395,4,PASS,PASS,PASS
18,3,3,14,32,2,12,9,1431,1431,4,PASS,PASS,PASS
18,3,3,14,32,3,11,12,1485,1485,4,PASS,PASS,PASS
18,3,3,15,32,1,14,6,1494,1494,4,PASS,PASS,PASS
18,3,3,15,32,2,13,9,1530,1530,4,PASS,PASS,PASS
18,3,3,15,32,3,12,12,1584,1584,4,PASS,PASS,PASS
18,3,3,16,32,1,15,6,1593,1593,4,PASS,PASS,PASS
18,3,3,16,32,2,14,9,1629,1629,4,PASS,PASS,PASS
18,3,3,16,32,3,13,12,1683,1683,4,PASS,PASS,PASS
18,3,3,17,32,1,16,6,1692,1692,4,PASS,PASS,PASS
18,3,3,17,32,2,15,9,1728,1728,4,PASS,PASS,PASS
18,3,3,17,32,3,14,12,1782,1782,4,PASS,PASS,PASS
18,3,3,18,32,1,17,6,1791,1791,4,PASS,PASS,PASS
18,3,3,18,32,2,16,9,1827,1827,4,PASS,PASS,PASS
18,3,3,18,32,3,15,12,1881,1881,4,PASS,PASS,PASS
18,3,3,19,32,1,18,6,1890,1890,4,PASS,PASS,PASS
18,3,3,19,32,2,17,9,1926,1926,4,PASS,PASS,PASS
18,3,3,19,32,3,16,12,1980,1980,4,PASS,PASS,PASS
18,3,3,20,32,1,19,6,1989,1989,4,PASS,PASS,PASS
18,3,3,20,32,2,18,9,2025,2025,4,PASS,PASS,PASS
18,3,3,20,32,3,17,12,2079,2079,4,PASS,PASS,PASS
18,3,3,21,32,1,20,6,2088,2088,4,PASS,PASS,PASS
18,3,3,21,32,2,19,9,2124,2124,4,PASS,PASS,PASS
18,3,3,21,32,3,18,12,2178,2178,4,PASS,PASS,PASS
18,3,3,22,32,1,21,6,2187,2187,4,PASS,PASS,PASS
18,3,3,22,32,2,20,9,2223,2223,4,PASS,PASS,PASS
18,3,3,22,32,3,19,12,2277,2277,4,PASS,PASS,PASS
18,3,3,23,32,1,22,6,2286,2286,4,PASS,PASS,PASS
18,3,3,23,32,2,21,9,2322,2322,4,PASS,PASS,PASS
18,3,3,23,32,3,20,12,2376,2376,4,PASS,PASS,PASS
18,3,3,24,32,1,23,6,2385,2385,4,PASS,PASS,PASS
18,3,3,24,32,2,22,9,2421,2421,4,PASS,PASS,PASS
18,3,3,24,32,3,21,12,2475,2475,4,PASS,PASS,PASS
19,1,1,4,8,1,3,2,149,149,3,PASS,PASS,PASS
19,1,1,5,8,1,4,2,186,186,4,PASS,PASS,PASS
19,1,1,6,8,1,5,2,223,223,4,PASS,PASS,PASS
19,1,1,7,8,1,6,2,260,260,4,PASS,PASS,PASS
19,1,1,8,8,1,7,2,297,297,4,PASS,PASS,PASS
19,1,1,9,8,1,8,2,334,334,4,PASS,PASS,PASS
19,1,1,10,8,1,9,2,371,371,4,PASS,PASS,PASS
19,1,1,11,8,1,10,2,408,408,4,PASS,PASS,PASS
19,1,1,12,8,1,11,2,445,445,4,PASS,PASS,PASS
19,1,1,13,8,1,12,2,482,482,4,PASS,PASS,PASS
19,1,1,14,8,1,13,2,519,519,4,PASS,PASS,PASS
19,1,1,15,8,1,14,2,556,556,4,PASS,PASS,PASS
19,1,1,16,8,1,15,2,593,593,4,PASS,PASS,PASS
19,1,1,17,8,1,16,2,630,630,4,PASS,PASS,PASS
19,1,1,18,8,1,17,2,667,667,4,PASS,PASS,PASS
19,1,1,19,8,1,18,2,704,704,4,PASS,PASS,PASS
19,1,1,20,8,1,19,2,741,741,4,PASS,PASS,PASS
19,1,1,21,8,1,20,2,778,778,4,PASS,PASS,PASS
19,1,1,22,8,1,21,2,815,815,4,PASS,PASS,PASS
19,1,1,23,8,1,22,2,852,852,4,PASS,PASS,PASS
19,1,1,24,8,1,23,2,889,889,4,PASS,PASS,PASS
19,1,2,4,8,1,3,3,225,225,3,PASS,PASS,PASS
19,1,2,4,8,2,2,4,230,230,2,PASS,PASS,PASS
19,1,2,5,8,1,4,3,281,281,4,PASS,PASS,PASS
19,1,2,5,8,2,3,4,286,286,3,PASS,PASS,PASS
19,1,2,6,8,1,5,3,337,337,4,PASS,PASS,PASS
19,1,2,6,8,2,4,4,342,342,4,PASS,PASS,PASS
19,1,2,7,8,1,6,3,393,393,4,PASS,PASS,PASS
19,1,2,7,8,2,5,4,398,398,4,PASS,PASS,PASS
19,1,2,8,16,1,7,3,449,449,4,PASS,PASS,PASS
19,1,2,8,16,2,6,4,454,454,4,PASS,PASS,PASS
19,1,2,9,16,1,8,3,505,505,4,PASS,PASS,PASS
19,1,2,9,16,2,7,4,510,510,4,PASS,PASS,PASS
19,1,2,10,16,1,9,3,561,561,4,PASS,PASS,PASS
19,1,2,10,16,2,8,4,566,566,4,PASS,PASS,PASS
19,1,2,11,16,1,10,3,617,617,4,PASS,PASS,PASS
19,1,2,11,16,2,9,4,622,622,4,PASS,PASS,PASS
19,1,2,12,16,1,11,3,673,673,4,PASS,PASS,PASS
19,1,2,12,16,2,10,4,678,678,4,PASS,PASS,PASS
19,1,2,13,16,1,12,3,729,729,4,PASS,PASS,PASS
19,1,2,13,16,2,11,4,734,734,4,PASS,PASS,PASS
19,1,2,14,16,1,13,3,785,785,4,PASS,PASS,PASS
19,1,2,14,16,2,12,4,790,790,4,PASS,PASS,PASS
19,1,2,15,16,1,14,3,841,841,4,PASS,PASS,PASS
19,1,2,15,16,2,13,4,846,846,4,PASS,PASS,PASS
19,1,2,16,16,1,15,3,897,897,4,PASS,PASS,PASS
19,1,2,16,16,2,14,4,902,902,4,PASS,PASS,PASS
19,1,2,17,16,1,16,3,953,953,4,PASS,PASS,PASS
19,1,2,17,16,2,15,4,958,958,4,PASS,PASS,PASS
19,1,2,18,16,1,17,3,1009,1009,4,PASS,PASS,PASS
19,1,2,18,16,2,16,4,1014,1014,4,PASS,PASS,PASS
19,1,2,19,16,1,18,3,1065,1065,4,PASS,PASS,PASS
19,1,2,19,16,2,17,4,1070,1070,4,PASS,PASS,PASS
19,1,2,20,16,1,19,3,1121,1121,4,PASS,PASS,PASS
19,1,2,20,16,2,18,4,1126,1126,4,PASS,PASS,PASS
19,1,2,21,16,1,20,3,1177,1177,4,PASS,PASS,PASS
19,1,2,21,16,2,19,4,1182,1182,4,PASS,PASS,PASS
19,1,2,22,16,1,21,3,1233,1233,4,PASS,PASS,PASS
19,1,2,22,16,2,20,4,1238,1238,4,PASS,PASS,PASS
19,1,2,23,16,1,22,3,1289,1289,4,PASS,PASS,PASS
19,1,2,23,16,2,21,4,1294,1294,4,PASS,PASS,PASS
19,1,2,24,16,1,23,3,1345,1345,4,PASS,PASS,PASS
19,1,2,24,16,2,22,4,1350,1350,4,PASS,PASS,PASS
19,1,3,4,16,1,3,4,301,301,3,PASS,PASS,PASS
19,1,3,4,16,2,2,5,307,307,2,PASS,PASS,PASS
19,1,3,4,16,3,1,6,315,315,1,PASS,PASS,PASS
19,1,3,5,16,1,4,4,376,376,4,PASS,PASS,PASS
19,1,3,5,16,2,3,5,382,382,3,PASS,PASS,PASS
19,1,3,5,16,3,2,6,390,390,2,PASS,PASS,PASS
19,1,3,6,16,1,5,4,451,451,4,PASS,PASS,PASS
19,1,3,6,16,2,4,5,457,457,4,PASS,PASS,PASS
19,1,3,6,16,3,3,6,465,465,3,PASS,PASS,PASS
19,1,3,7,32,1,6,4,526,526,4,PASS,PASS,PASS
19,1,3,7,32,2,5,5,532,532,4,PASS,PASS,PASS
19,1,3,7,32,3,4,6,540,540,4,PASS,PASS,PASS
19,1,3,8,32,1,7,4,601,601,4,PASS,PASS,PASS
19,1,3,8,32,2,6,5,607,607,4,PASS,PASS,PASS
19,1,3,8,32,3,5,6,615,615,4,PASS,PASS,PASS
19,1,3,9,32,1,8,4,676,676,4,PASS,PASS,PASS
19,1,3,9,32,2,7,5,682,682,4,PASS,PASS,PASS
19,1,3,9,32,3,6,6,690,690,4,PASS,PASS,PASS
19,1,3,10,32,1,9,4,751,751,4,PASS,PASS,PASS
19,1,3,10,32,2,8,5,757,757,4,PASS,PASS,PASS
19,1,3,10,32,3,7,6,765,765,4,PASS,PASS,PASS
19,1,3,11,32,1,10,4,826,826,4,PASS,PASS,PASS
19,1,3,11,32,2,9,5,832,832,4,PASS,PASS,PASS
19,1,3,11,32,3,8,6,840,840,4,PASS,PASS,PASS
19,1,3,12,32,1,11,4,901,901,4,PASS,PASS,PASS
19,1,3,12,32,2,10,5,907,907,4,PASS,PASS,PASS
19,1,3,12,32,3,9,6,915,915,4,PASS,PASS,PASS
19,1,3,13,32,1,12,4,976,976,4,PASS,PASS,PASS
19,1,3,13,32,2,11,5,982,982,4,PASS,PASS,PASS
19,1,3,13,32,3,10,6,990,990,4,PASS,PASS,PASS
19,1,3,14,32,1,13,4,1051,1051,4,PASS,PASS,PASS
19,1,3,14,32,2,12,5,1057,1057,4,PASS,PASS,PASS
19,1,3,14,32,3,11,6,1065,1065,4,PASS,PASS,PASS
19,1,3,15,32,1,14,4,1126,1126,4,PASS,PASS,PASS
19,1,3,15,32,2,13,5,1132,1132,4,PASS,PASS,PASS
19,1,3,15,32,3,12,6,1140,1140,4,PASS,PASS,PASS
19,1,3,16,32,1,15,4,1201,1201,4,PASS,PASS,PASS
19,1,3,16,32,2,14,5,1207,1207,4,PASS,PASS,PASS
19,1,3,16,32,3,13,6,1215,1215,4,PASS,PASS,PASS
19,1,3,17,32,1,16,4,1276,1276,4,PASS,PASS,PASS
19,1,3,17,32,2,15,5,1282,1282,4,PASS,PASS,PASS
19,1,3,17,32,3,14,6,1290,1290,4,PASS,PASS,PASS
19,1,3,18,32,1,17,4,1351,1351,4,PASS,PASS,PASS
19,1,3,18,32,2,16,5,1357,1357,4,PASS,PASS,PASS
19,1,3,18,32,3,15,6,1365,1365,4,PASS,PASS,PASS
19,1,3,19,32,1,18,4,1426,1426,4,PASS,PASS,PASS
19,1,3,19,32,2,17,5,1432,1432,4,PASS,PASS,PASS
19,1,3,19,32,3,16,6,1440,1440,4,PASS,PASS,PASS
19,1,3,20,32,1,19,4,1501,1501,4,PASS,PASS,PASS
19,1,3,20,32,2,18,5,1507,1507,4,PASS,PASS,PASS
19,1,3,20,32,3,17,6,1515,1515,4,PASS,PASS,PASS
19,1,3,21,32,1,20,4,1576,1576,4,PASS,PASS,PASS
19,1,3,21,32,2,19,5,1582,1582,4,PASS,PASS,PASS
19,1,3,21,32,3,18,6,1590,1590,4,PASS,PASS,PASS
19,1,3,22,32,1,21,4,1651,1651,4,PASS,PASS,PASS
19,1,3,22,32,2,20,5,1657,1657,4,PASS,PASS,PASS
19,1,3,22,32,3,19,6,1665,1665,4,PASS,PASS,PASS
19,1,3,23,32,1,22,4,1726,1726,4,PASS,PASS,PASS
19,1,3,23,32,2,21,5,1732,1732,4,PASS,PASS,PASS
19,1,3,23,32,3,20,6,1740,1740,4,PASS,PASS,PASS
19,1,3,24,32,1,23,4,1801,1801,4,PASS,PASS,PASS
19,1,3,24,32,2,22,5,1807,1807,4,PASS,PASS,PASS
19,1,3,24,32,3,21,6,1815,1815,4,PASS,PASS,PASS
19,2,1,4,8,1,3,3,216,216,3,PASS,PASS,PASS
19,2,1,5,8,1,4,3,269,269,4,PASS,PASS,PASS
19,2,1,6,8,1,5,3,322,322,4,PASS,PASS,PASS
19,2,1,7,8,1,6,3,375,375,4,PASS,PASS,PASS
19,2,1,8,8,1,7,3,428,428,4,PASS,PASS,PASS
19,2,1,9,8,1,8,3,481,481,4,PASS,PASS,PASS
19,2,1,10,8,1,9,3,534,534,4,PASS,PASS,PASS
19,2,1,11,8,1,10,3,587,587,4,PASS,PASS,PASS
19,2,1,12,8,1,11,3,640,640,4,PASS,PASS,PASS
19,2,1,13,8,1,12,3,693,693,4,PASS,PASS,PASS
19,2,1,14,8,1,13,3,746,746,4,PASS,PASS,PASS
19,2,1,15,8,1,14,3,799,799,4,PASS,PASS,PASS
19,2,1,16,8,1,15,3,852,852,4,PASS,PASS,PASS
19,2,1,17,8,1,16,3,905,905,4,PASS,PASS,PASS
19,2,1,18,8,1,17,3,958,958,4,PASS,PASS,PASS
19,2,1,19,8,1,18,3,1011,1011,4,PASS,PASS,PASS
19,2,1,20,8,1,19,3,1064,1064,4,PASS,PASS,PASS
19,2,1,21,8,1,20,3,1117,1117,4,PASS,PASS,PASS
19,2,1,22,8,1,21,3,1170,1170,4,PASS,PASS,PASS
19,2,1,23,8,1,22,3,1223,1223,4,PASS,PASS,PASS
19,2,1,24,8,1,23,3,1276,1276,4,PASS,PASS,PASS
19,2,2,4,8,1,3,4,292,292,3,PASS,PASS,PASS
19,2,2,4,8,2,2,6,308,308,2,PASS,PASS,PASS
19,2,2,5,8,1,4,4,364,364,4,PASS,PASS,PASS
19,2,2,5,8,2,3,6,380,380,3,PASS,PASS,PASS
19,2,2,6,8,1,5,4,436,436,4,PASS,PASS,PASS
19,2,2,6,8,2,4,6,452,452,4,PASS,PASS,PASS
19,2,2,7,8,1,6,4,508,508,4,PASS,PASS,PASS
19,2,2,7,8,2,5,6,522,522,4,PASS,PASS,PASS
19,2,2,8,8,1,7,4,580,580,4,PASS,PASS,PASS
19,2,2,8,8,2,6,6,596,596,4,PASS,PASS,PASS
19,2,2,9,8,1,8,4,652,652,4,PASS,PASS,PASS
19,2,2,9,8,2,7,6,668,668,4,PASS,PASS,PASS
19,2,2,10,16,1,9,4,724,724,4,PASS,PASS,PASS
19,2,2,10,16,2,8,6,740,740,4,PASS,PASS,PASS
19,2,2,11,16,1,10,4,796,796,4,PASS,PASS,PASS
19,2,2,11,16,2,9,6,812,812,4,PASS,PASS,PASS
19,2,2,12,16,1,11,4,868,868,4,PASS,PASS,PASS
19,2,2,12,16,2,10,6,884,884,4,PASS,PASS,PASS
19,2,2,13,16,1,12,4,940,940,4,PASS,PASS,PASS
19,2,2,13,16,2,11,6,956,956,4,PASS,PASS,PASS
19,2,2,14,16,1,13,4,1012,1012,4,PASS,PASS,PASS
19,2,2,14,16,2,12,6,1028,1028,4,PASS,PASS,PASS
19,2,2,15,16,1,14,4,1084,1084,4,PASS,PASS,PASS
19,2,2,15,16,2,13,6,1100,1100,4,PASS,PASS,PASS
19,2,2,16,16,1,15,4,1156,1156,4,PASS,PASS,PASS
19,2,2,16,16,2,14,6,1172,1172,4,PASS,PASS,PASS
19,2,2,17,16,1,16,4,1228,1228,4,PASS,PASS,PASS
19,2,2,17,16,2,15,6,1244,1244,4,PASS,PASS,PASS
19,2,2,18,16,1,17,4,1300,1300,4,PASS,PASS,PASS
19,2,2,18,16,2,16,6,1316,1316,4,PASS,PASS,PASS
19,2,2,19,32,1,18,4,1372,1372,4,PASS,PASS,PASS
19,2,2,19,32,2,17,6,1388,1388,4,PASS,PASS,PASS
19,2,2,20,16,1,19,4,1444,1444,4,PASS,PASS,PASS
19,2,2,20,16,2,18,6,1460,1460,4,PASS,PASS,PASS
19,2,2,21,16,1,20,4,1516,1516,4,PASS,PASS,PASS
19,2,2,21,16,2,19,6,1532,1532,4,PASS,PASS,PASS
19,2,2,22,16,1,21,4,1588,1588,4,PASS,PASS,PASS
19,2,2,22,16,2,20,6,1604,1604,4,PASS,PASS,PASS
19,2,2,23,16,1,22,4,1660,1660,4,PASS,PASS,PASS
19,2,2,23,16,2,21,6,1676,1676,4,PASS,PASS,PASS
19,2,2,24,16,1,23,4,1732,1732,4,PASS,PASS,PASS
19,2,2,24,16,2,22,6,1748,1748,4,PASS,PASS,PASS
19,2,3,4,32,1,3,5,368,368,3,PASS,PASS,PASS
19,2,3,4,32,2,2,7,386,386,2,PASS,PASS,PASS
19,2,3,4,32,3,1,9,412,412,1,PASS,PASS,PASS
19,2,3,5,32,1,4,5,459,459,4,PASS,PASS,PASS
19,2,3,5,32,2,3,7,477,477,3,PASS,PASS,PASS
19,2,3,5,32,3,2,9,503,503,2,PASS,PASS,PASS
19,2,3,6,32,1,5,5,550,550,4,PASS,PASS,PASS
19,2,3,6,32,2,4,7,568,568,4,PASS,PASS,PASS
19,2,3,6,32,3,3,9,594,594,3,PASS,PASS,PASS
19,2,3,7,32,1,6,5,641,641,4,PASS,PASS,PASS
19,2,3,7,32,2,5,7,659,659,4,PASS,PASS,PASS
19,2,3,7,32,3,4,9,685,685,4,PASS,PASS,PASS
19,2,3,8,32,1,7,5,732,732,4,PASS,PASS,PASS
19,2,3,8,32,2,6,7,750,750,4,PASS,PASS,PASS
19,2,3,8,32,3,5,9,776,776,4,PASS,PASS,PASS
19,2,3,9,32,1,8,5,823,823,4,PASS,PASS,PASS
19,2,3,9,32,2,7,7,841,841,4,PASS,PASS,PASS
19,2,3,9,32,3,6,9,867,867,4,PASS,PASS,PASS
19,2,3,10,32,1,9,5,914,914,4,PASS,PASS,PASS
19,2,3,10,32,2,8,7,932,932,4,PASS,PASS,PASS
19,2,3,10,32,3,7,9,958,958,4,PASS,PASS,PASS
19,2,3,11,32,1,10,5,1005,1005,4,PASS,PASS,PASS
19,2,3,11,32,2,9,7,1023,1023,4,PASS,PASS,PASS
19,2,3,11,32,3,8,9,1049,1049,4,PASS,PASS,PASS
19,2,3,12,32,1,11,5,1096,1096,4,PASS,PASS,PASS
19,2,3,12,32,2,10,7,1114,1114,4,PASS,PASS,PASS
19,2,3,12,32,3,9,9,1140,1140,4,PASS,PASS,PASS
19,2,3,13,32,1,12,5,1187,1187,4,PASS,PASS,PASS
19,2,3,13,32,2,11,7,1205,1205,4,PASS,PASS,PASS
19,2,3,13,32,3,10,9,1231,1231,4,PASS,PASS,PASS
19,2,3,14,32,1,13,5,1278,1278,4,PASS,PASS,PASS
19,2,3,14,32,2,12,7,1296,1296,4,PASS,PASS,PASS
19,2,3,14,32,3,11,9,1322,1322,4,PASS,PASS,PASS
19,2,3,15,32,1,14,5,1369,1369,4,PASS,PASS,PASS
19,2,3,15,32,2,13,7,1387,1387,4,PASS,PASS,PASS
19,2,3,15,32,3,12,9,1413,1413,4,PASS,PASS,PASS
19,2,3,16,32,1,15,5,1460,1460,4,PASS,PASS,PASS
19,2,3,16,32,2,14,7,1478,1478,4,PASS,PASS,PASS
19,2,3,16,32,3,13,9,1504,1504,4,PASS,PASS,PASS
19,2,3,17,32,1,16,5,1551,1551,4,PASS,PASS,PASS
19,2,3,17,32,2,15,7,1569,1569,4,PASS,PASS,PASS
19,2,3,17,32,3,14,9,1595,1595,4,PASS,PASS,PASS
19,2,3,18,32,1,17,5,1642,1642,4,PASS,PASS,PASS
19,2,3,18,32,2,16,7,1660,1660,4,PASS,PASS,PASS
19,2,3,18,32,3,15,9,1686,1686,4,PASS,PASS,PASS
19,2,3,19,32,1,18,5,1733,1733,4,PASS,PASS,PASS
19,2,3,19,32,2,17,7,1751,1751,4,PASS,PASS,PASS
19,2,3,19,32,3,16,9,1777,1777,4,PASS,PASS,PASS
19,2,3,20,32,1,19,5,1824,1824,4,PASS,PASS,PASS
19,2,3,20,32,2,18,7,1842,1842,4,PASS,PASS,PASS
19,2,3,20,32,3,17,9,1868,1868,4,PASS,PASS,PASS
19,2,3,21,32,1,20,5,1915,1915,4,PASS,PASS,PASS
19,2,3,21,32,2,19,7,1933,1933,4,PASS,PASS,PASS
19,2,3,21,32,3,18,9,1959,1959,4,PASS,PASS,PASS
19,2,3,22,32,1,21,5,2006,2006,4,PASS,PASS,PASS
19,2,3,22,32,2,20,7,2024,2024,4,PASS,PASS,PASS
19,2,3,22,32,3,19,9,2050,2050,4,PASS,PASS,PASS
19,2,3,23,32,1,22,5,2097,2097,4,PASS,PASS,PASS
19,2,3,23,32,2,21,7,2115,2115,4,PASS,PASS,PASS
19,2,3,23,32,3,20,9,2141,2141,4,PASS,PASS,PASS
19,2,3,24,32,1,23,5,2188,2188,4,PASS,PASS,PASS
19,2,3,24,32,2,22,7,2206,2206,4,PASS,PASS,PASS
19,2,3,24,32,3,21,9,2232,2232,4,PASS,PASS,PASS
19,3,1,4,8,1,3,4,277,277,3,PASS,PASS,PASS
19,3,1,5,8,1,4,4,344,344,4,PASS,PASS,PASS
19,3,1,6,8,1,5,4,411,411,4,PASS,PASS,PASS
19,3,1,7,8,1,6,4,478,478,4,PASS,PASS,PASS
19,3,1,8,8,1,7,4,545,545,4,PASS,PASS,PASS
19,3,1,9,8,1,8,4,612,612,4,PASS,PASS,PASS
19,3,1,10,8,1,9,4,679,679,4,PASS,PASS,PASS
19,3,1,11,8,1,10,4,746,746,4,PASS,PASS,PASS
19,3,1,12,8,1,11,4,813,813,4,PASS,PASS,PASS
19,3,1,13,8,1,12,4,880,880,4,PASS,PASS,PASS
19,3,1,14,8,1,13,4,947,947,4,PASS,PASS,PASS
19,3,1,15,8,1,14,4,1014,1014,4,PASS,PASS,PASS
19,3,1,16,8,1,15,4,1081,1081,4,PASS,PASS,PASS
19,3,1,17,8,1,16,4,1148,1148,4,PASS,PASS,PASS
19,3,1,18,8,1,17,4,1215,1215,4,PASS,PASS,PASS
19,3,1,19,8,1,18,4,1282,1282,4,PASS,PASS,PASS
19,3,1,20,8,1,19,4,1349,1349,4,PASS,PASS,PASS
19,3,1,21,8,1,20,4,1416,1416,4,PASS,PASS,PASS
19,3,1,22,8,1,21,4,1483,1483,4,PASS,PASS,PASS
19,3,1,23,8,1,22,4,1550,1550,4,PASS,PASS,PASS
19,3,1,24,8,1,23,4,1617,1617,4,PASS,PASS,PASS
19,3,2,4,8,1,3,5,353,353,3,PASS,PASS,PASS
19,3,2,4,8,2,2,8,386,386,2,PASS,PASS,PASS
19,3,2,5,8,1,4,5,439,439,4,PASS,PASS,PASS
19,3,2,5,8,2,3,8,472,472,3,PASS,PASS,PASS
19,3,2,6,8,1,5,5,525,525,4,PASS,PASS,PASS
19,3,2,6,8,2,4,8,558,558,4,PASS,PASS,PASS
19,3,2,7,8,1,6,5,611,611,4,PASS,PASS,PASS
19,3,2,7,8,2,5,8,644,644,4,PASS,PASS,PASS
19,3,2,8,8,1,7,5,697,697,4,PASS,PASS,PASS
19,3,2,8,8,2,6,8,730,730,4,PASS,PASS,PASS
19,3,2,9,8,1,8,5,783,783,4,PASS,PASS,PASS
19,3,2,9,8,2,7,8,816,816,4,PASS,PASS,PASS
19,3,2,10,8,1,9,5,869,869,4,PASS,PASS,PASS
19,3,2,10,8,2,8,8,902,902,4,PASS,PASS,PASS
19,3,2,11,32,1,10,5,955,955,4,PASS,PASS,PASS
19,3,2,11,32,2,9,8,988,988,4,PASS,PASS,PASS
19,3,2,12,32,1,11,5,1041,1041,4,PASS,PASS,PASS
19,3,2,12,32,2,10,8,1074,1074,4,PASS,PASS,PASS
19,3,2,13,32,1,12,5,1127,1127,4,PASS,PASS,PASS
19,3,2,13,32,2,11,8,1160,1160,4,PASS,PASS,PASS
19,3,2,14,32,1,13,5,1213,1213,4,PASS,PASS,PASS
19,3,2,14,32,2,12,8,1246,1246,4,PASS,PASS,PASS
19,3,2,15,32,1,14,5,1299,1299,4,PASS,PASS,PASS
19,3,2,15,32,2,13,8,1332,1332,4,PASS,PASS,PASS
19,3,2,16,32,1,15,5,1385,1385,4,PASS,PASS,PASS
19,3,2,16,32,2,14,8,1418,1418,4,PASS,PASS,PASS
19,3,2,17,32,1,16,5,1471,1471,4,PASS,PASS,PASS
19,3,2,17,32,2,15,8,1504,1504,4,PASS,PASS,PASS
19,3,2,18,32,1,17,5,1557,1557,4,PASS,PASS,PASS
19,3,2,18,32,2,16,8,1590,1590,4,PASS,PASS,PASS
19,3,2,19,32,1,18,5,1643,1643,4,PASS,PASS,PASS
19,3,2,19,32,2,17,8,1676,1676,4,PASS,PASS,PASS
19,3,2,20,32,1,19,5,1729,1729,4,PASS,PASS,PASS
19,3,2,20,32,2,18,8,1762,1762,4,PASS,PASS,PASS
19,3,2,21,32,1,20,5,1815,1815,4,PASS,PASS,PASS
19,3,2,21,32,2,19,8,1848,1848,4,PASS,PASS,PASS
19,3,2,22,32,1,21,5,1901,1901,4,PASS,PASS,PASS
19,3,2,22,32,2,20,8,1934,1934,4,PASS,PASS,PASS
19,3,2,23,32,1,22,5,1987,1987,4,PASS,PASS,PASS
19,3,2,23,32,2,21,8,2020,2020,4,PASS,PASS,PASS
19,3,2,24,32,1,23,5,2073,2073,4,PASS,PASS,PASS
19,3,2,24,32,2,22,8,2106,2106,4,PASS,PASS,PASS
19,3,3,4,32,1,3,6,429,429,3,PASS,PASS,PASS
19,3,3,4,32,2,2,9,465,465,2,PASS,PASS,PASS
19,3,3,4,32,3,1,12,519,519,1,PASS,PASS,PASS
19,3,3,5,32,1,4,6,534,534,4,PASS,PASS,PASS
19,3,3,5,32,2,3,9,570,570,3,PASS,PASS,PASS
19,3,3,5,32,3,2,12,624,624,2,PASS,PASS,PASS
19,3,3,6,32,1,5,6,639,639,4,PASS,PASS,PASS
19,3,3,6,32,2,4,9,675,675,4,PASS,PASS,PASS
19,3,3,6,32,3,3,12,729,729,3,PASS,PASS,PASS
19,3,3,7,32,1,6,6,744,744,4,PASS,PASS,PASS
19,3,3,7,32,2,5,9,780,780,4,PASS,PASS,PASS
19,3,3,7,32,3,4,12,834,834,4,PASS,PASS,PASS
19,3,3,8,32,1,7,6,849,849,4,PASS,PASS,PASS
19,3,3,8,32,2,6,9,885,885,4,PASS,PASS,PASS
19,3,3,8,32,3,5,12,939,939,4,PASS,PASS,PASS
19,3,3,9,32,1,8,6,954,954,4,PASS,PASS,PASS
19,3,3,9,32,2,7,9,990,990,4,PASS,PASS,PASS
19,3,3,9,32,3,6,12,1044,1044,4,PASS,PASS,PASS
19,3,3,10,32,1,9,6,1059,1059,4,PASS,PASS,PASS
19,3,3,10,32,2,8,9,1095,1095,4,PASS,PASS,PASS
19,3,3,10,32,3,7,12,1149,1149,4,PASS,PASS,PASS
19,3,3,11,32,1,10,6,1164,1164,4,PASS,PASS,PASS
19,3,3,11,32,2,9,9,1200,1200,4,PASS,PASS,PASS
19,3,3,11,32,3,8,12,1254,1254,4,PASS,PASS,PASS
19,3,3,12,32,1,11,6,1269,1269,4,PASS,PASS,PASS
19,3,3,12,32,2,10,9,1305,1305,4,PASS,PASS,PASS
19,3,3,12,32,3,9,12,1359,1359,4,PASS,PASS,PASS
19,3,3,13,32,1,12,6,1374,1374,4,PASS,PASS,PASS
19,3,3,13,32,2,11,9,1410,1410,4,PASS,PASS,PASS
19,3,3,13,32,3,10,12,1464,1464,4,PASS,PASS,PASS
19,3,3,14,32,1,13,6,1479,1479,4,PASS,PASS,PASS
19,3,3,14,32,2,12,9,1515,1515,4,PASS,PASS,PASS
19,3,3,14,32,3,11,12,1569,1569,4,PASS,PASS,PASS
19,3,3,15,32,1,14,6,1584,1584,4,PASS,PASS,PASS
19,3,3,15,32,2,13,9,1620,1620,4,PASS,PASS,PASS
19,3,3,15,32,3,12,12,1674,1674,4,PASS,PASS,PASS
19,3,3,16,32,1,15,6,1689,1689,4,PASS,PASS,PASS
19,3,3,16,32,2,14,9,1725,1725,4,PASS,PASS,PASS
19,3,3,16,32,3,13,12,1779,1779,4,PASS,PASS,PASS
19,3,3,17,32,1,16,6,1794,1794,4,PASS,PASS,PASS
19,3,3,17,32,2,15,9,1830,1830,4,PASS,PASS,PASS
19,3,3,17,32,3,14,12,1884,1884,4,PASS,PASS,PASS
19,3,3,18,32,1,17,6,1899,1899,4,PASS,PASS,PASS
19,3,3,18,32,2,16,9,1935,1935,4,PASS,PASS,PASS
19,3,3,18,32,3,15,12,1989,1989,4,PASS,PASS,PASS
19,3,3,19,32,1,18,6,2004,2004,4,PASS,PASS,PASS
19,3,3,19,32,2,17,9,2040,2040,4,PASS,PASS,PASS
19,3,3,19,32,3,16,12,2094,2094,4,PASS,PASS,PASS
19,3,3,20,32,1,19,6,2109,2109,4,PASS,PASS,PASS
19,3,3,20,32,2,18,9,2145,2145,4,PASS,PASS,PASS
19,3,3,20,32,3,17,12,2199,2199,4,PASS,PASS,PASS
19,3,3,21,32,1,20,6,2214,2214,4,PASS,PASS,PASS
19,3,3,21,32,2,19,9,2250,2250,4,PASS,PASS,PASS
19,3,3,21,32,3,18,12,2304,2304,4,PASS,PASS,PASS
19,3,3,22,32,1,21,6,2319,2319,4,PASS,PASS,PASS
19,3,3,22,32,2,20,9,2355,2355,4,PASS,PASS,PASS
19,3,3,22,32,3,19,12,2409,2409,4,PASS,PASS,PASS
19,3,3,23,32,1,22,6,2424,2424,4,PASS,PASS,PASS
19,3,3,23,32,2,21,9,2460,2460,4,PASS,PASS,PASS
19,3,3,23,32,3,20,12,2514,2514,4,PASS,PASS,PASS
19,3,3,24,32,1,23,6,2529,2529,4,PASS,PASS,PASS
19,3,3,24,32,2,22,9,2565,2565,4,PASS,PASS,PASS
19,3,3,24,32,3,21,12,2619,2619,4,PASS,PASS,PASS
20,1,1,4,8,1,3,2,157,157,3,PASS,PASS,PASS
20,1,1,5,8,1,4,2,196,196,4,PASS,PASS,PASS
20,1,1,6,8,1,5,2,235,235,4,PASS,PASS,PASS
20,1,1,7,8,1,6,2,274,274,4,PASS,PASS,PASS
20,1,1,8,8,1,7,2,313,313,4,PASS,PASS,PASS
20,1,1,9,8,1,8,2,352,352,4,PASS,PASS,PASS
20,1,1,10,8,1,9,2,391,391,4,PASS,PASS,PASS
20,1,1,11,8,1,10,2,430,430,4,PASS,PASS,PASS
20,1,1,12,8,1,11,2,469,469,4,PASS,PASS,PASS
20,1,1,13,8,1,12,2,508,508,4,PASS,PASS,PASS
20,1,1,14,8,1,13,2,547,547,4,PASS,PASS,PASS
20,1,1,15,8,1,14,2,586,586,4,PASS,PASS,PASS
20,1,1,16,8,1,15,2,625,625,4,PASS,PASS,PASS
20,1,1,17,8,1,16,2,664,664,4,PASS,PASS,PASS
20,1,1,18,8,1,17,2,703,703,4,PASS,PASS,PASS
20,1,1,19,8,1,18,2,742,742,4,PASS,PASS,PASS
20,1,1,20,8,1,19,2,781,781,4,PASS,PASS,PASS
20,1,1,21,8,1,20,2,820,820,4,PASS,PASS,PASS
20,1,1,22,8,1,21,2,859,859,4,PASS,PASS,PASS
20,1,1,23,8,1,22,2,898,898,4,PASS,PASS,PASS
20,1,1,24,8,1,23,2,937,937,4,PASS,PASS,PASS
20,1,2,4,8,1,3,3,237,237,3,PASS,PASS,PASS
20,1,2,4,8,2,2,4,242,242,2,PASS,PASS,PASS
20,1,2,5,8,1,4,3,296,296,4,PASS,PASS,PASS
20,1,2,5,8,2,3,4,301,301,3,PASS,PASS,PASS
20,1,2,6,8,1,5,3,355,355,4,PASS,PASS,PASS
20,1,2,6,8,2,4,4,360,360,4,PASS,PASS,PASS
20,1,2,7,16,1,6,3,414,414,4,PASS,PASS,PASS
20,1,2,7,16,2,5,4,419,419,4,PASS,PASS,PASS
20,1,2,8,16,1,7,3,473,473,4,PASS,PASS,PASS
20,1,2,8,16,2,6,4,478,478,4,PASS,PASS,PASS
20,1,2,9,16,1,8,3,532,532,4,PASS,PASS,PASS
20,1,2,9,16,2,7,4,537,537,4,PASS,PASS,PASS
20,1,2,10,16,1,9,3,591,591,4,PASS,PASS,PASS
20,1,2,10,16,2,8,4,596,596,4,PASS,PASS,PASS
20,1,2,11,16,1,10,3,650,650,4,PASS,PASS,PASS
20,1,2,11,16,2,9,4,655,655,4,PASS,PASS,PASS
20,1,2,12,16,1,11,3,709,709,4,PASS,PASS,PASS
20,1,2,12,16,2,10,4,714,714,4,PASS,PASS,PASS
20,1,2,13,16,1,12,3,768,768,4,PASS,PASS,PASS
20,1,2,13,16,2,11,4,773,773,4,PASS,PASS,PASS
20,1,2,14,16,1,13,3,827,827,4,PASS,PASS,PASS
20,1,2,14,16,2,12,4,832,832,4,PASS,PASS,PASS
20,1,2,15,16,1,14,3,886,886,4,PASS,PASS,PASS
20,1,2,15,16,2,13,4,891,891,4,PASS,PASS,PASS
20,1,2,16,16,1,15,3,945,945,4,PASS,PASS,PASS
20,1,2,16,16,2,14,4,950,950,4,PASS,PASS,PASS
20,1,2,17,16,1,16,3,1004,1004,4,PASS,PASS,PASS
20,1,2,17,16,2,15,4,1009,1009,4,PASS,PASS,PASS
20,1,2,18,16,1,17,3,1063,1063,4,PASS,PASS,PASS
20,1,2,18,16,2,16,4,1068,1068,4,PASS,PASS,PASS
20,1,2,19,16,1,18,3,1122,1122,4,PASS,PASS,PASS
20,1,2,19,16,2,17,4,1127,1127,4,PASS,PASS,PASS
20,1,2,20,16,1,19,3,1181,1181,4,PASS,PASS,PASS
20,1,2,20,16,2,18,4,1186,1186,4,PASS,PASS,PASS
20,1,2,21,16,1,20,3,1240,1240,4,PASS,PASS,PASS
20,1,2,21,16,2,19,4,1245,1245,4,PASS,PASS,PASS
20,1,2,22,16,1,21,3,1299,1299,4,PASS,PASS,PASS
20,1,2,22,16,2,20,4,1304,1304,4,PASS,PASS,PASS
20,1,2,23,16,1,22,3,1358,1358,4,PASS,PASS,PASS
20,1,2,23,16,2,21,4,1363,1363,4,PASS,PASS,PASS
20,1,2,24,16,1,23,3,1417,1417,4,PASS,PASS,PASS
20,1,2,24,16,2,22,4,1422,1422,4,PASS,PASS,PASS
20,1,3,4,16,1,3,4,317,317,3,PASS,PASS,PASS
20,1,3,4,16,2,2,5,323,323,2,PASS,PASS,PASS
20,1,3,4,16,3,1,6,331,331,1,PASS,PASS,PASS
20,1,3,5,16,1,4,4,396,396,4,PASS,PASS,PASS
20,1,3,5,16,2,3,5,402,402,3,PASS,PASS,PASS
20,1,3,5,16,3,2,6,410,410,2,PASS,PASS,PASS
20,1,3,6,16,1,5,4,475,475,4,PASS,PASS,PASS
20,1,3,6,16,2,4,5,481,481,4,PASS,PASS,PASS
20,1,3,6,16,3,3,6,489,489,3,PASS,PASS,PASS
20,1,3,7,16,1,6,4,554,554,4,PASS,PASS,PASS
20,1,3,7,16,2,5,5,560,560,4,PASS,PASS,PASS
20,1,3,7,16,3,4,6,568,568,4,PASS,PASS,PASS
20,1,3,8,32,1,7,4,633,633,4,PASS,PASS,PASS
20,1,3,8,32,2,6,5,639,639,4,PASS,PASS,PASS
20,1,3,8,32,3,5,6,647,647,4,PASS,PASS,PASS
20,1,3,9,32,1,8,4,712,712,4,PASS,PASS,PASS
20,1,3,9,32,2,7,5,718,718,4,PASS,PASS,PASS
20,1,3,9,32,3,6,6,726,726,4,PASS,PASS,PASS
20,1,3,10,32,1,9,4,791,791,4,PASS,PASS,PASS
20,1,3,10,32,2,8,5,797,797,4,PASS,PASS,PASS
20,1,3,10,32,3,7,6,805,805,4,PASS,PASS,PASS
20,1,3,11,32,1,10,4,870,870,4,PASS,PASS,PASS
20,1,3,11,32,2,9,5,876,876,4,PASS,PASS,PASS
20,1,3,11,32,3,8,6,884,884,4,PASS,PASS,PASS
20,1,3,12,32,1,11,4,949,949,4,PASS,PASS,PASS
20,1,3,12,32,2,10,5,955,955,4,PASS,PASS,PASS
20,1,3,12,32,3,9,6,963,963,4,PASS,PASS,PASS
20,1,3,13,32,1,12,4,1028,1028,4,PASS,PASS,PASS
20,1,3,13,32,2,11,5,1034,1034,4,PASS,PASS,PASS
20,1,3,13,32,3,10,6,1042,1042,4,PASS,PASS,PASS
20,1,3,14,32,1,13,4,1107,1107,4,PASS,PASS,PASS
20,1,3,14,32,2,12,5,1113,1113,4,PASS,PASS,PASS
20,1,3,14,32,3,11,6,1121,1121,4,PASS,PASS,PASS
20,1,3,15,32,1,14,4,1186,1186,4,PASS,PASS,PASS
20,1,3,15,32,2,13,5,1192,1192,4,PASS,PASS,PASS
20,1,3,15,32,3,12,6,1200,1200,4,PASS,PASS,PASS
20,1,3,16,32,1,15,4,1265,1265,4,PASS,PASS,PASS
20,1,3,16,32,2,14,5,1271,1271,4,PASS,PASS,PASS
20,1,3,16,32,3,13,6,1279,1279,4,PASS,PASS,PASS
20,1,3,17,32,1,16,4,1344,1344,4,PASS,PASS,PASS
20,1,3,17,32,2,15,5,1350,1350,4,PASS,PASS,PASS
20,1,3,17,32,3,14,6,1358,1358,4,PASS,PASS,PASS
20,1,3,18,32,1,17,4,1423,1423,4,PASS,PASS,PASS
20,1,3,18,32,2,16,5,1429,1429,4,PASS,PASS,PASS
20,1,3,18,32,3,15,6,1437,1437,4,PASS,PASS,PASS
20,1,3,19,32,1,18,4,1502,1502,4,PASS,PASS,PASS
20,1,3,19,32,2,17,5,1508,1508,4,PASS,PASS,PASS
20,1,3,19,32,3,16,6,1516,1516,4,PASS,PASS,PASS
20,1,3,20,32,1,19,4,1581,1581,4,PASS,PASS,PASS
20,1,3,20,32,2,18,5,1587,1587,4,PASS,PASS,PASS
20,1,3,20,32,3,17,6,1595,1595,4,PASS,PASS,PASS
20,1,3,21,32,1,20,4,1660,1660,4,PASS,PASS,PASS
20,1,3,21,32,2,19,5,1666,1666,4,PASS,PASS,PASS
20,1,3,21,32,3,18,6,1674,1674,4,PASS,PASS,PASS
20,1,3,22,32,1,21,4,1739,1739,4,PASS,PASS,PASS
20,1,3,22,32,2,20,5,1745,1745,4,PASS,PASS,PASS
20,1,3,22,32,3,19,6,1753,1753,4,PASS,PASS,PASS
20,1,3,23,32,1,22,4,1818,1818,4,PASS,PASS,PASS
20,1,3,23,32,2,21,5,1824,1824,4,PASS,PASS,PASS
20,1,3,23,32,3,20,6,1832,1832,4,PASS,PASS,PASS
20,1,3,24,32,1,23,4,1897,1897,4,PASS,PASS,PASS
20,1,3,24,32,2,22,5,1903,1903,4,PASS,PASS,PASS
20,1,3,24,32,3,21,6,1911,1911,4,PASS,PASS,PASS
20,2,1,4,8,1,3,3,228,228,3,PASS,PASS,PASS
20,2,1,5,8,1,4,3,284,284,4,PASS,PASS,PASS
20,2,1,6,8,1,5,3,340,340,4,PASS,PASS,PASS
20,2,1,7,8,1,6,3,396,396,4,PASS,PASS,PASS
20,2,1,8,8,1,7,3,452,452,4,PASS,PASS,PASS
20,2,1,9,8,1,8,3,508,508,4,PASS,PASS,PASS
20,2,1,10,8,1,9,3,564,564,4,PASS,PASS,PASS
20,2,1,11,8,1,10,3,620,620,4,PASS,PASS,PASS
20,2,1,12,8,1,11,3,676,676,4,PASS,PASS,PASS
20,2,1,13,8,1,12,3,732,732,4,PASS,PASS,PASS
20,2,1,14,8,1,13,3,788,788,4,PASS,PASS,PASS
20,2,1,15,8,1,14,3,844,844,4,PASS,PASS,PASS
20,2,1,16,8,1,15,3,900,900,4,PASS,PASS,PASS
20,2,1,17,8,1,16,3,956,956,4,PASS,PASS,PASS
20,2,1,18,8,1,17,3,1012,1012,4,PASS,PASS,PASS
20,2,1,19,8,1,18,3,1068,1068,4,PASS,PASS,PASS
20,2,1,20,8,1,19,3,1124,1124,4,PASS,PASS,PASS
20,2,1,21,8,1,20,3,1180,1180,4,PASS,PASS,PASS
20,2,1,22,8,1,21,3,1236,1236,4,PASS,PASS,PASS
20,2,1,23,8,1,22,3,1292,1292,4,PASS,PASS,PASS
20,2,1,24,8,1,23,3,1348,1348,4,PASS,PASS,PASS
20,2,2,4,8,1,3,4,308,308,3,PASS,PASS,PASS
20,2,2,4,8,2,2,6,324,324,2,PASS,PASS,PASS
20,2,2,5,16,1,4,4,384,384,4,PASS,PASS,PASS
20,2,2,5,16,2,3,6,400,400,3,PASS,PASS,PASS
20,2,2,6,16,1,5,4,460,460,4,PASS,PASS,PASS
20,2,2,6,16,2,4,6,476,476,4,PASS,PASS,PASS
20,2,2,7,16,1,6,4,536,536,4,PASS,PASS,PASS
20,2,2,7,16,2,5,6,552,552,4,PASS,PASS,PASS
20,2,2,8,16,1,7,4,612,612,4,PASS,PASS,PASS
20,2,2,8,16,2,6,6,628,628,4,PASS,PASS,PASS
20,2,2,9,16,1,8,4,688,688,4,PASS,PASS,PASS
20,2,2,9,16,2,7,6,704,704,4,PASS,PASS,PASS
20,2,2,10,16,1,9,4,764,764,4,PASS,PASS,PASS
20,2,2,10,16,2,8,6,780,780,4,PASS,PASS,PASS
20,2,2,11,16,1,10,4,840,840,4,PASS,PASS,PASS
20,2,2,11,16,2,9,6,856,856,4,PASS,PASS,PASS
20,2,2,12,16,1,11,4,916,916,4,PASS,PASS,PASS
20,2,2,12,16,2,10,6,932,932,4,PASS,PASS,PASS
20,2,2,13,16,1,12,4,992,992,4,PASS,PASS,PASS
20,2,2,13,16,2,11,6,1008,1008,4,PASS,PASS,PASS
20,2,2,14,16,1,13,4,1068,1068,4,PASS,PASS,PASS
20,2,2,14,16,2,12,6,1084,1084,4,PASS,PASS,PASS
20,2,2,15,16,1,14,4,1144,1144,4,PASS,PASS,PASS
20,2,2,15,16,2,13,6,1160,1160,4,PASS,PASS,PASS
20,2,2,16,16,1,15,4,1220,1220,4,PASS,PASS,PASS
20,2,2,16,16,2,14,6,1236,1236,4,PASS,PASS,PASS
20,2,2,17,16,1,16,4,1296,1296,4,PASS,PASS,PASS
20,2,2,17,16,2,15,6,1312,1312,4,PASS,PASS,PASS
20,2,2,18,16,1,17,4,1372,1372,4,PASS,PASS,PASS
20,2,2,18,16,2,16,6,1388,1388,4,PASS,PASS,PASS
20,2,2,19,32,1,18,4,1448,1448,4,PASS,PASS,PASS
20,2,2,19,32,2,17,6,1464,1464,4,PASS,PASS,PASS
20,2,2,20,16,1,19,4,1524,1524,4,PASS,PASS,PASS
20,2,2,20,16,2,18,6,1540,1540,4,PASS,PASS,PASS
20,2,2,21,16,1,20,4,1600,1600,4,PASS,PASS,PASS
20,2,2,21,16,2,19,6,1616,1616,4,PASS,PASS,PASS
20,2,2,22,32,1,21,4,1676,1676,4,PASS,PASS,PASS
20,2,2,22,32,2,20,6,1692,1692,4,PASS,PASS,PASS
20,2,2,23,32,1,22,4,1752,1752,4,PASS,PASS,PASS
20,2,2,23,32,2,21,6,1768,1768,4,PASS,PASS,PASS
20,2,2,24,32,1,23,4,1828,1828,4,PASS,PASS,PASS
20,2,2,24,32,2,22,6,1844,1844,4,PASS,PASS,PASS
20,2,3,4,32,1,3,5,388,388,3,PASS,PASS,PASS
20,2,3,4,32,2,2,7,406,406,2,PASS,PASS,PASS
20,2,3,4,32,3,1,9,432,432,1,PASS,PASS,PASS
20,2,3,5,32,1,4,5,484,484,4,PASS,PASS,PASS
20,2,3,5,32,2,3,7,502,502,3,PASS,PASS,PASS
20,2,3,5,32,3,2,9,528,528,2,PASS,PASS,PASS
20,2,3,6,32,1,5,5,580,580,4,PASS,PASS,PASS
20,2,3,6,32,2,4,7,598,598,4,PASS,PASS,PASS
20,2,3,6,32,3,3,9,624,624,3,PASS,PASS,PASS
20,2,3,7,32,1,6,5,676,676,4,PASS,PASS,PASS
20,2,3,7,32,2,5,7,694,694,4,PASS,PASS,PASS
20,2,3,7,32,3,4,9,720,720,4,PASS,PASS,PASS
20,2,3,8,32,1,7,5,772,772,4,PASS,PASS,PASS
20,2,3,8,32,2,6,7,790,790,4,PASS,PASS,PASS
20,2,3,8,32,3,5,9,816,816,4,PASS,PASS,PASS
20,2,3,9,32,1,8,5,868,868,4,PASS,PASS,PASS
20,2,3,9,32,2,7,7,886,886,4,PASS,PASS,PASS
20,2,3,9,32,3,6,9,912,912,4,PASS,PASS,PASS
20,2,3,10,32,1,9,5,964,964,4,PASS,PASS,PASS
20,2,3,10,32,2,8,7,982,982,4,PASS,PASS,PASS
20,2,3,10,32,3,7,9,1008,1008,4,PASS,PASS,PASS
20,2,3,11,32,1,10,5,1060,1060,4,PASS,PASS,PASS
20,2,3,11,32,2,9,7,1078,1078,4,PASS,PASS,PASS
20,2,3,11,32,3,8,9,1104,1104,4,PASS,PASS,PASS
20,2,3,12,32,1,11,5,1156,1156,4,PASS,PASS,PASS
20,2,3,12,32,2,10,7,1174,1174,4,PASS,PASS,PASS
20,2,3,12,32,3,9,9,1200,1200,4,PASS,PASS,PASS
20,2,3,13,32,1,12,5,1252,1252,4,PASS,PASS,PASS
20,2,3,13,32,2,11,7,1270,1270,4,PASS,PASS,PASS
20,2,3,13,32,3,10,9,1296,1296,4,PASS,PASS,PASS
20,2,3,14,32,1,13,5,1348,1348,4,PASS,PASS,PASS
20,2,3,14,32,2,12,7,1366,1366,4,PASS,PASS,PASS
20,2,3,14,32,3,11,9,1392,1392,4,PASS,PASS,PASS
20,2,3,15,32,1,14,5,1444,1444,4,PASS,PASS,PASS
20,2,3,15,32,2,13,7,1462,1462,4,PASS,PASS,PASS
20,2,3,15,32,3,12,9,1488,1488,4,PASS,PASS,PASS
20,2,3,16,32,1,15,5,1540,1540,4,PASS,PASS,PASS
20,2,3,16,32,2,14,7,1558,1558,4,PASS,PASS,PASS
20,2,3,16,32,3,13,9,1584,1584,4,PASS,PASS,PASS
20,2,3,17,32,1,16,5,1636,1636,4,PASS,PASS,PASS
20,2,3,17,32,2,15,7,1654,1654,4,PASS,PASS,PASS
20,2,3,17,32,3,14,9,1680,1680,4,PASS,PASS,PASS
20,2,3,18,32,1,17,5,1732,1732,4,PASS,PASS,PASS
20,2,3,18,32,2,16,7,1750,1750,4,PASS,PASS,PASS
20,2,3,18,32,3,15,9,1776,1776,4,PASS,PASS,PASS
20,2,3,19,32,1,18,5,1828,1828,4,PASS,PASS,PASS
20,2,3,19,32,2,17,7,1846,1846,4,PASS,PASS,PASS
20,2,3,19,32,3,16,9,1872,1872,4,PASS,PASS,PASS
20,2,3,20,32,1,19,5,1924,1924,4,PASS,PASS,PASS
20,2,3,20,32,2,18,7,1942,1942,4,PASS,PASS,PASS
20,2,3,20,32,3,17,9,1968,1968,4,PASS,PASS,PASS
20,2,3,21,32,1,20,5,2020,2020,4,PASS,PASS,PASS
20,2,3,21,32,2,19,7,2038,2038,4,PASS,PASS,PASS
20,2,3,21,32,3,18,9,2064,2064,4,PASS,PASS,PASS
20,2,3,22,32,1,21,5,2116,2116,4,PASS,PASS,PASS
20,2,3,22,32,2,20,7,2134,2134,4,PASS,PASS,PASS
20,2,3,22,32,3,19,9,2160,2160,4,PASS,PASS,PASS
20,2,3,23,32,1,22,5,2212,2212,4,PASS,PASS,PASS
20,2,3,23,32,2,21,7,2230,2230,4,PASS,PASS,PASS
20,2,3,23,32,3,20,9,2256,2256,4,PASS,PASS,PASS
20,2,3,24,32,1,23,5,2308,2308,4,PASS,PASS,PASS
20,2,3,24,32,2,22,7,2326,2326,4,PASS,PASS,PASS
20,2,3,24,32,3,21,9,2352,2352,4,PASS,PASS,PASS
20,3,1,4,8,1,3,4,293,293,3,PASS,PASS,PASS
20,3,1,5,8,1,4,4,364,364,4,PASS,PASS,PASS
20,3,1,6,8,1,5,4,435,435,4,PASS,PASS,PASS
20,3,1,7,8,1,6,4,506,506,4,PASS,PASS,PASS
20,3,1,8,8,1,7,4,577,577,4,PASS,PASS,PASS
20,3,1,9,8,1,8,4,648,648,4,PASS,PASS,PASS
20,3,1,10,8,1,9,4,719,719,4,PASS,PASS,PASS
20,3,1,11,8,1,10,4,790,790,4,PASS,PASS,PASS
20,3,1,12,8,1,11,4,861,861,4,PASS,PASS,PASS
20,3,1,13,8,1,12,4,932,932,4,PASS,PASS,PASS
20,3,1,14,8,1,13,4,1003,1003,4,PASS,PASS,PASS
20,3,1,15,8,1,14,4,1074,1074,4,PASS,PASS,PASS
20,3,1,16,8,1,15,4,1145,1145,4,PASS,PASS,PASS
20,3,1,17,8,1,16,4,1216,1216,4,PASS,PASS,PASS
20,3,1,18,8,1,17,4,1287,1287,4,PASS,PASS,PASS
20,3,1,19,8,1,18,4,1358,1358,4,PASS,PASS,PASS
20,3,1,20,8,1,19,4,1429,1429,4,PASS,PASS,PASS
20,3,1,21,8,1,20,4,1500,1500,4,PASS,PASS,PASS
20,3,1,22,8,1,21,4,1571,1571,4,PASS,PASS,PASS
20,3,1,23,8,1,22,4,1642,1642,4,PASS,PASS,PASS
20,3,1,24,8,1,23,4,1713,1713,4,PASS,PASS,PASS
20,3,2,4,16,1,3,5,373,373,3,PASS,PASS,PASS
20,3,2,4,16,2,2,8,406,406,2,PASS,PASS,PASS
20,3,2,5,16,1,4,5,464,464,4,PASS,PASS,PASS
20,3,2,5,16,2,3,8,497,497,3,PASS,PASS,PASS
20,3,2,6,16,1,5,5,555,555,4,PASS,PASS,PASS
20,3,2,6,16,2,4,8,588,588,4,PASS,PASS,PASS
20,3,2,7,32,1,6,5,646,646,4,PASS,PASS,PASS
20,3,2,7,32,2,5,8,679,679,4,PASS,PASS,PASS
20,3,2,8,32,1,7,5,737,737,4,PASS,PASS,PASS
20,3,2,8,32,2,6,8,770,770,4,PASS,PASS,PASS
20,3,2,9,32,1,8,5,828,828,4,PASS,PASS,PASS
20,3,2,9,32,2,7,8,861,861,4,PASS,PASS,PASS
20,3,2,10,32,1,9,5,919,919,4,PASS,PASS,PASS
20,3,2,10,32,2,8,8,952,952,4,PASS,PASS,PASS
20,3,2,11,32,1,10,5,1010,1010,4,PASS,PASS,PASS
20,3,2,11,32,2,9,8,1043,1043,4,PASS,PASS,PASS
20,3,2,12,32,1,11,5,1101,1101,4,PASS,PASS,PASS
20,3,2,12,32,2,10,8,1134,1134,4,PASS,PASS,PASS
20,3,2,13,32,1,12,5,1192,1192,4,PASS,PASS,PASS
20,3,2,13,32,2,11,8,1225,1225,4,PASS,PASS,PASS
20,3,2,14,32,1,13,5,1283,1283,4,PASS,PASS,PASS
20,3,2,14,32,2,12,8,1316,1316,4,PASS,PASS,PASS
20,3,2,15,32,1,14,5,1374,1374,4,PASS,PASS,PASS
20,3,2,15,32,2,13,8,1407,1407,4,PASS,PASS,PASS
20,3,2,16,32,1,15,5,1465,1465,4,PASS,PASS,PASS
20,3,2,16,32,2,14,8,1498,1498,4,PASS,PASS,PASS
20,3,2,17,32,1,16,5,1556,1556,4,PASS,PASS,PASS
20,3,2,17,32,2,15,8,1589,1589,4,PASS,PASS,PASS
20,3,2,18,32,1,17,5,1647,1647,4,PASS,PASS,PASS
20,3,2,18,32,2,16,8,1680,1680,4,PASS,PASS,PASS
20,3,2,19,32,1,18,5,1738,1738,4,PASS,PASS,PASS
20,3,2,19,32,2,17,8,1771,1771,4,PASS,PASS,PASS
20,3,2,20,32,1,19,5,1829,1829,4,PASS,PASS,PASS
20,3,2,20,32,2,18,8,1862,1862,4,PASS,PASS,PASS
20,3,2,21,32,1,20,5,1920,1920,4,PASS,PASS,PASS
20,3,2,21,32,2,19,8,1953,1953,4,PASS,PASS,PASS
20,3,2,22,32,1,21,5,2011,2011,4,PASS,PASS,PASS
20,3,2,22,32,2,20,8,2044,2044,4,PASS,PASS,PASS
20,3,2,23,32,1,22,5,2102,2102,4,PASS,PASS,PASS
20,3,2,23,32,2,21,8,2135,2135,4,PASS,PASS,PASS
20,3,2,24,32,1,23,5,2193,2193,4,PASS,PASS,PASS
20,3,2,24,32,2,22,8,2226,2226,4,PASS,PASS,PASS
20,3,3,4,32,1,3,6,453,453,3,PASS,PASS,PASS
20,3,3,4,32,2,2,9,489,489,2,PASS,PASS,PASS
20,3,3,4,32,3,1,12,543,543,1,PASS,PASS,PASS
20,3,3,5,32,1,4,6,564,564,4,PASS,PASS,PASS
20,3,3,5,32,2,3,9,600,600,3,PASS,PASS,PASS
20,3,3,5,32,3,2,12,654,654,2,PASS,PASS,PASS
20,3,3,6,32,1,5,6,675,675,4,PASS,PASS,PASS
20,3,3,6,32,2,4,9,711,711,4,PASS,PASS,PASS
20,3,3,6,32,3,3,12,765,765,3,PASS,PASS,PASS
20,3,3,7,32,1,6,6,786,786,4,PASS,PASS,PASS
20,3,3,7,32,2,5,9,822,822,4,PASS,PASS,PASS
20,3,3,7,32,3,4,12,876,876,4,PASS,PASS,PASS
20,3,3,8,32,1,7,6,897,897,4,PASS,PASS,PASS
20,3,3,8,32,2,6,9,933,933,4,PASS,PASS,PASS
20,3,3,8,32,3,5,12,987,987,4,PASS,PASS,PASS
20,3,3,9,32,1,8,6,1008,1008,4,PASS,PASS,PASS
20,3,3,9,32,2,7,9,1044,1044,4,PASS,PASS,PASS
20,3,3,9,32,3,6,12,1098,1098,4,PASS,PASS,PASS
20,3,3,10,32,1,9,6,1119,1119,4,PASS,PASS,PASS
20,3,3,10,32,2,8,9,1155,1155,4,PASS,PASS,PASS
20,3,3,10,32,3,7,12,1209,1209,4,PASS,PASS,PASS
20,3,3,11,32,1,10,6,1230,1230,4,PASS,PASS,PASS
20,3,3,11,32,2,9,9,1266,1266,4,PASS,PASS,PASS
20,3,3,11,32,3,8,12,1320,1320,4,PASS,PASS,PASS
20,3,3,12,32,1,11,6,1341,1341,4,PASS,PASS,PASS
20,3,3,12,32,2,10,9,1377,1377,4,PASS,PASS,PASS
20,3,3,12,32,3,9,12,1431,1431,4,PASS,PASS,PASS
20,3,3,13,32,1,12,6,1452,1452,4,PASS,PASS,PASS
20,3,3,13,32,2,11,9,1488,1488,4,PASS,PASS,PASS
20,3,3,13,32,3,10,12,1542,1542,4,PASS,PASS,PASS
20,3,3,14,32,1,13,6,1563,1563,4,PASS,PASS,PASS
20,3,3,14,32,2,12,9,1599,1599,4,PASS,PASS,PASS
20,3,3,14,32,3,11,12,1653,1653,4,PASS,PASS,PASS
20,3,3,15,32,1,14,6,1674,1674,4,PASS,PASS,PASS
20,3,3,15,32,2,13,9,1710,1710,4,PASS,PASS,PASS
20,3,3,15,32,3,12,12,1764,1764,4,PASS,PASS,PASS
20,3,3,16,32,1,15,6,1785,1785,4,PASS,PASS,PASS
20,3,3,16,32,2,14,9,1821,1821,4,PASS,PASS,PASS
20,3,3,16,32,3,13,12,1875,1875,4,PASS,PASS,PASS
20,3,3,17,32,1,16,6,1896,1896,4,PASS,PASS,PASS
20,3,3,17,32,2,15,9,1932,1932,4,PASS,PASS,PASS
20,3,3,17,32,3,14,12,1986,1986,4,PASS,PASS,PASS
20,3,3,18,32,1,17,6,2007,2007,4,PASS,PASS,PASS
20,3,3,18,32,2,16,9,2043,2043,4,PASS,PASS,PASS
20,3,3,18,32,3,15,12,2097,2097,4,PASS,PASS,PASS
20,3,3,19,32,1,18,6,2118,2118,4,PASS,PASS,PASS
20,3,3,19,32,2,17,9,2154,2154,4,PASS,PASS,PASS
20,3,3,19,32,3,16,12,2208,2208,4,PASS,PASS,PASS
20,3,3,20,32,1,19,6,2229,2229,4,PASS,PASS,PASS
20,3,3,20,32,2,18,9,2265,2265,4,PASS,PASS,PASS
20,3,3,20,32,3,17,12,2319,2319,4,PASS,PASS,PASS
20,3,3,21,32,1,20,6,2340,2340,4,PASS,PASS,PASS
20,3,3,21,32,2,19,9,2376,2376,4,PASS,PASS,PASS
20,3,3,21,32,3,18,12,2430,2430,4,PASS,PASS,PASS
20,3,3,22,32,1,21,6,2451,2451,4,PASS,PASS,PASS
20,3,3,22,32,2,20,9,2487,2487,4,PASS,PASS,PASS
20,3,3,22,32,3,19,12,2541,2541,4,PASS,PASS,PASS
20,3,3,23,32,1,22,6,2562,2562,4,PASS,PASS,PASS
20,3,3,23,32,2,21,9,2598,2598,4,PASS,PASS,PASS
20,3,3,23,32,3,20,12,2652,2652,4,PASS,PASS,PASS
20,3,3,24,32,1,23,6,2673,2673,4,PASS,PASS,PASS
20,3,3,24,32,2,22,9,2709,2709,4,PASS,PASS,PASS
20,3,3,24,32,3,21,12,2763,2763,4,PASS,PASS,PASS
21,1,1,4,8,1,3,2,165,165,3,PASS,PASS,PASS
21,1,1,5,8,1,4,2,206,206,4,PASS,PASS,PASS
21,1,1,6,8,1,5,2,247,247,4,PASS,PASS,PASS
21,1,1,7,8,1,6,2,288,288,4,PASS,PASS,PASS
21,1,1,8,8,1,7,2,329,329,4,PASS,PASS,PASS
21,1,1,9,8,1,8,2,370,370,4,PASS,PASS,PASS
21,1,1,10,8,1,9,2,411,411,4,PASS,PASS,PASS
21,1,1,11,8,1,10,2,452,452,4,PASS,PASS,PASS
21,1,1,12,8,1,11,2,493,493,4,PASS,PASS,PASS
21,1,1,13,8,1,12,2,534,534,4,PASS,PASS,PASS
21,1,1,14,8,1,13,2,575,575,4,PASS,PASS,PASS
21,1,1,15,8,1,14,2,616,616,4,PASS,PASS,PASS
21,1,1,16,8,1,15,2,657,657,4,PASS,PASS,PASS
21,1,1,17,8,1,16,2,698,698,4,PASS,PASS,PASS
21,1,1,18,8,1,17,2,739,739,4,PASS,PASS,PASS
21,1,1,19,8,1,18,2,780,780,4,PASS,PASS,PASS
21,1,1,20,8,1,19,2,821,821,4,PASS,PASS,PASS
21,1,1,21,8,1,20,2,862,862,4,PASS,PASS,PASS
21,1,1,22,8,1,21,2,903,903,4,PASS,PASS,PASS
21,1,1,23,8,1,22,2,944,944,4,PASS,PASS,PASS
21,1,1,24,8,1,23,2,985,985,4,PASS,PASS,PASS
21,1,2,4,8,1,3,3,249,249,3,PASS,PASS,PASS
21,1,2,4,8,2,2,4,254,254,2,PASS,PASS,PASS
21,1,2,5,8,1,4,3,311,311,4,PASS,PASS,PASS
21,1,2,5,8,2,3,4,316,316,3,PASS,PASS,PASS
21,1,2,6,8,1,5,3,373,373,4,PASS,PASS,PASS
21,1,2,6,8,2,4,4,378,378,4,PASS,PASS,PASS
21,1,2,7,16,1,6,3,435,435,4,PASS,PASS,PASS
21,1,2,7,16,2,5,4,440,440,4,PASS,PASS,PASS
21,1,2,8,16,1,7,3,497,497,4,PASS,PASS,PASS
21,1,2,8,16,2,6,4,502,502,4,PASS,PASS,PASS
21,1,2,9,16,1,8,3,559,559,4,PASS,PASS,PASS
21,1,2,9,16,2,7,4,564,564,4,PASS,PASS,PASS
21,1,2,10,16,1,9,3,621,621,4,PASS,PASS,PASS
21,1,2,10,16,2,8,4,626,626,4,PASS,PASS,PASS
21,1,2,11,16,1,10,3,683,683,4,PASS,PASS,PASS
21,1,2,11,16,2,9,4,688,688,4,PASS,PASS,PASS
21,1,2,12,16,1,11,3,745,745,4,PASS,PASS,PASS
21,1,2,12,16,2,10,4,750,750,4,PASS,PASS,PASS
21,1,2,13,16,1,12,3,807,807,4,PASS,PASS,PASS
21,1,2,13,16,2,11,4,812,812,4,PASS,PASS,PASS
21,1,2,14,16,1,13,3,869,869,4,PASS,PASS,PASS
21,1,2,14,16,2,12,4,874,874,4,PASS,PASS,PASS
21,1,2,15,16,1,14,3,931,931,4,PASS,PASS,PASS
21,1,2,15,16,2,13,4,936,936,4,PASS,PASS,PASS
21,1,2,16,16,1,15,3,993,993,4,PASS,PASS,PASS
21,1,2,16,16,2,14,4,998,998,4,PASS,PASS,PASS
21,1,2,17,16,1,16,3,1055,1055,4,PASS,PASS,PASS
21,1,2,17,16,2,15,4,1060,1060,4,PASS,PASS,PASS
21,1,2,18,16,1,17,3,1117,1117,4,PASS,PASS,PASS
21,1,2,18,16,2,16,4,1122,1122,4,PASS,PASS,PASS
21,1,2,19,16,1,18,3,1179,1179,4,PASS,PASS,PASS
21,1,2,19,16,2,17,4,1184,1184,4,PASS,PASS,PASS
21,1,2,20,16,1,19,3,1241,1241,4,PASS,PASS,PASS
21,1,2,20,16,2,18,4,1246,1246,4,PASS,PASS,PASS
21,1,2,21,16,1,20,3,1303,1303,4,PASS,PASS,PASS
21,1,2,21,16,2,19,4,1308,1308,4,PASS,PASS,PASS
21,1,2,22,16,1,21,3,1365,1365,4,PASS,PASS,PASS
21,1,2,22,16,2,20,4,1370,1370,4,PASS,PASS,PASS
21,1,2,23,16,1,22,3,1427,1427,4,PASS,PASS,PASS
21,1,2,23,16,2,21,4,1432,1432,4,PASS,PASS,PASS
21,1,2,24,16,1,23,3,1489,1489,4,PASS,PASS,PASS
21,1,2,24,16,2,22,4,1494,1494,4,PASS,PASS,PASS
21,1,3,4,16,1,3,4,333,333,3,PASS,PASS,PASS
21,1,3,4,16,2,2,5,339,339,2,PASS,PASS,PASS
21,1,3,4,16,3,1,6,347,347,1,PASS,PASS,PASS
21,1,3,5,16,1,4,4,416,416,4,PASS,PASS,PASS
21,1,3,5,16,2,3,5,422,422,3,PASS,PASS,PASS
21,1,3,5,16,3,2,6,430,430,2,PASS,PASS,PASS
21,1,3,6,16,1,5,4,499,499,4,PASS,PASS,PASS
21,1,3,6,16,2,4,5,505,505,4,PASS,PASS,PASS
21,1,3,6,16,3,3,6,513,513,3,PASS,PASS,PASS
21,1,3,7,32,1,6,4,582,582,4,PASS,PASS,PASS
21,1,3,7,32,2,5,5,588,588,4,PASS,PASS,PASS
21,1,3,7,32,3,4,6,596,596,4,PASS,PASS,PASS
21,1,3,8,32,1,7,4,665,665,4,PASS,PASS,PASS
21,1,3,8,32,2,6,5,671,671,4,PASS,PASS,PASS
21,1,3,8,32,3,5,6,679,679,4,PASS,PASS,PASS
21,1,3,9,32,1,8,4,748,748,4,PASS,PASS,PASS
21,1,3,9,32,2,7,5,754,754,4,PASS,PASS,PASS
21,1,3,9,32,3,6,6,762,762,4,PASS,PASS,PASS
21,1,3,10,32,1,9,4,831,831,4,PASS,PASS,PASS
21,1,3,10,32,2,8,5,837,837,4,PASS,PASS,PASS
21,1,3,10,32,3,7,6,845,845,4,PASS,PASS,PASS
21,1,3,11,32,1,10,4,914,914,4,PASS,PASS,PASS
21,1,3,11,32,2,9,5,920,920,4,PASS,PASS,PASS
21,1,3,11,32,3,8,6,928,928,4,PASS,PASS,PASS
21,1,3,12,32,1,11,4,997,997,4,PASS,PASS,PASS
21,1,3,12,32,2,10,5,1003,1003,4,PASS,PASS,PASS
21,1,3,12,32,3,9,6,1011,1011,4,PASS,PASS,PASS
21,1,3,13,32,1,12,4,1080,1080,4,PASS,PASS,PASS
21,1,3,13,32,2,11,5,1086,1086,4,PASS,PASS,PASS
21,1,3,13,32,3,10,6,1094,1094,4,PASS,PASS,PASS
21,1,3,14,32,1,13,4,1163,1163,4,PASS,PASS,PASS
21,1,3,14,32,2,12,5,1169,1169,4,PASS,PASS,PASS
21,1,3,14,32,3,11,6,1177,1177,4,PASS,PASS,PASS
21,1,3,15,32,1,14,4,1246,1246,4,PASS,PASS,PASS
21,1,3,15,32,2,13,5,1252,1252,4,PASS,PASS,PASS
21,1,3,15,32,3,12,6,1260,1260,4,PASS,PASS,PASS
21,1,3,16,32,1,15,4,1329,1329,4,PASS,PASS,PASS
21,1,3,16,32,2,14,5,1335,1335,4,PASS,PASS,PASS
21,1,3,16,32,3,13,6,1343,1343,4,PASS,PASS,PASS
21,1,3,17,32,1,16,4,1412,1412,4,PASS,PASS,PASS
21,1,3,17,32,2,15,5,1418,1418,4,PASS,PASS,PASS
21,1,3,17,32,3,14,6,1426,1426,4,PASS,PASS,PASS
21,1,3,18,32,1,17,4,1495,1495,4,PASS,PASS,PASS
21,1,3,18,32,2,16,5,1501,1501,4,PASS,PASS,PASS
21,1,3,18,32,3,15,6,1509,1509,4,PASS,PASS,PASS
21,1,3,19,32,1,18,4,1578,1578,4,PASS,PASS,PASS
21,1,3,19,32,2,17,5,1584,1584,4,PASS,PASS,PASS
21,1,3,19,32,3,16,6,1592,1592,4,PASS,PASS,PASS
21,1,3,20,32,1,19,4,1661,1661,4,PASS,PASS,PASS
21,1,3,20,32,2,18,5,1667,1667,4,PASS,PASS,PASS
21,1,3,20,32,3,17,6,1675,1675,4,PASS,PASS,PASS
21,1,3,21,32,1,20,4,1744,1744,4,PASS,PASS,PASS
21,1,3,21,32,2,19,5,1750,1750,4,PASS,PASS,PASS
21,1,3,21,32,3,18,6,1758,1758,4,PASS,PASS,PASS
21,1,3,22,32,1,21,4,1827,1827,4,PASS,PASS,PASS
21,1,3,22,32,2,20,5,1833,1833,4,PASS,PASS,PASS
21,1,3,22,32,3,19,6,1841,1841,4,PASS,PASS,PASS
21,1,3,23,32,1,22,4,1910,1910,4,PASS,PASS,PASS
21,1,3,23,32,2,21,5,1916,1916,4,PASS,PASS,PASS
21,1,3,23,32,3,20,6,1924,1924,4,PASS,PASS,PASS
21,1,3,24,32,1,23,4,1993,1993,4,PASS,PASS,PASS
21,1,3,24,32,2,22,5,1999,1999,4,PASS,PASS,PASS
21,1,3,24,32,3,21,6,2007,2007,4,PASS,PASS,PASS
21,2,1,4,8,1,3,3,240,240,3,PASS,PASS,PASS
21,2,1,5,8,1,4,3,299,299,4,PASS,PASS,PASS
21,2,1,6,8,1,5,3,358,358,4,PASS,PASS,PASS
21,2,1,7,8,1,6,3,417,417,4,PASS,PASS,PASS
21,2,1,8,8,1,7,3,476,476,4,PASS,PASS,PASS
21,2,1,9,8,1,8,3,535,535,4,PASS,PASS,PASS
21,2,1,10,8,1,9,3,594,594,4,PASS,PASS,PASS
21,2,1,11,8,1,10,3,653,653,4,PASS,PASS,PASS
21,2,1,12,8,1,11,3,712,712,4,PASS,PASS,PASS
21,2,1,13,8,1,12,3,771,771,4,PASS,PASS,PASS
21,2,1,14,8,1,13,3,830,830,4,PASS,PASS,PASS
21,2,1,15,8,1,14,3,889,889,4,PASS,PASS,PASS
21,2,1,16,8,1,15,3,948,948,4,PASS,PASS,PASS
21,2,1,17,8,1,16,3,1007,1007,4,PASS,PASS,PASS
21,2,1,18,8,1,17,3,1066,1066,4,PASS,PASS,PASS
21,2,1,19,8,1,18,3,1125,1125,4,PASS,PASS,PASS
21,2,1,20,8,1,19,3,1184,1184,4,PASS,PASS,PASS
21,2,1,21,8,1,20,3,1243,1243,4,PASS,PASS,PASS
21,2,1,22,8,1,21,3,1302,1302,4,PASS,PASS,PASS
21,2,1,23,8,1,22,3,1361,1361,4,PASS,PASS,PASS
21,2,1,24,8,1,23,3,1420,1420,4,PASS,PASS,PASS
21,2,2,4,8,1,3,4,324,324,3,PASS,PASS,PASS
21,2,2,4,8,2,2,6,340,340,2,PASS,PASS,PASS
21,2,2,5,16,1,4,4,404,404,4,PASS,PASS,PASS
21,2,2,5,16,2,3,6,420,420,3,PASS,PASS,PASS
21,2,2,6,16,1,5,4,484,484,4,PASS,PASS,PASS
21,2,2,6,16,2,4,6,500,500,4,PASS,PASS,PASS
21,2,2,7,16,1,6,4,564,564,4,PASS,PASS,PASS
21,2,2,7,16,2,5,6,580,580,4,PASS,PASS,PASS
21,2,2,8,16,1,7,4,644,644,4,PASS,PASS,PASS
21,2,2,8,16,2,6,6,660,660,4,PASS,PASS,PASS
21,2,2,9,16,1,8,4,724,724,4,PASS,PASS,PASS
21,2,2,9,16,2,7,6,740,740,4,PASS,PASS,PASS
21,2,2,10,16,1,9,4,804,804,4,PASS,PASS,PASS
21,2,2,10,16,2,8,6,820,820,4,PASS,PASS,PASS
21,2,2,11,16,1,10,4,884,884,4,PASS,PASS,PASS
21,2,2,11,16,2,9,6,900,900,4,PASS,PASS,PASS
21,2,2,12,16,1,11,4,964,964,4,PASS,PASS,PASS
21,2,2,12,16,2,10,6,980,980,4,PASS,PASS,PASS
21,2,2,13,16,1,12,4,1044,1044,4,PASS,PASS,PASS
21,2,2,13,16,2,11,6,1060,1060,4,PASS,PASS,PASS
21,2,2,14,16,1,13,4,1124,1124,4,PASS,PASS,PASS
21,2,2,14,16,2,12,6,1140,1140,4,PASS,PASS,PASS
21,2,2,15,16,1,14,4,1204,1204,4,PASS,PASS,PASS
21,2,2,15,16,2,13,6,1220,1220,4,PASS,PASS,PASS
21,2,2,16,16,1,15,4,1284,1284,4,PASS,PASS,PASS
21,2,2,16,16,2,14,6,1300,1300,4,PASS,PASS,PASS
21,2,2,17,32,1,16,4,1364,1364,4,PASS,PASS,PASS
21,2,2,17,32,2,15,6,1380,1380,4,PASS,PASS,PASS
21,2,2,18,32,1,17,4,1444,1444,4,PASS,PASS,PASS
21,2,2,18,32,2,16,6,1460,1460,4,PASS,PASS,PASS
21,2,2,19,32,1,18,4,1524,1524,4,PASS,PASS,PASS
21,2,2,19,32,2,17,6,1540,1540,4,PASS,PASS,PASS
21,2,2,20,32,1,19,4,1604,1604,4,PASS,PASS,PASS
21,2,2,20,32,2,18,6,1620,1620,4,PASS,PASS,PASS
21,2,2,21,32,1,20,4,1684,1684,4,PASS,PASS,PASS
21,2,2,21,32,2,19,6,1700,1700,4,PASS,PASS,PASS
21,2,2,22,32,1,21,4,1764,1764,4,PASS,PASS,PASS
21,2,2,22,32,2,20,6,1780,1780,4,PASS,PASS,PASS
21,2,2,23,32,1,22,4,1844,1844,4,PASS,PASS,PASS
21,2,2,23,32,2,21,6,1860,1860,4,PASS,PASS,PASS
21,2,2,24,32,1,23,4,1924,1924,4,PASS,PASS,PASS
21,2,2,24,32,2,22,6,1940,1940,4,PASS,PASS,PASS
21,2,3,4,32,1,3,5,408,408,3,PASS,PASS,PASS
21,2,3,4,32,2,2,7,426,426,2,PASS,PASS,PASS
21,2,3,4,32,3,1,9,452,452,1,PASS,PASS,PASS
21,2,3,5,32,1,4,5,509,509,4,PASS,PASS,PASS
21,2,3,5,32,2,3,7,527,527,3,PASS,PASS,PASS
21,2,3,5,32,3,2,9,553,553,2,PASS,PASS,PASS
21,2,3,6,32,1,5,5,610,610,4,PASS,PASS,PASS
21,2,3,6,32,2,4,7,628,628,4,PASS,PASS,PASS
21,2,3,6,32,3,3,9,654,654,3,PASS,PASS,PASS
21,2,3,7,32,1,6,5,711,711,4,PASS,PASS,PASS
21,2,3,7,32,2,5,7,729,729,4,PASS,PASS,PASS
21,2,3,7,32,3,4,9,755,755,4,PASS,PASS,PASS
21,2,3,8,32,1,7,5,812,812,4,PASS,PASS,PASS
21,2,3,8,32,2,6,7,830,830,4,PASS,PASS,PASS
21,2,3,8,32,3,5,9,856,856,4,PASS,PASS,PASS
21,2,3,9,32,1,8,5,913,913,4,PASS,PASS,PASS
21,2,3,9,32,2,7,7,931,931,4,PASS,PASS,PASS
21,2,3,9,32,3,6,9,957,957,4,PASS,PASS,PASS
21,2,3,10,32,1,9,5,1014,1014,4,PASS,PASS,PASS
21,2,3,10,32,2,8,7,1032,1032,4,PASS,PASS,PASS
21,2,3,10,32,3,7,9,1058,1058,4,PASS,PASS,PASS
21,2,3,11,32,1,10,5,1115,1115,4,PASS,PASS,PASS
21,2,3,11,32,2,9,7,1133,1133,4,PASS,PASS,PASS
21,2,3,11,32,3,8,9,1159,1159,4,PASS,PASS,PASS
21,2,3,12,32,1,11,5,1216,1216,4,PASS,PASS,PASS
21,2,3,12,32,2,10,7,1234,1234,4,PASS,PASS,PASS
21,2,3,12,32,3,9,9,1260,1260,4,PASS,PASS,PASS
21,2,3,13,32,1,12,5,1317,1317,4,PASS,PASS,PASS
21,2,3,13,32,2,11,7,1335,1335,4,PASS,PASS,PASS
21,2,3,13,32,3,10,9,1361,1361,4,PASS,PASS,PASS
21,2,3,14,32,1,13,5,1418,1418,4,PASS,PASS,PASS
21,2,3,14,32,2,12,7,1436,1436,4,PASS,PASS,PASS
21,2,3,14,32,3,11,9,1462,1462,4,PASS,PASS,PASS
21,2,3,15,32,1,14,5,1519,1519,4,PASS,PASS,PASS
21,2,3,15,32,2,13,7,1537,1537,4,PASS,PASS,PASS
21,2,3,15,32,3,12,9,1563,1563,4,PASS,PASS,PASS
21,2,3,16,32,1,15,5,1620,1620,4,PASS,PASS,PASS
21,2,3,16,32,2,14,7,1638,1638,4,PASS,PASS,PASS
21,2,3,16,32,3,13,9,1664,1664,4,PASS,PASS,PASS
21,2,3,17,32,1,16,5,1721,1721,4,PASS,PASS,PASS
21,2,3,17,32,2,15,7,1739,1739,4,PASS,PASS,PASS
21,2,3,17,32,3,14,9,1765,1765,4,PASS,PASS,PASS
21,2,3,18,32,1,17,5,1822,1822,4,PASS,PASS,PASS
21,2,3,18,32,2,16,7,1840,1840,4,PASS,PASS,PASS
21,2,3,18,32,3,15,9,1866,1866,4,PASS,PASS,PASS
21,2,3,19,32,1,18,5,1923,1923,4,PASS,PASS,PASS
21,2,3,19,32,2,17,7,1941,1941,4,PASS,PASS,PASS
21,2,3,19,32,3,16,9,1967,1967,4,PASS,PASS,PASS
21,2,3,20,32,1,19,5,2024,2024,4,PASS,PASS,PASS
21,2,3,20,32,2,18,7,2042,2042,4,PASS,PASS,PASS
21,2,3,20,32,3,17,9,2068,2068,4,PASS,PASS,PASS
21,2,3,21,32,1,20,5,2125,2125,4,PASS,PASS,PASS
21,2,3,21,32,2,19,7,2143,2143,4,PASS,PASS,PASS
21,2,3,21,32,3,18,9,2169,2169,4,PASS,PASS,PASS
21,2,3,22,32,1,21,5,2226,2226,4,PASS,PASS,PASS
21,2,3,22,32,2,20,7,2244,2244,4,PASS,PASS,PASS
21,2,3,22,32,3,19,9,2270,2270,4,PASS,PASS,PASS
21,2,3,23,32,1,22,5,2327,2327,4,PASS,PASS,PASS
21,2,3,23,32,2,21,7,2345,2345,4,PASS,PASS,PASS
21,2,3,23,32,3,20,9,2371,2371,4,PASS,PASS,PASS
21,2,3,24,32,1,23,5,2428,2428,4,PASS,PASS,PASS
21,2,3,24,32,2,22,7,2446,2446,4,PASS,PASS,PASS
21,2,3,24,32,3,21,9,2472,2472,4,PASS,PASS,PASS
21,3,1,4,8,1,3,4,309,309,3,PASS,PASS,PASS
21,3,1,5,8,1,4,4,384,384,4,PASS,PASS,PASS
21,3,1,6,8,1,5,4,459,459,4,PASS,PASS,PASS
21,3,1,7,8,1,6,4,534,534,4,PASS,PASS,PASS
21,3,1,8,8,1,7,4,609,609,4,PASS,PASS,PASS
21,3,1,9,8,1,8,4,684,684,4,PASS,PASS,PASS
21,3,1,10,8,1,9,4,759,759,4,PASS,PASS,PASS
21,3,1,11,8,1,10,4,834,834,4,PASS,PASS,PASS
21,3,1,12,8,1,11,4,909,909,4,PASS,PASS,PASS
21,3,1,13,8,1,12,4,984,984,4,PASS,PASS,PASS
21,3,1,14,8,1,13,4,1059,1059,4,PASS,PASS,PASS
21,3,1,15,8,1,14,4,1134,1134,4,PASS,PASS,PASS
21,3,1,16,8,1,15,4,1209,1209,4,PASS,PASS,PASS
21,3,1,17,8,1,16,4,1284,1284,4,PASS,PASS,PASS
21,3,1,18,8,1,17,4,1359,1359,4,PASS,PASS,PASS
21,3,1,19,8,1,18,4,1434,1434,4,PASS,PASS,PASS
21,3,1,20,8,1,19,4,1509,1509,4,PASS,PASS,PASS
21,3,1,21,8,1,20,4,1584,1584,4,PASS,PASS,PASS
21,3,1,22,8,1,21,4,1659,1659,4,PASS,PASS,PASS
21,3,1,23,8,1,22,4,1734,1734,4,PASS,PASS,PASS
21,3,1,24,8,1,23,4,1809,1809,4,PASS,PASS,PASS
21,3,2,4,16,1,3,5,393,393,3,PASS,PASS,PASS
21,3,2,4,16,2,2,8,426,426,2,PASS,PASS,PASS
21,3,2,5,32,1,4,5,489,489,4,PASS,PASS,PASS
21,3,2,5,32,2,3,8,522,522,3,PASS,PASS,PASS
21,3,2,6,32,1,5,5,585,585,4,PASS,PASS,PASS
21,3,2,6,32,2,4,8,618,618,4,PASS,PASS,PASS
21,3,2,7,32,1,6,5,681,681,4,PASS,PASS,PASS
21,3,2,7,32,2,5,8,714,714,4,PASS,PASS,PASS
21,3,2,8,32,1,7,5,777,777,4,PASS,PASS,PASS
21,3,2,8,32,2,6,8,810,810,4,PASS,PASS,PASS
21,3,2,9,32,1,8,5,873,873,4,PASS,PASS,PASS
21,3,2,9,32,2,7,8,906,906,4,PASS,PASS,PASS
21,3,2,10,32,1,9,5,969,969,4,PASS,PASS,PASS
21,3,2,10,32,2,8,8,1002,1002,4,PASS,PASS,PASS
21,3,2,11,32,1,10,5,1065,1065,4,PASS,PASS,PASS
21,3,2,11,32,2,9,8,1098,1098,4,PASS,PASS,PASS
21,3,2,12,32,1,11,5,1161,1161,4,PASS,PASS,PASS
21,3,2,12,32,2,10,8,1194,1194,4,PASS,PASS,PASS
21,3,2,13,32,1,12,5,1257,1257,4,PASS,PASS,PASS
21,3,2,13,32,2,11,8,1290,1290,4,PASS,PASS,PASS
21,3,2,14,32,1,13,5,1353,1353,4,PASS,PASS,PASS
21,3,2,14,32,2,12,8,1386,1386,4,PASS,PASS,PASS
21,3,2,15,32,1,14,5,1449,1449,4,PASS,PASS,PASS
21,3,2,15,32,2,13,8,1482,1482,4,PASS,PASS,PASS
21,3,2,16,32,1,15,5,1545,1545,4,PASS,PASS,PASS
21,3,2,16,32,2,14,8,1578,1578,4,PASS,PASS,PASS
21,3,2,17,32,1,16,5,1641,1641,4,PASS,PASS,PASS
21,3,2,17,32,2,15,8,1674,1674,4,PASS,PASS,PASS
21,3,2,18,32,1,17,5,1737,1737,4,PASS,PASS,PASS
21,3,2,18,32,2,16,8,1770,1770,4,PASS,PASS,PASS
21,3,2,19,32,1,18,5,1833,1833,4,PASS,PASS,PASS
21,3,2,19,32,2,17,8,1866,1866,4,PASS,PASS,PASS
21,3,2,20,32,1,19,5,1929,1929,4,PASS,PASS,PASS
21,3,2,20,32,2,18,8,1962,1962,4,PASS,PASS,PASS
21,3,2,21,32,1,20,5,2025,2025,4,PASS,PASS,PASS
21,3,2,21,32,2,19,8,2058,2058,4,PASS,PASS,PASS
21,3,2,22,32,1,21,5,2121,2121,4,PASS,PASS,PASS
21,3,2,22,32,2,20,8,2154,2154,4,PASS,PASS,PASS
21,3,2,23,32,1,22,5,2217,2217,4,PASS,PASS,PASS
21,3,2,23,32,2,21,8,2250,2250,4,PASS,PASS,PASS
21,3,2,24,32,1,23,5,2313,2313,4,PASS,PASS,PASS
21,3,2,24,32,2,22,8,2346,2346,4,PASS,PASS,PASS
21,3,3,4,32,1,3,6,477,477,3,PASS,PASS,PASS
21,3,3,4,32,2,2,9,513,513,2,PASS,PASS,PASS
21,3,3,4,32,3,1,12,567,567,1,PASS,PASS,PASS
21,3,3,5,32,1,4,6,594,594,4,PASS,PASS,PASS
21,3,3,5,32,2,3,9,630,630,3,PASS,PASS,PASS
21,3,3,5,32,3,2,12,684,684,2,PASS,PASS,PASS
21,3,3,6,32,1,5,6,711,711,4,PASS,PASS,PASS
21,3,3,6,32,2,4,9,747,747,4,PASS,PASS,PASS
21,3,3,6,32,3,3,12,801,801,3,PASS,PASS,PASS
21,3,3,7,32,1,6,6,828,828,4,PASS,PASS,PASS
21,3,3,7,32,2,5,9,864,864,4,PASS,PASS,PASS
21,3,3,7,32,3,4,12,918,918,4,PASS,PASS,PASS
21,3,3,8,32,1,7,6,945,945,4,PASS,PASS,PASS
21,3,3,8,32,2,6,9,981,981,4,PASS,PASS,PASS
21,3,3,8,32,3,5,12,1035,1035,4,PASS,PASS,PASS
21,3,3,9,32,1,8,6,1062,1062,4,PASS,PASS,PASS
21,3,3,9,32,2,7,9,1098,1098,4,PASS,PASS,PASS
21,3,3,9,32,3,6,12,1152,1152,4,PASS,PASS,PASS
21,3,3,10,32,1,9,6,1179,1179,4,PASS,PASS,PASS
21,3,3,10,32,2,8,9,1215,1215,4,PASS,PASS,PASS
21,3,3,10,32,3,7,12,1269,1269,4,PASS,PASS,PASS
21,3,3,11,32,1,10,6,1296,1296,4,PASS,PASS,PASS
21,3,3,11,32,2,9,9,1332,1332,4,PASS,PASS,PASS
21,3,3,11,32,3,8,12,1386,1386,4,PASS,PASS,PASS
21,3,3,12,32,1,11,6,1413,1413,4,PASS,PASS,PASS
21,3,3,12,32,2,10,9,1449,1449,4,PASS,PASS,PASS
21,3,3,12,32,3,9,12,1503,1503,4,PASS,PASS,PASS
21,3,3,13,32,1,12,6,1530,1530,4,PASS,PASS,PASS
21,3,3,13,32,2,11,9,1566,1566,4,PASS,PASS,PASS
21,3,3,13,32,3,10,12,1620,1620,4,PASS,PASS,PASS
21,3,3,14,32,1,13,6,1647,1647,4,PASS,PASS,PASS
21,3,3,14,32,2,12,9,1683,1683,4,PASS,PASS,PASS
21,3,3,14,32,3,11,12,1737,1737,4,PASS,PASS,PASS
21,3,3,15,32,1,14,6,1764,1764,4,PASS,PASS,PASS
21,3,3,15,32,2,13,9,1800,1800,4,PASS,PASS,PASS
21,3,3,15,32,3,12,12,1854,1854,4,PASS,PASS,PASS
21,3,3,16,32,1,15,6,1881,1881,4,PASS,PASS,PASS
21,3,3,16,32,2,14,9,1917,1917,4,PASS,PASS,PASS
21,3,3,16,32,3,13,12,1971,1971,4,PASS,PASS,PASS
21,3,3,17,32,1,16,6,1998,1998,4,PASS,PASS,PASS
21,3,3,17,32,2,15,9,2034,2034,4,PASS,PASS,PASS
21,3,3,17,32,3,14,12,2088,2088,4,PASS,PASS,PASS
21,3,3,18,32,1,17,6,2115,2115,4,PASS,PASS,PASS
21,3,3,18,32,2,16,9,2151,2151,4,PASS,PASS,PASS
21,3,3,18,32,3,15,12,2205,2205,4,PASS,PASS,PASS
21,3,3,19,32,1,18,6,2232,2232,4,PASS,PASS,PASS
21,3,3,19,32,2,17,9,2268,2268,4,PASS,PASS,PASS
21,3,3,19,32,3,16,12,2322,2322,4,PASS,PASS,PASS
21,3,3,20,32,1,19,6,2349,2349,4,PASS,PASS,PASS
21,3,3,20,32,2,18,9,2385,2385,4,PASS,PASS,PASS
21,3,3,20,32,3,17,12,2439,2439,4,PASS,PASS,PASS
21,3,3,21,32,1,20,6,2466,2466,4,PASS,PASS,PASS
21,3,3,21,32,2,19,9,2502,2502,4,PASS,PASS,PASS
21,3,3,21,32,3,18,12,2556,2556,4,PASS,PASS,PASS
21,3,3,22,32,1,21,6,2583,2583,4,PASS,PASS,PASS
21,3,3,22,32,2,20,9,2619,2619,4,PASS,PASS,PASS
21,3,3,22,32,3,19,12,2673,2673,4,PASS,PASS,PASS
21,3,3,23,32,1,22,6,2700,2700,4,PASS,PASS,PASS
21,3,3,23,32,2,21,9,2736,2736,4,PASS,PASS,PASS
21,3,3,23,32,3,20,12,2790,2790,4,PASS,PASS,PASS
21,3,3,24,32,1,23,6,2817,2817,4,PASS,PASS,PASS
21,3,3,24,32,2,22,9,2853,2853,4,PASS,PASS,PASS
21,3,3,24,32,3,21,12,2907,2907,4,PASS,PASS,PASS
22,1,1,4,8,1,3,2,173,173,3,PASS,PASS,PASS
22,1,1,5,8,1,4,2,216,216,4,PASS,PASS,PASS
22,1,1,6,8,1,5,2,259,259,4,PASS,PASS,PASS
22,1,1,7,8,1,6,2,302,302,4,PASS,PASS,PASS
22,1,1,8,8,1,7,2,345,345,4,PASS,PASS,PASS
22,1,1,9,8,1,8,2,388,388,4,PASS,PASS,PASS
22,1,1,10,8,1,9,2,431,431,4,PASS,PASS,PASS
22,1,1,11,8,1,10,2,474,474,4,PASS,PASS,PASS
22,1,1,12,8,1,11,2,517,517,4,PASS,PASS,PASS
22,1,1,13,8,1,12,2,560,560,4,PASS,PASS,PASS
22,1,1,14,8,1,13,2,603,603,4,PASS,PASS,PASS
22,1,1,15,8,1,14,2,646,646,4,PASS,PASS,PASS
22,1,1,16,8,1,15,2,689,689,4,PASS,PASS,PASS
22,1,1,17,8,1,16,2,732,732,4,PASS,PASS,PASS
22,1,1,18,8,1,17,2,775,775,4,PASS,PASS,PASS
22,1,1,19,8,1,18,2,818,818,4,PASS,PASS,PASS
22,1,1,20,8,1,19,2,861,861,4,PASS,PASS,PASS
22,1,1,21,8,1,20,2,904,904,4,PASS,PASS,PASS
22,1,1,22,8,1,21,2,947,947,4,PASS,PASS,PASS
22,1,1,23,8,1,22,2,990,990,4,PASS,PASS,PASS
22,1,1,24,8,1,23,2,1033,1033,4,PASS,PASS,PASS
22,1,2,4,8,1,3,3,261,261,3,PASS,PASS,PASS
22,1,2,4,8,2,2,4,266,266,2,PASS,PASS,PASS
22,1,2,5,8,1,4,3,326,326,4,PASS,PASS,PASS
22,1,2,5,8,2,3,4,331,331,3,PASS,PASS,PASS
22,1,2,6,8,1,5,3,391,391,4,PASS,PASS,PASS
22,1,2,6,8,2,4,4,396,396,4,PASS,PASS,PASS
22,1,2,7,16,1,6,3,456,456,4,PASS,PASS,PASS
22,1,2,7,16,2,5,4,461,461,4,PASS,PASS,PASS
22,1,2,8,16,1,7,3,521,521,4,PASS,PASS,PASS
22,1,2,8,16,2,6,4,526,526,4,PASS,PASS,PASS
22,1,2,9,16,1,8,3,586,586,4,PASS,PASS,PASS
22,1,2,9,16,2,7,4,591,591,4,PASS,PASS,PASS
22,1,2,10,16,1,9,3,651,651,4,PASS,PASS,PASS
22,1,2,10,16,2,8,4,656,656,4,PASS,PASS,PASS
22,1,2,11,16,1,10,3,716,716,4,PASS,PASS,PASS
22,1,2,11,16,2,9,4,721,721,4,PASS,PASS,PASS
22,1,2,12,16,1,11,3,781,781,4,PASS,PASS,PASS
22,1,2,12,16,2,10,4,786,786,4,PASS,PASS,PASS
22,1,2,13,16,1,12,3,846,846,4,PASS,PASS,PASS
22,1,2,13,16,2,11,4,851,851,4,PASS,PASS,PASS
22,1,2,14,16,1,13,3,911,911,4,PASS,PASS,PASS
22,1,2,14,16,2,12,4,916,916,4,PASS,PASS,PASS
22,1,2,15,16,1,14,3,976,976,4,PASS,PASS,PASS
22,1,2,15,16,2,13,4,981,981,4,PASS,PASS,PASS
22,1,2,16,16,1,15,3,1041,1041,4,PASS,PASS,PASS
22,1,2,16,16,2,14,4,1046,1046,4,PASS,PASS,PASS
22,1,2,17,16,1,16,3,1106,1106,4,PASS,PASS,PASS
22,1,2,17,16,2,15,4,1111,1111,4,PASS,PASS,PASS
22,1,2,18,16,1,17,3,1171,1171,4,PASS,PASS,PASS
22,1,2,18,16,2,16,4,1176,1176,4,PASS,PASS,PASS
22,1,2,19,16,1,18,3,1236,1236,4,PASS,PASS,PASS
22,1,2,19,16,2,17,4,1241,1241,4,PASS,PASS,PASS
22,1,2,20,16,1,19,3,1301,1301,4,PASS,PASS,PASS
22,1,2,20,16,2,18,4,1306,1306,4,PASS,PASS,PASS
22,1,2,21,16,1,20,3,1366,1366,4,PASS,PASS,PASS
22,1,2,21,16,2,19,4,1371,1371,4,PASS,PASS,PASS
22,1,2,22,16,1,21,3,1431,1431,4,PASS,PASS,PASS
22,1,2,22,16,2,20,4,1436,1436,4,PASS,PASS,PASS
22,1,2,23,16,1,22,3,1496,1496,4,PASS,PASS,PASS
22,1,2,23,16,2,21,4,1501,1501,4,PASS,PASS,PASS
22,1,2,24,16,1,23,3,1561,1561,4,PASS,PASS,PASS
22,1,2,24,16,2,22,4,1566,1566,4,PASS,PASS,PASS
22,1,3,4,16,1,3,4,349,349,3,PASS,PASS,PASS
22,1,3,4,16,2,2,5,355,355,2,PASS,PASS,PASS
22,1,3,4,16,3,1,6,363,363,1,PASS,PASS,PASS
22,1,3,5,16,1,4,4,436,436,4,PASS,PASS,PASS
22,1,3,5,16,2,3,5,442,442,3,PASS,PASS,PASS
22,1,3,5,16,3,2,6,450,450,2,PASS,PASS,PASS
22,1,3,6,32,1,5,4,523,523,4,PASS,PASS,PASS
22,1,3,6,32,2,4,5,529,529,4,PASS,PASS,PASS
22,1,3,6,32,3,3,6,537,537,3,PASS,PASS,PASS
22,1,3,7,32,1,6,4,610,610,4,PASS,PASS,PASS
22,1,3,7,32,2,5,5,616,616,4,PASS,PASS,PASS
22,1,3,7,32,3,4,6,624,624,4,PASS,PASS,PASS
22,1,3,8,32,1,7,4,697,697,4,PASS,PASS,PASS
22,1,3,8,32,2,6,5,703,703,4,PASS,PASS,PASS
22,1,3,8,32,3,5,6,711,711,4,PASS,PASS,PASS
22,1,3,9,32,1,8,4,784,784,4,PASS,PASS,PASS
22,1,3,9,32,2,7,5,790,790,4,PASS,PASS,PASS
22,1,3,9,32,3,6,6,798,798,4,PASS,PASS,PASS
22,1,3,10,32,1,9,4,871,871,4,PASS,PASS,PASS
22,1,3,10,32,2,8,5,877,877,4,PASS,PASS,PASS
22,1,3,10,32,3,7,6,885,885,4,PASS,PASS,PASS
22,1,3,11,32,1,10,4,958,958,4,PASS,PASS,PASS
22,1,3,11,32,2,9,5,964,964,4,PASS,PASS,PASS
22,1,3,11,32,3,8,6,972,972,4,PASS,PASS,PASS
22,1,3,12,32,1,11,4,1045,1045,4,PASS,PASS,PASS
22,1,3,12,32,2,10,5,1051,1051,4,PASS,PASS,PASS
22,1,3,12,32,3,9,6,1059,1059,4,PASS,PASS,PASS
22,1,3,13,32,1,12,4,1132,1132,4,PASS,PASS,PASS
22,1,3,13,32,2,11,5,1138,1138,4,PASS,PASS,PASS
22,1,3,13,32,3,10,6,1146,1146,4,PASS,PASS,PASS
22,1,3,14,32,1,13,4,1219,1219,4,PASS,PASS,PASS
22,1,3,14,32,2,12,5,1225,1225,4,PASS,PASS,PASS
22,1,3,14,32,3,11,6,1233,1233,4,PASS,PASS,PASS
22,1,3,15,32,1,14,4,1306,1306,4,PASS,PASS,PASS
22,1,3,15,32,2,13,5,1312,1312,4,PASS,PASS,PASS
22,1,3,15,32,3,12,6,1320,1320,4,PASS,PASS,PASS
22,1,3,16,32,1,15,4,1393,1393,4,PASS,PASS,PASS
22,1,3,16,32,2,14,5,1399,1399,4,PASS,PASS,PASS
22,1,3,16,32,3,13,6,1407,1407,4,PASS,PASS,PASS
22,1,3,17,32,1,16,4,1480,1480,4,PASS,PASS,PASS
22,1,3,17,32,2,15,5,1486,1486,4,PASS,PASS,PASS
22,1,3,17,32,3,14,6,1494,1494,4,PASS,PASS,PASS
22,1,3,18,32,1,17,4,1567,1567,4,PASS,PASS,PASS
22,1,3,18,32,2,16,5,1573,1573,4,PASS,PASS,PASS
22,1,3,18,32,3,15,6,1581,1581,4,PASS,PASS,PASS
22,1,3,19,32,1,18,4,1654,1654,4,PASS,PASS,PASS
22,1,3,19,32,2,17,5,1660,1660,4,PASS,PASS,PASS
22,1,3,19,32,3,16,6,1668,1668,4,PASS,PASS,PASS
22,1,3,20,32,1,19,4,1741,1741,4,PASS,PASS,PASS
22,1,3,20,32,2,18,5,1747,1747,4,PASS,PASS,PASS
22,1,3,20,32,3,17,6,1755,1755,4,PASS,PASS,PASS
22,1,3,21,32,1,20,4,1828,1828,4,PASS,PASS,PASS
22,1,3,21,32,2,19,5,1834,1834,4,PASS,PASS,PASS
22,1,3,21,32,3,18,6,1842,1842,4,PASS,PASS,PASS
22,1,3,22,32,1,21,4,1915,1915,4,PASS,PASS,PASS
22,1,3,22,32,2,20,5,1921,1921,4,PASS,PASS,PASS
22,1,3,22,32,3,19,6,1929,1929,4,PASS,PASS,PASS
22,1,3,23,32,1,22,4,2002,2002,4,PASS,PASS,PASS
22,1,3,23,32,2,21,5,2008,2008,4,PASS,PASS,PASS
22,1,3,23,32,3,20,6,2016,2016,4,PASS,PASS,PASS
22,1,3,24,32,1,23,4,2089,2089,4,PASS,PASS,PASS
22,1,3,24,32,2,22,5,2095,2095,4,PASS,PASS,PASS
22,1,3,24,32,3,21,6,2103,2103,4,PASS,PASS,PASS
22,2,1,4,8,1,3,3,252,252,3,PASS,PASS,PASS
22,2,1,5,8,1,4,3,314,314,4,PASS,PASS,PASS
22,2,1,6,8,1,5,3,376,376,4,PASS,PASS,PASS
22,2,1,7,8,1,6,3,438,438,4,PASS,PASS,PASS
22,2,1,8,8,1,7,3,500,500,4,PASS,PASS,PASS
22,2,1,9,8,1,8,3,562,562,4,PASS,PASS,PASS
22,2,1,10,8,1,9,3,624,624,4,PASS,PASS,PASS
22,2,1,11,8,1,10,3,686,686,4,PASS,PASS,PASS
22,2,1,12,8,1,11,3,748,748,4,PASS,PASS,PASS
22,2,1,13,8,1,12,3,810,810,4,PASS,PASS,PASS
22,2,1,14,8,1,13,3,872,872,4,PASS,PASS,PASS
22,2,1,15,8,1,14,3,934,934,4,PASS,PASS,PASS
22,2,1,16,8,1,15,3,996,996,4,PASS,PASS,PASS
22,2,1,17,8,1,16,3,1058,1058,4,PASS,PASS,PASS
22,2,1,18,8,1,17,3,1120,1120,4,PASS,PASS,PASS
22,2,1,19,8,1,18,3,1182,1182,4,PASS,PASS,PASS
22,2,1,20,8,1,19,3,1244,1244,4,PASS,PASS,PASS
22,2,1,21,8,1,20,3,1306,1306,4,PASS,PASS,PASS
22,2,1,22,8,1,21,3,1368,1368,4,PASS,PASS,PASS
22,2,1,23,8,1,22,3,1430,1430,4,PASS,PASS,PASS
22,2,1,24,8,1,23,3,1492,1492,4,PASS,PASS,PASS
22,2,2,4,8,1,3,4,340,340,3,PASS,PASS,PASS
22,2,2,4,8,2,2,6,356,356,2,PASS,PASS,PASS
22,2,2,5,16,1,4,4,424,424,4,PASS,PASS,PASS
22,2,2,5,16,2,3,6,440,440,3,PASS,PASS,PASS
22,2,2,6,16,1,5,4,508,508,4,PASS,PASS,PASS
22,2,2,6,16,2,4,6,524,524,4,PASS,PASS,PASS
22,2,2,7,16,1,6,4,592,592,4,PASS,PASS,PASS
22,2,2,7,16,2,5,6,608,608,4,PASS,PASS,PASS
22,2,2,8,16,1,7,4,676,676,4,PASS,PASS,PASS
22,2,2,8,16,2,6,6,692,692,4,PASS,PASS,PASS
22,2,2,9,16,1,8,4,760,760,4,PASS,PASS,PASS
22,2,2,9,16,2,7,6,776,776,4,PASS,PASS,PASS
22,2,2,10,16,1,9,4,844,844,4,PASS,PASS,PASS
22,2,2,10,16,2,8,6,860,860,4,PASS,PASS,PASS
22,2,2,11,16,1,10,4,928,928,4,PASS,PASS,PASS
22,2,2,11,16,2,9,6,944,944,4,PASS,PASS,PASS
22,2,2,12,16,1,11,4,1012,1012,4,PASS,PASS,PASS
22,2,2,12,16,2,10,6,1028,1028,4,PASS,PASS,PASS
22,2,2,13,16,1,12,4,1096,1096,4,PASS,PASS,PASS
22,2,2,13,16,2,11,6,1112,1112,4,PASS,PASS,PASS
22,2,2,14,16,1,13,4,1180,1180,4,PASS,PASS,PASS
22,2,2,14,16,2,12,6,1196,1196,4,PASS,PASS,PASS
22,2,2,15,32,1,14,4,1264,1264,4,PASS,PASS,PASS
22,2,2,15,32,2,13,6,1280,1280,4,PASS,PASS,PASS
22,2,2,16,32,1,15,4,1348,1348,4,PASS,PASS,PASS
22,2,2,16,32,2,14,6,1364,1364,4,PASS,PASS,PASS
22,2,2,17,32,1,16,4,1432,1432,4,PASS,PASS,PASS
22,2,2,17,32,2,15,6,1448,1448,4,PASS,PASS,PASS
22,2,2,18,16,1,17,4,1516,1516,4,PASS,PASS,PASS
22,2,2,18,16,2,16,6,1532,1532,4,PASS,PASS,PASS
22,2,2,19,32,1,18,4,1600,1600,4,PASS,PASS,PASS
22,2,2,19,32,2,17,6,1616,1616,4,PASS,PASS,PASS
22,2,2,20,32,1,19,4,1684,1684,4,PASS,PASS,PASS
22,2,2,20,32,2,18,6,1700,1700,4,PASS,PASS,PASS
22,2,2,21,32,1,20,4,1768,1768,4,PASS,PASS,PASS
22,2,2,21,32,2,19,6,1784,1784,4,PASS,PASS,PASS
22,2,2,22,32,1,21,4,1852,1852,4,PASS,PASS,PASS
22,2,2,22,32,2,20,6,1868,1868,4,PASS,PASS,PASS
22,2,2,23,32,1,22,4,1936,1936,4,PASS,PASS,PASS
22,2,2,23,32,2,21,6,1952,1952,4,PASS,PASS,PASS
22,2,2,24,32,1,23,4,2020,2020,4,PASS,PASS,PASS
22,2,2,24,32,2,22,6,2036,2036,4,PASS,PASS,PASS
22,2,3,4,32,1,3,5,428,428,3,PASS,PASS,PASS
22,2,3,4,32,2,2,7,446,446,2,PASS,PASS,PASS
22,2,3,4,32,3,1,9,472,472,1,PASS,PASS,PASS
22,2,3,5,32,1,4,5,534,534,4,PASS,PASS,PASS
22,2,3,5,32,2,3,7,552,552,3,PASS,PASS,PASS
22,2,3,5,32,3,2,9,578,578,2,PASS,PASS,PASS
22,2,3,6,32,1,5,5,640,640,4,PASS,PASS,PASS
22,2,3,6,32,2,4,7,658,658,4,PASS,PASS,PASS
22,2,3,6,32,3,3,9,684,684,3,PASS,PASS,PASS
22,2,3,7,32,1,6,5,746,746,4,PASS,PASS,PASS
22,2,3,7,32,2,5,7,764,764,4,PASS,PASS,PASS
22,2,3,7,32,3,4,9,790,790,4,PASS,PASS,PASS
22,2,3,8,32,1,7,5,852,852,4,PASS,PASS,PASS
22,2,3,8,32,2,6,7,870,870,4,PASS,PASS,PASS
22,2,3,8,32,3,5,9,896,896,4,PASS,PASS,PASS
22,2,3,9,32,1,8,5,958,958,4,PASS,PASS,PASS
22,2,3,9,32,2,7,7,976,976,4,PASS,PASS,PASS
22,2,3,9,32,3,6,9,1002,1002,4,PASS,PASS,PASS
22,2,3,10,32,1,9,5,1064,1064,4,PASS,PASS,PASS
22,2,3,10,32,2,8,7,1082,1082,4,PASS,PASS,PASS
22,2,3,10,32,3,7,9,1108,1108,4,PASS,PASS,PASS
22,2,3,11,32,1,10,5,1170,1170,4,PASS,PASS,PASS
22,2,3,11,32,2,9,7,1188,1188,4,PASS,PASS,PASS
22,2,3,11,32,3,8,9,1214,1214,4,PASS,PASS,PASS
22,2,3,12,32,1,11,5,1276,1276,4,PASS,PASS,PASS
22,2,3,12,32,2,10,7,1294,1294,4,PASS,PASS,PASS
22,2,3,12,32,3,9,9,1320,1320,4,PASS,PASS,PASS
22,2,3,13,32,1,12,5,1382,1382,4,PASS,PASS,PASS
22,2,3,13,32,2,11,7,1400,1400,4,PASS,PASS,PASS
22,2,3,13,32,3,10,9,1426,1426,4,PASS,PASS,PASS
22,2,3,14,32,1,13,5,1488,1488,4,PASS,PASS,PASS
22,2,3,14,32,2,12,7,1506,1506,4,PASS,PASS,PASS
22,2,3,14,32,3,11,9,1532,1532,4,PASS,PASS,PASS
22,2,3,15,32,1,14,5,1594,1594,4,PASS,PASS,PASS
22,2,3,15,32,2,13,7,1612,1612,4,PASS,PASS,PASS
22,2,3,15,32,3,12,9,1638,1638,4,PASS,PASS,PASS
22,2,3,16,32,1,15,5,1700,1700,4,PASS,PASS,PASS
22,2,3,16,32,2,14,7,1718,1718,4,PASS,PASS,PASS
22,2,3,16,32,3,13,9,1744,1744,4,PASS,PASS,PASS
22,2,3,17,32,1,16,5,1806,1806,4,PASS,PASS,PASS
22,2,3,17,32,2,15,7,1824,1824,4,PASS,PASS,PASS
22,2,3,17,32,3,14,9,1850,1850,4,PASS,PASS,PASS
22,2,3,18,32,1,17,5,1912,1912,4,PASS,PASS,PASS
22,2,3,18,32,2,16,7,1930,1930,4,PASS,PASS,PASS
22,2,3,18,32,3,15,9,1956,1956,4,PASS,PASS,PASS
22,2,3,19,32,1,18,5,2018,2018,4,PASS,PASS,PASS
22,2,3,19,32,2,17,7,2036,2036,4,PASS,PASS,PASS
22,2,3,19,32,3,16,9,2062,2062,4,PASS,PASS,PASS
22,2,3,20,32,1,19,5,2124,2124,4,PASS,PASS,PASS
22,2,3,20,32,2,18,7,2142,2142,4,PASS,PASS,PASS
22,2,3,20,32,3,17,9,2168,2168,4,PASS,PASS,PASS
22,2,3,21,32,1,20,5,2230,2230,4,PASS,PASS,PASS
22,2,3,21,32,2,19,7,2248,2248,4,PASS,PASS,PASS
22,2,3,21,32,3,18,9,2274,2274,4,PASS,PASS,PASS
22,2,3,22,32,1,21,5,2336,2336,4,PASS,PASS,PASS
22,2,3,22,32,2,20,7,2354,2354,4,PASS,PASS,PASS
22,2,3,22,32,3,19,9,2380,2380,4,PASS,PASS,PASS
22,2,3,23,32,1,22,5,2442,2442,4,PASS,PASS,PASS
22,2,3,23,32,2,21,7,2460,2460,4,PASS,PASS,PASS
22,2,3,23,32,3,20,9,2486,2486,4,PASS,PASS,PASS
22,2,3,24,32,1,23,5,2548,2548,4,PASS,PASS,PASS
22,2,3,24,32,2,22,7,2566,2566,4,PASS,PASS,PASS
22,2,3,24,32,3,21,9,2592,2592,4,PASS,PASS,PASS
22,3,1,4,8,1,3,4,325,325,3,PASS,PASS,PASS
22,3,1,5,8,1,4,4,404,404,4,PASS,PASS,PASS
22,3,1,6,8,1,5,4,483,483,4,PASS,PASS,PASS
22,3,1,7,8,1,6,4,562,562,4,PASS,PASS,PASS
22,3,1,8,8,1,7,4,641,641,4,PASS,PASS,PASS
22,3,1,9,8,1,8,4,720,720,4,PASS,PASS,PASS
22,3,1,10,8,1,9,4,799,799,4,PASS,PASS,PASS
22,3,1,11,8,1,10,4,878,878,4,PASS,PASS,PASS
22,3,1,12,8,1,11,4,957,957,4,PASS,PASS,PASS
22,3,1,13,8,1,12,4,1036,1036,4,PASS,PASS,PASS
22,3,1,14,8,1,13,4,1115,1115,4,PASS,PASS,PASS
22,3,1,15,8,1,14,4,1194,1194,4,PASS,PASS,PASS
22,3,1,16,8,1,15,4,1273,1273,4,PASS,PASS,PASS
22,3,1,17,8,1,16,4,1352,1352,4,PASS,PASS,PASS
22,3,1,18,8,1,17,4,1431,1431,4,PASS,PASS,PASS
22,3,1,19,8,1,18,4,1510,1510,4,PASS,PASS,PASS
22,3,1,20,8,1,19,4,1589,1589,4,PASS,PASS,PASS
22,3,1,21,8,1,20,4,1668,1668,4,PASS,PASS,PASS
22,3,1,22,8,1,21,4,1747,1747,4,PASS,PASS,PASS
22,3,1,23,8,1,22,4,1826,1826,4,PASS,PASS,PASS
22,3,1,24,8,1,23,4,1905,1905,4,PASS,PASS,PASS
22,3,2,4,16,1,3,5,413,413,3,PASS,PASS,PASS
22,3,2,4,16,2,2,8,446,446,2,PASS,PASS,PASS
22,3,2,5,32,1,4,5,514,514,4,PASS,PASS,PASS
22,3,2,5,32,2,3,8,547,547,3,PASS,PASS,PASS
22,3,2,6,32,1,5,5,615,615,4,PASS,PASS,PASS
22,3,2,6,32,2,4,8,648,648,4,PASS,PASS,PASS
22,3,2,7,32,1,6,5,716,716,4,PASS,PASS,PASS
22,3,2,7,32,2,5,8,749,749,4,PASS,PASS,PASS
22,3,2,8,32,1,7,5,817,817,4,PASS,PASS,PASS
22,3,2,8,32,2,6,8,850,850,4,PASS,PASS,PASS
22,3,2,9,32,1,8,5,918,918,4,PASS,PASS,PASS
22,3,2,9,32,2,7,8,951,951,4,PASS,PASS,PASS
22,3,2,10,32,1,9,5,1019,1019,4,PASS,PASS,PASS
22,3,2,10,32,2,8,8,1052,1052,4,PASS,PASS,PASS
22,3,2,11,32,1,10,5,1120,1120,4,PASS,PASS,PASS
22,3,2,11,32,2,9,8,1153,1153,4,PASS,PASS,PASS
22,3,2,12,32,1,11,5,1221,1221,4,PASS,PASS,PASS
22,3,2,12,32,2,10,8,1254,1254,4,PASS,PASS,PASS
22,3,2,13,32,1,12,5,1322,1322,4,PASS,PASS,PASS
22,3,2,13,32,2,11,8,1355,1355,4,PASS,PASS,PASS
22,3,2,14,32,1,13,5,1423,1423,4,PASS,PASS,PASS
22,3,2,14,32,2,12,8,1456,1456,4,PASS,PASS,PASS
22,3,2,15,32,1,14,5,1524,1524,4,PASS,PASS,PASS
22,3,2,15,32,2,13,8,1557,1557,4,PASS,PASS,PASS
22,3,2,16,32,1,15,5,1625,1625,4,PASS,PASS,PASS
22,3,2,16,32,2,14,8,1658,1658,4,PASS,PASS,PASS
22,3,2,17,32,1,16,5,1726,1726,4,PASS,PASS,PASS
22,3,2,17,32,2,15,8,1759,1759,4,PASS,PASS,PASS
22,3,2,18,32,1,17,5,1827,1827,4,PASS,PASS,PASS
22,3,2,18,32,2,16,8,1860,1860,4,PASS,PASS,PASS
22,3,2,19,32,1,18,5,1928,1928,4,PASS,PASS,PASS
22,3,2,19,32,2,17,8,1961,1961,4,PASS,PASS,PASS
22,3,2,20,32,1,19,5,2029,2029,4,PASS,PASS,PASS
22,3,2,20,32,2,18,8,2062,2062,4,PASS,PASS,PASS
22,3,2,21,32,1,20,5,2130,2130,4,PASS,PASS,PASS
22,3,2,21,32,2,19,8,2163,2163,4,PASS,PASS,PASS
22,3,2,22,32,1,21,5,2231,2231,4,PASS,PASS,PASS
22,3,2,22,32,2,20,8,2264,2264,4,PASS,PASS,PASS
22,3,2,23,32,1,22,5,2332,2332,4,PASS,PASS,PASS
22,3,2,23,32,2,21,8,2365,2365,4,PASS,PASS,PASS
22,3,2,24,32,1,23,5,2433,2433,4,PASS,PASS,PASS
22,3,2,24,32,2,22,8,2466,2466,4,PASS,PASS,PASS
22,3,3,4,32,1,3,6,501,501,3,PASS,PASS,PASS
22,3,3,4,32,2,2,9,537,537,2,PASS,PASS,PASS
22,3,3,4,32,3,1,12,591,591,1,PASS,PASS,PASS
22,3,3,5,32,1,4,6,624,624,4,PASS,PASS,PASS
22,3,3,5,32,2,3,9,660,660,3,PASS,PASS,PASS
22,3,3,5,32,3,2,12,714,714,2,PASS,PASS,PASS
22,3,3,6,32,1,5,6,747,747,4,PASS,PASS,PASS
22,3,3,6,32,2,4,9,783,783,4,PASS,PASS,PASS
22,3,3,6,32,3,3,12,837,837,3,PASS,PASS,PASS
22,3,3,7,32,1,6,6,870,870,4,PASS,PASS,PASS
22,3,3,7,32,2,5,9,906,906,4,PASS,PASS,PASS
22,3,3,7,32,3,4,12,960,960,4,PASS,PASS,PASS
22,3,3,8,32,1,7,6,993,993,4,PASS,PASS,PASS
22,3,3,8,32,2,6,9,1029,1029,4,PASS,PASS,PASS
22,3,3,8,32,3,5,12,1083,1083,4,PASS,PASS,PASS
22,3,3,9,32,1,8,6,1116,1116,4,PASS,PASS,PASS
22,3,3,9,32,2,7,9,1152,1152,4,PASS,PASS,PASS
22,3,3,9,32,3,6,12,1206,1206,4,PASS,PASS,PASS
22,3,3,10,32,1,9,6,1239,1239,4,PASS,PASS,PASS
22,3,3,10,32,2,8,9,1275,1275,4,PASS,PASS,PASS
22,3,3,10,32,3,7,12,1329,1329,4,PASS,PASS,PASS
22,3,3,11,32,1,10,6,1362,1362,4,PASS,PASS,PASS
22,3,3,11,32,2,9,9,1398,1398,4,PASS,PASS,PASS
22,3,3,11,32,3,8,12,1452,1452,4,PASS,PASS,PASS
22,3,3,12,32,1,11,6,1485,1485,4,PASS,PASS,PASS
22,3,3,12,32,2,10,9,1521,1521,4,PASS,PASS,PASS
22,3,3,12,32,3,9,12,1575,1575,4,PASS,PASS,PASS
22,3,3,13,32,1,12,6,1608,1608,4,PASS,PASS,PASS
22,3,3,13,32,2,11,9,1644,1644,4,PASS,PASS,PASS
22,3,3,13,32,3,10,12,1698,1698,4,PASS,PASS,PASS
22,3,3,14,32,1,13,6,1731,1731,4,PASS,PASS,PASS
22,3,3,14,32,2,12,9,1767,1767,4,PASS,PASS,PASS
22,3,3,14,32,3,11,12,1821,1821,4,PASS,PASS,PASS
22,3,3,15,32,1,14,6,1854,1854,4,PASS,PASS,PASS
22,3,3,15,32,2,13,9,1890,1890,4,PASS,PASS,PASS
22,3,3,15,32,3,12,12,1944,1944,4,PASS,PASS,PASS
22,3,3,16,32,1,15,6,1977,1977,4,PASS,PASS,PASS
22,3,3,16,32,2,14,9,2013,2013,4,PASS,PASS,PASS
22,3,3,16,32,3,13,12,2067,2067,4,PASS,PASS,PASS
22,3,3,17,32,1,16,6,2100,2100,4,PASS,PASS,PASS
22,3,3,17,32,2,15,9,2136,2136,4,PASS,PASS,PASS
22,3,3,17,32,3,14,12,2190,2190,4,PASS,PASS,PASS
22,3,3,18,32,1,17,6,2223,2223,4,PASS,PASS,PASS
22,3,3,18,32,2,16,9,2259,2259,4,PASS,PASS,PASS
22,3,3,18,32,3,15,12,2313,2313,4,PASS,PASS,PASS
22,3,3,19,32,1,18,6,2346,2346,4,PASS,PASS,PASS
22,3,3,19,32,2,17,9,2382,2382,4,PASS,PASS,PASS
22,3,3,19,32,3,16,12,2436,2436,4,PASS,PASS,PASS
22,3,3,20,32,1,19,6,2469,2469,4,PASS,PASS,PASS
22,3,3,20,32,2,18,9,2505,2505,4,PASS,PASS,PASS
22,3,3,20,32,3,17,12,2559,2559,4,PASS,PASS,PASS
22,3,3,21,32,1,20,6,2592,2592,4,PASS,PASS,PASS
22,3,3,21,32,2,19,9,2628,2628,4,PASS,PASS,PASS
22,3,3,21,32,3,18,12,2682,2682,4,PASS,PASS,PASS
22,3,3,22,32,1,21,6,2715,2715,4,PASS,PASS,PASS
22,3,3,22,32,2,20,9,2751,2751,4,PASS,PASS,PASS
22,3,3,22,32,3,19,12,2805,2805,4,PASS,PASS,PASS
22,3,3,23,32,1,22,6,2838,2838,4,PASS,PASS,PASS
22,3,3,23,32,2,21,9,2874,2874,4,PASS,PASS,PASS
22,3,3,23,32,3,20,12,2928,2928,4,PASS,PASS,PASS
22,3,3,24,32,1,23,6,2961,2961,4,PASS,PASS,PASS
22,3,3,24,32,2,22,9,2997,2997,4,PASS,PASS,PASS
22,3,3,24,32,3,21,12,3051,3051,4,PASS,PASS,PASS
23,1,1,4,8,1,3,2,181,181,3,PASS,PASS,PASS
23,1,1,5,8,1,4,2,226,226,4,PASS,PASS,PASS
23,1,1,6,8,1,5,2,271,271,4,PASS,PASS,PASS
23,1,1,7,8,1,6,2,316,316,4,PASS,PASS,PASS
23,1,1,8,8,1,7,2,361,361,4,PASS,PASS,PASS
23,1,1,9,8,1,8,2,406,406,4,PASS,PASS,PASS
23,1,1,10,8,1,9,2,451,451,4,PASS,PASS,PASS
23,1,1,11,8,1,10,2,496,496,4,PASS,PASS,PASS
23,1,1,12,8,1,11,2,541,541,4,PASS,PASS,PASS
23,1,1,13,8,1,12,2,586,586,4,PASS,PASS,PASS
23,1,1,14,8,1,13,2,631,631,4,PASS,PASS,PASS
23,1,1,15,8,1,14,2,676,676,4,PASS,PASS,PASS
23,1,1,16,8,1,15,2,721,721,4,PASS,PASS,PASS
23,1,1,17,8,1,16,2,766,766,4,PASS,PASS,PASS
23,1,1,18,8,1,17,2,811,811,4,PASS,PASS,PASS
23,1,1,19,8,1,18,2,856,856,4,PASS,PASS,PASS
23,1,1,20,8,1,19,2,901,901,4,PASS,PASS,PASS
23,1,1,21,8,1,20,2,946,946,4,PASS,PASS,PASS
23,1,1,22,8,1,21,2,991,991,4,PASS,PASS,PASS
23,1,1,23,8,1,22,2,1036,1036,4,PASS,PASS,PASS
23,1,1,24,8,1,23,2,1081,1081,4,PASS,PASS,PASS
23,1,2,4,8,1,3,3,273,273,3,PASS,PASS,PASS
23,1,2,4,8,2,2,4,278,278,2,PASS,PASS,PASS
23,1,2,5,8,1,4,3,341,341,4,PASS,PASS,PASS
23,1,2,5,8,2,3,4,346,346,3,PASS,PASS,PASS
23,1,2,6,8,1,5,3,409,409,4,PASS,PASS,PASS
23,1,2,6,8,2,4,4,414,414,4,PASS,PASS,PASS
23,1,2,7,16,1,6,3,477,477,4,PASS,PASS,PASS
23,1,2,7,16,2,5,4,482,482,4,PASS,PASS,PASS
23,1,2,8,16,1,7,3,545,545,4,PASS,PASS,PASS
23,1,2,8,16,2,6,4,550,550,4,PASS,PASS,PASS
23,1,2,9,16,1,8,3,613,613,4,PASS,PASS,PASS
23,1,2,9,16,2,7,4,618,618,4,PASS,PASS,PASS
23,1,2,10,16,1,9,3,681,681,4,PASS,PASS,PASS
23,1,2,10,16,2,8,4,686,686,4,PASS,PASS,PASS
23,1,2,11,16,1,10,3,749,749,4,PASS,PASS,PASS
23,1,2,11,16,2,9,4,754,754,4,PASS,PASS,PASS
23,1,2,12,16,1,11,3,817,817,4,PASS,PASS,PASS
23,1,2,12,16,2,10,4,822,822,4,PASS,PASS,PASS
23,1,2,13,16,1,12,3,885,885,4,PASS,PASS,PASS
23,1,2,13,16,2,11,4,890,890,4,PASS,PASS,PASS
23,1,2,14,16,1,13,3,953,953,4,PASS,PASS,PASS
23,1,2,14,16,2,12,4,958,958,4,PASS,PASS,PASS
23,1,2,15,16,1,14,3,1021,1021,4,PASS,PASS,PASS
23,1,2,15,16,2,13,4,1026,1026,4,PASS,PASS,PASS
23,1,2,16,16,1,15,3,1089,1089,4,PASS,PASS,PASS
23,1,2,16,16,2,14,4,1094,1094,4,PASS,PASS,PASS
23,1,2,17,16,1,16,3,1157,1157,4,PASS,PASS,PASS
23,1,2,17,16,2,15,4,1162,1162,4,PASS,PASS,PASS
23,1,2,18,16,1,17,3,1225,1225,4,PASS,PASS,PASS
23,1,2,18,16,2,16,4,1230,1230,4,PASS,PASS,PASS
23,1,2,19,16,1,18,3,1293,1293,4,PASS,PASS,PASS
23,1,2,19,16,2,17,4,1298,1298,4,PASS,PASS,PASS
23,1,2,20,16,1,19,3,1361,1361,4,PASS,PASS,PASS
23,1,2,20,16,2,18,4,1366,1366,4,PASS,PASS,PASS
23,1,2,21,16,1,20,3,1429,1429,4,PASS,PASS,PASS
23,1,2,21,16,2,19,4,1434,1434,4,PASS,PASS,PASS
23,1,2,22,16,1,21,3,1497,1497,4,PASS,PASS,PASS
23,1,2,22,16,2,20,4,1502,1502,4,PASS,PASS,PASS
23,1,2,23,16,1,22,3,1565,1565,4,PASS,PASS,PASS
23,1,2,23,16,2,21,4,1570,1570,4,PASS,PASS,PASS
23,1,2,24,16,1,23,3,1633,1633,4,PASS,PASS,PASS
23,1,2,24,16,2,22,4,1638,1638,4,PASS,PASS,PASS
23,1,3,4,16,1,3,4,365,365,3,PASS,PASS,PASS
23,1,3,4,16,2,2,5,371,371,2,PASS,PASS,PASS
23,1,3,4,16,3,1,6,379,379,1,PASS,PASS,PASS
23,1,3,5,16,1,4,4,456,456,4,PASS,PASS,PASS
23,1,3,5,16,2,3,5,462,462,3,PASS,PASS,PASS
23,1,3,5,16,3,2,6,470,470,2,PASS,PASS,PASS
23,1,3,6,32,1,5,4,547,547,4,PASS,PASS,PASS
23,1,3,6,32,2,4,5,553,553,4,PASS,PASS,PASS
23,1,3,6,32,3,3,6,561,561,3,PASS,PASS,PASS
23,1,3,7,32,1,6,4,638,638,4,PASS,PASS,PASS
23,1,3,7,32,2,5,5,644,644,4,PASS,PASS,PASS
23,1,3,7,32,3,4,6,652,652,4,PASS,PASS,PASS
23,1,3,8,32,1,7,4,729,729,4,PASS,PASS,PASS
23,1,3,8,32,2,6,5,735,735,4,PASS,PASS,PASS
23,1,3,8,32,3,5,6,743,743,4,PASS,PASS,PASS
23,1,3,9,32,1,8,4,820,820,4,PASS,PASS,PASS
23,1,3,9,32,2,7,5,826,826,4,PASS,PASS,PASS
23,1,3,9,32,3,6,6,834,834,4,PASS,PASS,PASS
23,1,3,10,32,1,9,4,911,911,4,PASS,PASS,PASS
23,1,3,10,32,2,8,5,917,917,4,PASS,PASS,PASS
23,1,3,10,32,3,7,6,925,925,4,PASS,PASS,PASS
23,1,3,11,32,1,10,4,1002,1002,4,PASS,PASS,PASS
23,1,3,11,32,2,9,5,1008,1008,4,PASS,PASS,PASS
23,1,3,11,32,3,8,6,1016,1016,4,PASS,PASS,PASS
23,1,3,12,32,1,11,4,1093,1093,4,PASS,PASS,PASS
23,1,3,12,32,2,10,5,1099,1099,4,PASS,PASS,PASS
23,1,3,12,32,3,9,6,1107,1107,4,PASS,PASS,PASS
23,1,3,13,32,1,12,4,1184,1184,4,PASS,PASS,PASS
23,1,3,13,32,2,11,5,1190,1190,4,PASS,PASS,PASS
23,1,3,13,32,3,10,6,1198,1198,4,PASS,PASS,PASS
23,1,3,14,32,1,13,4,1275,1275,4,PASS,PASS,PASS
23,1,3,14,32,2,12,5,1281,1281,4,PASS,PASS,PASS
23,1,3,14,32,3,11,6,1289,1289,4,PASS,PASS,PASS
23,1,3,15,32,1,14,4,1366,1366,4,PASS,PASS,PASS
23,1,3,15,32,2,13,5,1372,1372,4,PASS,PASS,PASS
23,1,3,15,32,3,12,6,1380,1380,4,PASS,PASS,PASS
23,1,3,16,32,1,15,4,1457,1457,4,PASS,PASS,PASS
23,1,3,16,32,2,14,5,1463,1463,4,PASS,PASS,PASS
23,1,3,16,32,3,13,6,1471,1471,4,PASS,PASS,PASS
23,1,3,17,32,1,16,4,1548,1548,4,PASS,PASS,PASS
23,1,3,17,32,2,15,5,1554,1554,4,PASS,PASS,PASS
23,1,3,17,32,3,14,6,1562,1562,4,PASS,PASS,PASS
23,1,3,18,32,1,17,4,1639,1639,4,PASS,PASS,PASS
23,1,3,18,32,2,16,5,1645,1645,4,PASS,PASS,PASS
23,1,3,18,32,3,15,6,1653,1653,4,PASS,PASS,PASS
23,1,3,19,32,1,18,4,1730,1730,4,PASS,PASS,PASS
23,1,3,19,32,2,17,5,1736,1736,4,PASS,PASS,PASS
23,1,3,19,32,3,16,6,1744,1744,4,PASS,PASS,PASS
23,1,3,20,32,1,19,4,1821,1821,4,PASS,PASS,PASS
23,1,3,20,32,2,18,5,1827,1827,4,PASS,PASS,PASS
23,1,3,20,32,3,17,6,1835,1835,4,PASS,PASS,PASS
23,1,3,21,32,1,20,4,1912,1912,4,PASS,PASS,PASS
23,1,3,21,32,2,19,5,1918,1918,4,PASS,PASS,PASS
23,1,3,21,32,3,18,6,1926,1926,4,PASS,PASS,PASS
23,1,3,22,32,1,21,4,2003,2003,4,PASS,PASS,PASS
23,1,3,22,32,2,20,5,2009,2009,4,PASS,PASS,PASS
23,1,3,22,32,3,19,6,2017,2017,4,PASS,PASS,PASS
23,1,3,23,32,1,22,4,2094,2094,4,PASS,PASS,PASS
23,1,3,23,32,2,21,5,2100,2100,4,PASS,PASS,PASS
23,1,3,23,32,3,20,6,2108,2108,4,PASS,PASS,PASS
23,1,3,24,32,1,23,4,2185,2185,4,PASS,PASS,PASS
23,1,3,24,32,2,22,5,2191,2191,4,PASS,PASS,PASS
23,1,3,24,32,3,21,6,2199,2199,4,PASS,PASS,PASS
23,2,1,4,8,1,3,3,264,264,3,PASS,PASS,PASS
23,2,1,5,8,1,4,3,329,329,4,PASS,PASS,PASS
23,2,1,6,8,1,5,3,394,394,4,PASS,PASS,PASS
23,2,1,7,8,1,6,3,459,459,4,PASS,PASS,PASS
23,2,1,8,8,1,7,3,524,524,4,PASS,PASS,PASS
23,2,1,9,8,1,8,3,589,589,4,PASS,PASS,PASS
23,2,1,10,8,1,9,3,654,654,4,PASS,PASS,PASS
23,2,1,11,8,1,10,3,719,719,4,PASS,PASS,PASS
23,2,1,12,8,1,11,3,784,784,4,PASS,PASS,PASS
23,2,1,13,8,1,12,3,849,849,4,PASS,PASS,PASS
23,2,1,14,8,1,13,3,914,914,4,PASS,PASS,PASS
23,2,1,15,8,1,14,3,979,979,4,PASS,PASS,PASS
23,2,1,16,8,1,15,3,1044,1044,4,PASS,PASS,PASS
23,2,1,17,8,1,16,3,1109,1109,4,PASS,PASS,PASS
23,2,1,18,8,1,17,3,1174,1174,4,PASS,PASS,PASS
23,2,1,19,8,1,18,3,1239,1239,4,PASS,PASS,PASS
23,2,1,20,8,1,19,3,1304,1304,4,PASS,PASS,PASS
23,2,1,21,8,1,20,3,1369,1369,4,PASS,PASS,PASS
23,2,1,22,8,1,21,3,1434,1434,4,PASS,PASS,PASS
23,2,1,23,8,1,22,3,1499,1499,4,PASS,PASS,PASS
23,2,1,24,8,1,23,3,1564,1564,4,PASS,PASS,PASS
23,2,2,4,8,1,3,4,356,356,3,PASS,PASS,PASS
23,2,2,4,8,2,2,6,372,372,2,PASS,PASS,PASS
23,2,2,5,16,1,4,4,444,444,4,PASS,PASS,PASS
23,2,2,5,16,2,3,6,460,460,3,PASS,PASS,PASS
23,2,2,6,16,1,5,4,532,532,4,PASS,PASS,PASS
23,2,2,6,16,2,4,6,548,548,4,PASS,PASS,PASS
23,2,2,7,16,1,6,4,620,620,4,PASS,PASS,PASS
23,2,2,7,16,2,5,6,636,636,4,PASS,PASS,PASS
23,2,2,8,16,1,7,4,708,708,4,PASS,PASS,PASS
23,2,2,8,16,2,6,6,724,724,4,PASS,PASS,PASS
23,2,2,9,16,1,8,4,796,796,4,PASS,PASS,PASS
23,2,2,9,16,2,7,6,812,812,4,PASS,PASS,PASS
23,2,2,10,16,1,9,4,884,884,4,PASS,PASS,PASS
23,2,2,10,16,2,8,6,900,900,4,PASS,PASS,PASS
23,2,2,11,16,1,10,4,972,972,4,PASS,PASS,PASS
23,2,2,11,16,2,9,6,988,988,4,PASS,PASS,PASS
23,2,2,12,32,1,11,4,1060,1060,4,PASS,PASS,PASS
23,2,2,12,32,2,10,6,1076,1076,4,PASS,PASS,PASS
23,2,2,13,32,1,12,4,1148,1148,4,PASS,PASS,PASS
23,2,2,13,32,2,11,6,1164,1164,4,PASS,PASS,PASS
23,2,2,14,16,1,13,4,1236,1236,4,PASS,PASS,PASS
23,2,2,14,16,2,12,6,1252,1252,4,PASS,PASS,PASS
23,2,2,15,32,1,14,4,1324,1324,4,PASS,PASS,PASS
23,2,2,15,32,2,13,6,1340,1340,4,PASS,PASS,PASS
23,2,2,16,16,1,15,4,1412,1412,4,PASS,PASS,PASS
23,2,2,16,16,2,14,6,1428,1428,4,PASS,PASS,PASS
23,2,2,17,32,1,16,4,1500,1500,4,PASS,PASS,PASS
23,2,2,17,32,2,15,6,1516,1516,4,PASS,PASS,PASS
23,2,2,18,32,1,17,4,1588,1588,4,PASS,PASS,PASS
23,2,2,18,32,2,16,6,1604,1604,4,PASS,PASS,PASS
23,2,2,19,32,1,18,4,1676,1676,4,PASS,PASS,PASS
23,2,2,19,32,2,17,6,1692,1692,4,PASS,PASS,PASS
23,2,2,20,32,1,19,4,1764,1764,4,PASS,PASS,PASS
23,2,2,20,32,2,18,6,1780,1780,4,PASS,PASS,PASS
23,2,2,21,32,1,20,4,1852,1852,4,PASS,PASS,PASS
23,2,2,21,32,2,19,6,1868,1868,4,PASS,PASS,PASS
23,2,2,22,32,1,21,4,1940,1940,4,PASS,PASS,PASS
23,2,2,22,32,2,20,6,1956,1956,4,PASS,PASS,PASS
23,2,2,23,32,1,22,4,2028,2028,4,PASS,PASS,PASS
23,2,2,23,32,2,21,6,2044,2044,4,PASS,PASS,PASS
23,2,2,24,32,1,23,4,2116,2116,4,PASS,PASS,PASS
23,2,2,24,32,2,22,6,2132,2132,4,PASS,PASS,PASS
23,2,3,4,32,1,3,5,448,448,3,PASS,PASS,PASS
23,2,3,4,32,2,2,7,466,466,2,PASS,PASS,PASS
23,2,3,4,32,3,1,9,492,492,1,PASS,PASS,PASS
23,2,3,5,32,1,4,5,559,559,4,PASS,PASS,PASS
23,2,3,5,32,2,3,7,577,577,3,PASS,PASS,PASS
23,2,3,5,32,3,2,9,603,603,2,PASS,PASS,PASS
23,2,3,6,32,1,5,5,670,670,4,PASS,PASS,PASS
23,2,3,6,32,2,4,7,688,688,4,PASS,PASS,PASS
23,2,3,6,32,3,3,9,714,714,3,PASS,PASS,PASS
23,2,3,7,32,1,6,5,781,781,4,PASS,PASS,PASS
23,2,3,7,32,2,5,7,799,799,4,PASS,PASS,PASS
23,2,3,7,32,3,4,9,825,825,4,PASS,PASS,PASS
23,2,3,8,32,1,7,5,892,892,4,PASS,PASS,PASS
23,2,3,8,32,2,6,7,910,910,4,PASS,PASS,PASS
23,2,3,8,32,3,5,9,936,936,4,PASS,PASS,PASS
23,2,3,9,32,1,8,5,1003,1003,4,PASS,PASS,PASS
23,2,3,9,32,2,7,7,1021,1021,4,PASS,PASS,PASS
23,2,3,9,32,3,6,9,1047,1047,4,PASS,PASS,PASS
23,2,3,10,32,1,9,5,1114,1114,4,PASS,PASS,PASS
23,2,3,10,32,2,8,7,1132,1132,4,PASS,PASS,PASS
23,2,3,10,32,3,7,9,1158,1158,4,PASS,PASS,PASS
23,2,3,11,32,1,10,5,1225,1225,4,PASS,PASS,PASS
23,2,3,11,32,2,9,7,1243,1243,4,PASS,PASS,PASS
23,2,3,11,32,3,8,9,1269,1269,4,PASS,PASS,PASS
23,2,3,12,32,1,11,5,1336,1336,4,PASS,PASS,PASS
23,2,3,12,32,2,10,7,1354,1354,4,PASS,PASS,PASS
23,2,3,12,32,3,9,9,1380,1380,4,PASS,PASS,PASS
23,2,3,13,32,1,12,5,1447,1447,4,PASS,PASS,PASS
23,2,3,13,32,2,11,7,1465,1465,4,PASS,PASS,PASS
23,2,3,13,32,3,10,9,1491,1491,4,PASS,PASS,PASS
23,2,3,14,32,1,13,5,1558,1558,4,PASS,PASS,PASS
23,2,3,14,32,2,12,7,1576,1576,4,PASS,PASS,PASS
23,2,3,14,32,3,11,9,1602,1602,4,PASS,PASS,PASS
23,2,3,15,32,1,14,5,1669,1669,4,PASS,PASS,PASS
23,2,3,15,32,2,13,7,1687,1687,4,PASS,PASS,PASS
23,2,3,15,32,3,12,9,1713,1713,4,PASS,PASS,PASS
23,2,3,16,32,1,15,5,1780,1780,4,PASS,PASS,PASS
23,2,3,16,32,2,14,7,1798,1798,4,PASS,PASS,PASS
23,2,3,16,32,3,13,9,1824,1824,4,PASS,PASS,PASS
23,2,3,17,32,1,16,5,1891,1891,4,PASS,PASS,PASS
23,2,3,17,32,2,15,7,1909,1909,4,PASS,PASS,PASS
23,2,3,17,32,3,14,9,1935,1935,4,PASS,PASS,PASS
23,2,3,18,32,1,17,5,2002,2002,4,PASS,PASS,PASS
23,2,3,18,32,2,16,7,2020,2020,4,PASS,PASS,PASS
23,2,3,18,32,3,15,9,2046,2046,4,PASS,PASS,PASS
23,2,3,19,32,1,18,5,2113,2113,4,PASS,PASS,PASS
23,2,3,19,32,2,17,7,2131,2131,4,PASS,PASS,PASS
23,2,3,19,32,3,16,9,2157,2157,4,PASS,PASS,PASS
23,2,3,20,32,1,19,5,2224,2224,4,PASS,PASS,PASS
23,2,3,20,32,2,18,7,2242,2242,4,PASS,PASS,PASS
23,2,3,20,32,3,17,9,2268,2268,4,PASS,PASS,PASS
23,2,3,21,32,1,20,5,2335,2335,4,PASS,PASS,PASS
23,2,3,21,32,2,19,7,2353,2353,4,PASS,PASS,PASS
23,2,3,21,32,3,18,9,2379,2379,4,PASS,PASS,PASS
23,2,3,22,32,1,21,5,2446,2446,4,PASS,PASS,PASS
23,2,3,22,32,2,20,7,2464,2464,4,PASS,PASS,PASS
23,2,3,22,32,3,19,9,2490,2490,4,PASS,PASS,PASS
23,2,3,23,32,1,22,5,2557,2557,4,PASS,PASS,PASS
23,2,3,23,32,2,21,7,2575,2575,4,PASS,PASS,PASS
23,2,3,23,32,3,20,9,2601,2601,4,PASS,PASS,PASS
23,2,3,24,32,1,23,5,2668,2668,4,PASS,PASS,PASS
23,2,3,24,32,2,22,7,2686,2686,4,PASS,PASS,PASS
23,2,3,24,32,3,21,9,2712,2712,4,PASS,PASS,PASS
23,3,1,4,8,1,3,4,341,341,3,PASS,PASS,PASS
23,3,1,5,8,1,4,4,424,424,4,PASS,PASS,PASS
23,3,1,6,8,1,5,4,507,507,4,PASS,PASS,PASS
23,3,1,7,8,1,6,4,590,590,4,PASS,PASS,PASS
23,3,1,8,8,1,7,4,673,673,4,PASS,PASS,PASS
23,3,1,9,8,1,8,4,756,756,4,PASS,PASS,PASS
23,3,1,10,8,1,9,4,839,839,4,PASS,PASS,PASS
23,3,1,11,8,1,10,4,922,922,4,PASS,PASS,PASS
23,3,1,12,8,1,11,4,1005,1005,4,PASS,PASS,PASS
23,3,1,13,8,1,12,4,1088,1088,4,PASS,PASS,PASS
23,3,1,14,8,1,13,4,1171,1171,4,PASS,PASS,PASS
23,3,1,15,8,1,14,4,1254,1254,4,PASS,PASS,PASS
23,3,1,16,8,1,15,4,1337,1337,4,PASS,PASS,PASS
23,3,1,17,8,1,16,4,1420,1420,4,PASS,PASS,PASS
23,3,1,18,8,1,17,4,1503,1503,4,PASS,PASS,PASS
23,3,1,19,8,1,18,4,1586,1586,4,PASS,PASS,PASS
23,3,1,20,8,1,19,4,1669,1669,4,PASS,PASS,PASS
23,3,1,21,8,1,20,4,1752,1752,4,PASS,PASS,PASS
23,3,1,22,8,1,21,4,1835,1835,4,PASS,PASS,PASS
23,3,1,23,8,1,22,4,1918,1918,4,PASS,PASS,PASS
23,3,1,24,8,1,23,4,2001,2001,4,PASS,PASS,PASS
23,3,2,4,32,1,3,5,433,433,3,PASS,PASS,PASS
23,3,2,4,32,2,2,8,466,466,2,PASS,PASS,PASS
23,3,2,5,32,1,4,5,539,539,4,PASS,PASS,PASS
23,3,2,5,32,2,3,8,572,572,3,PASS,PASS,PASS
23,3,2,6,32,1,5,5,645,645,4,PASS,PASS,PASS
23,3,2,6,32,2,4,8,678,678,4,PASS,PASS,PASS
23,3,2,7,32,1,6,5,751,751,4,PASS,PASS,PASS
23,3,2,7,32,2,5,8,784,784,4,PASS,PASS,PASS
23,3,2,8,32,1,7,5,857,857,4,PASS,PASS,PASS
23,3,2,8,32,2,6,8,890,890,4,PASS,PASS,PASS
23,3,2,9,32,1,8,5,963,963,4,PASS,PASS,PASS
23,3,2,9,32,2,7,8,996,996,4,PASS,PASS,PASS
23,3,2,10,32,1,9,5,1069,1069,4,PASS,PASS,PASS
23,3,2,10,32,2,8,8,1102,1102,4,PASS,PASS,PASS
23,3,2,11,32,1,10,5,1175,1175,4,PASS,PASS,PASS
23,3,2,11,32,2,9,8,1208,1208,4,PASS,PASS,PASS
23,3,2,12,32,1,11,5,1281,1281,4,PASS,PASS,PASS
23,3,2,12,32,2,10,8,1314,1314,4,PASS,PASS,PASS
23,3,2,13,32,1,12,5,1387,1387,4,PASS,PASS,PASS
23,3,2,13,32,2,11,8,1420,1420,4,PASS,PASS,PASS
23,3,2,14,32,1,13,5,1493,1493,4,PASS,PASS,PASS
23,3,2,14,32,2,12,8,1526,1526,4,PASS,PASS,PASS
23,3,2,15,32,1,14,5,1599,1599,4,PASS,PASS,PASS
23,3,2,15,32,2,13,8,1632,1632,4,PASS,PASS,PASS
23,3,2,16,32,1,15,5,1705,1705,4,PASS,PASS,PASS
23,3,2,16,32,2,14,8,1738,1738,4,PASS,PASS,PASS
23,3,2,17,32,1,16,5,1811,1811,4,PASS,PASS,PASS
23,3,2,17,32,2,15,8,1844,1844,4,PASS,PASS,PASS
23,3,2,18,32,1,17,5,1917,1917,4,PASS,PASS,PASS
23,3,2,18,32,2,16,8,1950,1950,4,PASS,PASS,PASS
23,3,2,19,32,1,18,5,2023,2023,4,PASS,PASS,PASS
23,3,2,19,32,2,17,8,2056,2056,4,PASS,PASS,PASS
23,3,2,20,32,1,19,5,2129,2129,4,PASS,PASS,PASS
23,3,2,20,32,2,18,8,2162,2162,4,PASS,PASS,PASS
23,3,2,21,32,1,20,5,2235,2235,4,PASS,PASS,PASS
23,3,2,21,32,2,19,8,2268,2268,4,PASS,PASS,PASS
23,3,2,22,32,1,21,5,2341,2341,4,PASS,PASS,PASS
23,3,2,22,32,2,20,8,2374,2374,4,PASS,PASS,PASS
23,3,2,23,32,1,22,5,2447,2447,4,PASS,PASS,PASS
23,3,2,23,32,2,21,8,2480,2480,4,PASS,PASS,PASS
23,3,2,24,32,1,23,5,2553,2553,4,PASS,PASS,PASS
23,3,2,24,32,2,22,8,2586,2586,4,PASS,PASS,PASS
23,3,3,4,32,1,3,6,525,525,3,PASS,PASS,PASS
23,3,3,4,32,2,2,9,561,561,2,PASS,PASS,PASS
23,3,3,4,32,3,1,12,615,615,1,PASS,PASS,PASS
23,3,3,5,32,1,4,6,654,654,4,PASS,PASS,PASS
23,3,3,5,32,2,3,9,690,690,3,PASS,PASS,PASS
23,3,3,5,32,3,2,12,744,744,2,PASS,PASS,PASS
23,3,3,6,32,1,5,6,783,783,4,PASS,PASS,PASS
23,3,3,6,32,2,4,9,819,819,4,PASS,PASS,PASS
23,3,3,6,32,3,3,12,873,873,3,PASS,PASS,PASS
23,3,3,7,32,1,6,6,912,912,4,PASS,PASS,PASS
23,3,3,7,32,2,5,9,948,948,4,PASS,PASS,PASS
23,3,3,7,32,3,4,12,1002,1002,4,PASS,PASS,PASS
23,3,3,8,32,1,7,6,1041,1041,4,PASS,PASS,PASS
23,3,3,8,32,2,6,9,1077,1077,4,PASS,PASS,PASS
23,3,3,8,32,3,5,12,1131,1131,4,PASS,PASS,PASS
23,3,3,9,32,1,8,6,1170,1170,4,PASS,PASS,PASS
23,3,3,9,32,2,7,9,1206,1206,4,PASS,PASS,PASS
23,3,3,9,32,3,6,12,1260,1260,4,PASS,PASS,PASS
23,3,3,10,32,1,9,6,1299,1299,4,PASS,PASS,PASS
23,3,3,10,32,2,8,9,1335,1335,4,PASS,PASS,PASS
23,3,3,10,32,3,7,12,1389,1389,4,PASS,PASS,PASS
23,3,3,11,32,1,10,6,1428,1428,4,PASS,PASS,PASS
23,3,3,11,32,2,9,9,1464,1464,4,PASS,PASS,PASS
23,3,3,11,32,3,8,12,1518,1518,4,PASS,PASS,PASS
23,3,3,12,32,1,11,6,1557,1557,4,PASS,PASS,PASS
23,3,3,12,32,2,10,9,1593,1593,4,PASS,PASS,PASS
23,3,3,12,32,3,9,12,1647,1647,4,PASS,PASS,PASS
23,3,3,13,32,1,12,6,1686,1686,4,PASS,PASS,PASS
23,3,3,13,32,2,11,9,1722,1722,4,PASS,PASS,PASS
23,3,3,13,32,3,10,12,1776,1776,4,PASS,PASS,PASS
23,3,3,14,32,1,13,6,1815,1815,4,PASS,PASS,PASS
23,3,3,14,32,2,12,9,1851,1851,4,PASS,PASS,PASS
23,3,3,14,32,3,11,12,1905,1905,4,PASS,PASS,PASS
23,3,3,15,32,1,14,6,1944,1944,4,PASS,PASS,PASS
23,3,3,15,32,2,13,9,1980,1980,4,PASS,PASS,PASS
23,3,3,15,32,3,12,12,2034,2034,4,PASS,PASS,PASS
23,3,3,16,32,1,15,6,2073,2073,4,PASS,PASS,PASS
23,3,3,16,32,2,14,9,2109,2109,4,PASS,PASS,PASS
23,3,3,16,32,3,13,12,2163,2163,4,PASS,PASS,PASS
23,3,3,17,32,1,16,6,2202,2202,4,PASS,PASS,PASS
23,3,3,17,32,2,15,9,2238,2238,4,PASS,PASS,PASS
23,3,3,17,32,3,14,12,2292,2292,4,PASS,PASS,PASS
23,3,3,18,32,1,17,6,2331,2331,4,PASS,PASS,PASS
23,3,3,18,32,2,16,9,2367,2367,4,PASS,PASS,PASS
23,3,3,18,32,3,15,12,2421,2421,4,PASS,PASS,PASS
23,3,3,19,32,1,18,6,2460,2460,4,PASS,PASS,PASS
23,3,3,19,32,2,17,9,2496,2496,4,PASS,PASS,PASS
23,3,3,19,32,3,16,12,2550,2550,4,PASS,PASS,PASS
23,3,3,20,32,1,19,6,2589,2589,4,PASS,PASS,PASS
23,3,3,20,32,2,18,9,2625,2625,4,PASS,PASS,PASS
23,3,3,20,32,3,17,12,2679,2679,4,PASS,PASS,PASS
23,3,3,21,32,1,20,6,2718,2718,4,PASS,PASS,PASS
23,3,3,21,32,2,19,9,2754,2754,4,PASS,PASS,PASS
23,3,3,21,32,3,18,12,2808,2808,4,PASS,PASS,PASS
23,3,3,22,32,1,21,6,2847,2847,4,PASS,PASS,PASS
23,3,3,22,32,2,20,9,2883,2883,4,PASS,PASS,PASS
23,3,3,22,32,3,19,12,2937,2937,4,PASS,PASS,PASS
23,3,3,23,32,1,22,6,2976,2976,4,PASS,PASS,PASS
23,3,3,23,32,2,21,9,3012,3012,4,PASS,PASS,PASS
23,3,3,23,32,3,20,12,3066,3066,4,PASS,PASS,PASS
23,3,3,24,32,1,23,6,3105,3105,4,PASS,PASS,PASS
23,3,3,24,32,2,22,9,3141,3141,4,PASS,PASS,PASS
23,3,3,24,32,3,21,12,3195,3195,4,PASS,PASS,PASS
24,1,1,4,8,1,3,2,189,189,3,PASS,PASS,PASS
24,1,1,5,8,1,4,2,236,236,4,PASS,PASS,PASS
24,1,1,6,8,1,5,2,283,283,4,PASS,PASS,PASS
24,1,1,7,8,1,6,2,330,330,4,PASS,PASS,PASS
24,1,1,8,8,1,7,2,377,377,4,PASS,PASS,PASS
24,1,1,9,8,1,8,2,424,424,4,PASS,PASS,PASS
24,1,1,10,8,1,9,2,471,471,4,PASS,PASS,PASS
24,1,1,11,8,1,10,2,518,518,4,PASS,PASS,PASS
24,1,1,12,8,1,11,2,565,565,4,PASS,PASS,PASS
24,1,1,13,8,1,12,2,612,612,4,PASS,PASS,PASS
24,1,1,14,8,1,13,2,659,659,4,PASS,PASS,PASS
24,1,1,15,8,1,14,2,706,706,4,PASS,PASS,PASS
24,1,1,16,8,1,15,2,753,753,4,PASS,PASS,PASS
24,1,1,17,8,1,16,2,800,800,4,PASS,PASS,PASS
24,1,1,18,8,1,17,2,847,847,4,PASS,PASS,PASS
24,1,1,19,8,1,18,2,894,894,4,PASS,PASS,PASS
24,1,1,20,8,1,19,2,941,941,4,PASS,PASS,PASS
24,1,1,21,8,1,20,2,988,988,4,PASS,PASS,PASS
24,1,1,22,8,1,21,2,1035,1035,4,PASS,PASS,PASS
24,1,1,23,8,1,22,2,1082,1082,4,PASS,PASS,PASS
24,1,1,24,8,1,23,2,1129,1129,4,PASS,PASS,PASS
24,1,2,4,8,1,3,3,285,285,3,PASS,PASS,PASS
24,1,2,4,8,2,2,4,290,290,2,PASS,PASS,PASS
24,1,2,5,8,1,4,3,356,356,4,PASS,PASS,PASS
24,1,2,5,8,2,3,4,361,361,3,PASS,PASS,PASS
24,1,2,6,16,1,5,3,427,427,4,PASS,PASS,PASS
24,1,2,6,16,2,4,4,432,432,4,PASS,PASS,PASS
24,1,2,7,16,1,6,3,498,498,4,PASS,PASS,PASS
24,1,2,7,16,2,5,4,503,503,4,PASS,PASS,PASS
24,1,2,8,16,1,7,3,569,569,4,PASS,PASS,PASS
24,1,2,8,16,2,6,4,574,574,4,PASS,PASS,PASS
24,1,2,9,16,1,8,3,640,640,4,PASS,PASS,PASS
24,1,2,9,16,2,7,4,645,645,4,PASS,PASS,PASS
24,1,2,10,16,1,9,3,711,711,4,PASS,PASS,PASS
24,1,2,10,16,2,8,4,716,716,4,PASS,PASS,PASS
24,1,2,11,16,1,10,3,782,782,4,PASS,PASS,PASS
24,1,2,11,16,2,9,4,787,787,4,PASS,PASS,PASS
24,1,2,12,16,1,11,3,853,853,4,PASS,PASS,PASS
24,1,2,12,16,2,10,4,858,858,4,PASS,PASS,PASS
24,1,2,13,16,1,12,3,924,924,4,PASS,PASS,PASS
24,1,2,13,16,2,11,4,929,929,4,PASS,PASS,PASS
24,1,2,14,16,1,13,3,995,995,4,PASS,PASS,PASS
24,1,2,14,16,2,12,4,1000,1000,4,PASS,PASS,PASS
24,1,2,15,16,1,14,3,1066,1066,4,PASS,PASS,PASS
24,1,2,15,16,2,13,4,1071,1071,4,PASS,PASS,PASS
24,1,2,16,16,1,15,3,1137,1137,4,PASS,PASS,PASS
24,1,2,16,16,2,14,4,1142,1142,4,PASS,PASS,PASS
24,1,2,17,16,1,16,3,1208,1208,4,PASS,PASS,PASS
24,1,2,17,16,2,15,4,1213,1213,4,PASS,PASS,PASS
24,1,2,18,16,1,17,3,1279,1279,4,PASS,PASS,PASS
24,1,2,18,16,2,16,4,1284,1284,4,PASS,PASS,PASS
24,1,2,19,16,1,18,3,1350,1350,4,PASS,PASS,PASS
24,1,2,19,16,2,17,4,1355,1355,4,PASS,PASS,PASS
24,1,2,20,16,1,19,3,1421,1421,4,PASS,PASS,PASS
24,1,2,20,16,2,18,4,1426,1426,4,PASS,PASS,PASS
24,1,2,21,16,1,20,3,1492,1492,4,PASS,PASS,PASS
24,1,2,21,16,2,19,4,1497,1497,4,PASS,PASS,PASS
24,1,2,22,16,1,21,3,1563,1563,4,PASS,PASS,PASS
24,1,2,22,16,2,20,4,1568,1568,4,PASS,PASS,PASS
24,1,2,23,16,1,22,3,1634,1634,4,PASS,PASS,PASS
24,1,2,23,16,2,21,4,1639,1639,4,PASS,PASS,PASS
24,1,2,24,16,1,23,3,1705,1705,4,PASS,PASS,PASS
24,1,2,24,16,2,22,4,1710,1710,4,PASS,PASS,PASS
24,1,3,4,16,1,3,4,381,381,3,PASS,PASS,PASS
24,1,3,4,16,2,2,5,387,387,2,PASS,PASS,PASS
24,1,3,4,16,3,1,6,395,395,1,PASS,PASS,PASS
24,1,3,5,16,1,4,4,476,476,4,PASS,PASS,PASS
24,1,3,5,16,2,3,5,482,482,3,PASS,PASS,PASS
24,1,3,5,16,3,2,6,490,490,2,PASS,PASS,PASS
24,1,3,6,32,1,5,4,571,571,4,PASS,PASS,PASS
24,1,3,6,32,2,4,5,577,577,4,PASS,PASS,PASS
24,1,3,6,32,3,3,6,585,585,3,PASS,PASS,PASS
24,1,3,7,32,1,6,4,666,666,4,PASS,PASS,PASS
24,1,3,7,32,2,5,5,672,672,4,PASS,PASS,PASS
24,1,3,7,32,3,4,6,680,680,4,PASS,PASS,PASS
24,1,3,8,32,1,7,4,761,761,4,PASS,PASS,PASS
24,1,3,8,32,2,6,5,767,767,4,PASS,PASS,PASS
24,1,3,8,32,3,5,6,775,775,4,PASS,PASS,PASS
24,1,3,9,32,1,8,4,856,856,4,PASS,PASS,PASS
24,1,3,9,32,2,7,5,862,862,4,PASS,PASS,PASS
24,1,3,9,32,3,6,6,870,870,4,PASS,PASS,PASS
24,1,3,10,32,1,9,4,951,951,4,PASS,PASS,PASS
24,1,3,10,32,2,8,5,957,957,4,PASS,PASS,PASS
24,1,3,10,32,3,7,6,965,965,4,PASS,PASS,PASS
24,1,3,11,32,1,10,4,1046,1046,4,PASS,PASS,PASS
24,1,3,11,32,2,9,5,1052,1052,4,PASS,PASS,PASS
24,1,3,11,32,3,8,6,1060,1060,4,PASS,PASS,PASS
24,1,3,12,32,1,11,4,1141,1141,4,PASS,PASS,PASS
24,1,3,12,32,2,10,5,1147,1147,4,PASS,PASS,PASS
24,1,3,12,32,3,9,6,1155,1155,4,PASS,PASS,PASS
24,1,3,13,32,1,12,4,1236,1236,4,PASS,PASS,PASS
24,1,3,13,32,2,11,5,1242,1242,4,PASS,PASS,PASS
24,1,3,13,32,3,10,6,1250,1250,4,PASS,PASS,PASS
24,1,3,14,32,1,13,4,1331,1331,4,PASS,PASS,PASS
24,1,3,14,32,2,12,5,1337,1337,4,PASS,PASS,PASS
24,1,3,14,32,3,11,6,1345,1345,4,PASS,PASS,PASS
24,1,3,15,32,1,14,4,1426,1426,4,PASS,PASS,PASS
24,1,3,15,32,2,13,5,1432,1432,4,PASS,PASS,PASS
24,1,3,15,32,3,12,6,1440,1440,4,PASS,PASS,PASS
24,1,3,16,32,1,15,4,1521,1521,4,PASS,PASS,PASS
24,1,3,16,32,2,14,5,1527,1527,4,PASS,PASS,PASS
24,1,3,16,32,3,13,6,1535,1535,4,PASS,PASS,PASS
24,1,3,17,32,1,16,4,1616,1616,4,PASS,PASS,PASS
24,1,3,17,32,2,15,5,1622,1622,4,PASS,PASS,PASS
24,1,3,17,32,3,14,6,1630,1630,4,PASS,PASS,PASS
24,1,3,18,32,1,17,4,1711,1711,4,PASS,PASS,PASS
24,1,3,18,32,2,16,5,1717,1717,4,PASS,PASS,PASS
24,1,3,18,32,3,15,6,1725,1725,4,PASS,PASS,PASS
24,1,3,19,32,1,18,4,1806,1806,4,PASS,PASS,PASS
24,1,3,19,32,2,17,5,1812,1812,4,PASS,PASS,PASS
24,1,3,19,32,3,16,6,1820,1820,4,PASS,PASS,PASS
24,1,3,20,32,1,19,4,1901,1901,4,PASS,PASS,PASS
24,1,3,20,32,2,18,5,1907,1907,4,PASS,PASS,PASS
24,1,3,20,32,3,17,6,1915,1915,4,PASS,PASS,PASS
24,1,3,21,32,1,20,4,1996,1996,4,PASS,PASS,PASS
24,1,3,21,32,2,19,5,2002,2002,4,PASS,PASS,PASS
24,1,3,21,32,3,18,6,2010,2010,4,PASS,PASS,PASS
24,1,3,22,32,1,21,4,2091,2091,4,PASS,PASS,PASS
24,1,3,22,32,2,20,5,2097,2097,4,PASS,PASS,PASS
24,1,3,22,32,3,19,6,2105,2105,4,PASS,PASS,PASS
24,1,3,23,32,1,22,4,2186,2186,4,PASS,PASS,PASS
24,1,3,23,32,2,21,5,2192,2192,4,PASS,PASS,PASS
24,1,3,23,32,3,20,6,2200,2200,4,PASS,PASS,PASS
24,1,3,24,32,1,23,4,2281,2281,4,PASS,PASS,PASS
24,1,3,24,32,2,22,5,2287,2287,4,PASS,PASS,PASS
24,1,3,24,32,3,21,6,2295,2295,4,PASS,PASS,PASS
24,2,1,4,8,1,3,3,276,276,3,PASS,PASS,PASS
24,2,1,5,8,1,4,3,344,344,4,PASS,PASS,PASS
24,2,1,6,8,1,5,3,412,412,4,PASS,PASS,PASS
24,2,1,7,8,1,6,3,480,480,4,PASS,PASS,PASS
24,2,1,8,8,1,7,3,548,548,4,PASS,PASS,PASS
24,2,1,9,8,1,8,3,616,616,4,PASS,PASS,PASS
24,2,1,10,8,1,9,3,684,684,4,PASS,PASS,PASS
24,2,1,11,8,1,10,3,752,752,4,PASS,PASS,PASS
24,2,1,12,8,1,11,3,820,820,4,PASS,PASS,PASS
24,2,1,13,8,1,12,3,888,888,4,PASS,PASS,PASS
24,2,1,14,8,1,13,3,956,956,4,PASS,PASS,PASS
24,2,1,15,8,1,14,3,1024,1024,4,PASS,PASS,PASS
24,2,1,16,8,1,15,3,1092,1092,4,PASS,PASS,PASS
24,2,1,17,8,1,16,3,1160,1160,4,PASS,PASS,PASS
24,2,1,18,8,1,17,3,1228,1228,4,PASS,PASS,PASS
24,2,1,19,8,1,18,3,1296,1296,4,PASS,PASS,PASS
24,2,1,20,8,1,19,3,1364,1364,4,PASS,PASS,PASS
24,2,1,21,8,1,20,3,1432,1432,4,PASS,PASS,PASS
24,2,1,22,8,1,21,3,1500,1500,4,PASS,PASS,PASS
24,2,1,23,8,1,22,3,1568,1568,4,PASS,PASS,PASS
24,2,1,24,8,1,23,3,1636,1636,4,PASS,PASS,PASS
24,2,2,4,8,1,3,4,372,372,3,PASS,PASS,PASS
24,2,2,4,8,2,2,6,388,388,2,PASS,PASS,PASS
24,2,2,5,8,1,4,4,464,464,4,PASS,PASS,PASS
24,2,2,5,8,2,3,6,480,480,3,PASS,PASS,PASS
24,2,2,6,8,1,5,4,556,556,4,PASS,PASS,PASS
24,2,2,6,8,2,4,6,572,572,4,PASS,PASS,PASS
24,2,2,7,8,1,6,4,648,648,4,PASS,PASS,PASS
24,2,2,7,8,2,5,6,664,664,4,PASS,PASS,PASS
24,2,2,8,16,1,7,4,740,740,4,PASS,PASS,PASS
24,2,2,8,16,2,6,6,756,756,4,PASS,PASS,PASS
24,2,2,9,16,1,8,4,832,832,4,PASS,PASS,PASS
24,2,2,9,16,2,7,6,848,848,4,PASS,PASS,PASS
24,2,2,10,16,1,9,4,924,924,4,PASS,PASS,PASS
24,2,2,10,16,2,8,6,940,940,4,PASS,PASS,PASS
24,2,2,11,16,1,10,4,1016,1016,4,PASS,PASS,PASS
24,2,2,11,16,2,9,6,1032,1032,4,PASS,PASS,PASS
24,2,2,12,32,1,11,4,1108,1108,4,PASS,PASS,PASS
24,2,2,12,32,2,10,6,1124,1124,4,PASS,PASS,PASS
24,2,2,13,32,1,12,4,1200,1200,4,PASS,PASS,PASS
24,2,2,13,32,2,11,6,1216,1216,4,PASS,PASS,PASS
24,2,2,14,32,1,13,4,1292,1292,4,PASS,PASS,PASS
24,2,2,14,32,2,12,6,1308,1308,4,PASS,PASS,PASS
24,2,2,15,32,1,14,4,1384,1384,4,PASS,PASS,PASS
24,2,2,15,32,2,13,6,1400,1400,4,PASS,PASS,PASS
24,2,2,16,32,1,15,4,1476,1476,4,PASS,PASS,PASS
24,2,2,16,32,2,14,6,1492,1492,4,PASS,PASS,PASS
24,2,2,17,32,1,16,4,1568,1568,4,PASS,PASS,PASS
24,2,2,17,32,2,15,6,1584,1584,4,PASS,PASS,PASS
24,2,2,18,32,1,17,4,1660,1660,4,PASS,PASS,PASS
24,2,2,18,32,2,16,6,1676,1676,4,PASS,PASS,PASS
24,2,2,19,32,1,18,4,1752,1752,4,PASS,PASS,PASS
24,2,2,19,32,2,17,6,1768,1768,4,PASS,PASS,PASS
24,2,2,20,32,1,19,4,1844,1844,4,PASS,PASS,PASS
24,2,2,20,32,2,18,6,1860,1860,4,PASS,PASS,PASS
24,2,2,21,32,1,20,4,1936,1936,4,PASS,PASS,PASS
24,2,2,21,32,2,19,6,1952,1952,4,PASS,PASS,PASS
24,2,2,22,32,1,21,4,2028,2028,4,PASS,PASS,PASS
24,2,2,22,32,2,20,6,2044,2044,4,PASS,PASS,PASS
24,2,2,23,32,1,22,4,2120,2120,4,PASS,PASS,PASS
24,2,2,23,32,2,21,6,2136,2136,4,PASS,PASS,PASS
24,2,2,24,32,1,23,4,2212,2212,4,PASS,PASS,PASS
24,2,2,24,32,2,22,6,2228,2228,4,PASS,PASS,PASS
24,2,3,4,32,1,3,5,468,468,3,PASS,PASS,PASS
24,2,3,4,32,2,2,7,486,486,2,PASS,PASS,PASS
24,2,3,4,32,3,1,9,512,512,1,PASS,PASS,PASS
24,2,3,5,32,1,4,5,584,584,4,PASS,PASS,PASS
24,2,3,5,32,2,3,7,602,602,3,PASS,PASS,PASS
24,2,3,5,32,3,2,9,628,628,2,PASS,PASS,PASS
24,2,3,6,32,1,5,5,700,700,4,PASS,PASS,PASS
24,2,3,6,32,2,4,7,718,718,4,PASS,PASS,PASS
24,2,3,6,32,3,3,9,744,744,3,PASS,PASS,PASS
24,2,3,7,32,1,6,5,816,816,4,PASS,PASS,PASS
24,2,3,7,32,2,5,7,834,834,4,PASS,PASS,PASS
24,2,3,7,32,3,4,9,860,860,4,PASS,PASS,PASS
24,2,3,8,32,1,7,5,932,932,4,PASS,PASS,PASS
24,2,3,8,32,2,6,7,950,950,4,PASS,PASS,PASS
24,2,3,8,32,3,5,9,976,976,4,PASS,PASS,PASS
24,2,3,9,32,1,8,5,1048,1048,4,PASS,PASS,PASS
24,2,3,9,32,2,7,7,1066,1066,4,PASS,PASS,PASS
24,2,3,9,32,3,6,9,1092,1092,4,PASS,PASS,PASS
24,2,3,10,32,1,9,5,1164,1164,4,PASS,PASS,PASS
24,2,3,10,32,2,8,7,1182,1182,4,PASS,PASS,PASS
24,2,3,10,32,3,7,9,1208,1208,4,PASS,PASS,PASS
24,2,3,11,32,1,10,5,1280,1280,4,PASS,PASS,PASS
24,2,3,11,32,2,9,7,1298,1298,4,PASS,PASS,PASS
24,2,3,11,32,3,8,9,1324,1324,4,PASS,PASS,PASS
24,2,3,12,32,1,11,5,1396,1396,4,PASS,PASS,PASS
24,2,3,12,32,2,10,7,1414,1414,4,PASS,PASS,PASS
24,2,3,12,32,3,9,9,1440,1440,4,PASS,PASS,PASS
24,2,3,13,32,1,12,5,1512,1512,4,PASS,PASS,PASS
24,2,3,13,32,2,11,7,1530,1530,4,PASS,PASS,PASS
24,2,3,13,32,3,10,9,1556,1556,4,PASS,PASS,PASS
24,2,3,14,32,1,13,5,1628,1628,4,PASS,PASS,PASS
24,2,3,14,32,2,12,7,1646,1646,4,PASS,PASS,PASS
24,2,3,14,32,3,11,9,1672,1672,4,PASS,PASS,PASS
24,2,3,15,32,1,14,5,1744,1744,4,PASS,PASS,PASS
24,2,3,15,32,2,13,7,1762,1762,4,PASS,PASS,PASS
24,2,3,15,32,3,12,9,1788,1788,4,PASS,PASS,PASS
24,2,3,16,32,1,15,5,1860,1860,4,PASS,PASS,PASS
24,2,3,16,32,2,14,7,1878,1878,4,PASS,PASS,PASS
24,2,3,16,32,3,13,9,1904,1904,4,PASS,PASS,PASS
24,2,3,17,32,1,16,5,1976,1976,4,PASS,PASS,PASS
24,2,3,17,32,2,15,7,1994,1994,4,PASS,PASS,PASS
24,2,3,17,32,3,14,9,2020,2020,4,PASS,PASS,PASS
24,2,3,18,32,1,17,5,2092,2092,4,PASS,PASS,PASS
24,2,3,18,32,2,16,7,2110,2110,4,PASS,PASS,PASS
24,2,3,18,32,3,15,9,2136,2136,4,PASS,PASS,PASS
24,2,3,19,32,1,18,5,2208,2208,4,PASS,PASS,PASS
24,2,3,19,32,2,17,7,2226,2226,4,PASS,PASS,PASS
24,2,3,19,32,3,16,9,2252,2252,4,PASS,PASS,PASS
24,2,3,20,32,1,19,5,2324,2324,4,PASS,PASS,PASS
24,2,3,20,32,2,18,7,2342,2342,4,PASS,PASS,PASS
24,2,3,20,32,3,17,9,2368,2368,4,PASS,PASS,PASS
24,2,3,21,32,1,20,5,2440,2440,4,PASS,PASS,PASS
24,2,3,21,32,2,19,7,2458,2458,4,PASS,PASS,PASS
24,2,3,21,32,3,18,9,2484,2484,4,PASS,PASS,PASS
24,2,3,22,32,1,21,5,2556,2556,4,PASS,PASS,PASS
24,2,3,22,32,2,20,7,2574,2574,4,PASS,PASS,PASS
24,2,3,22,32,3,19,9,2600,2600,4,PASS,PASS,PASS
24,2,3,23,32,1,22,5,2672,2672,4,PASS,PASS,PASS
24,2,3,23,32,2,21,7,2690,2690,4,PASS,PASS,PASS
24,2,3,23,32,3,20,9,2716,2716,4,PASS,PASS,PASS
24,2,3,24,32,1,23,5,2788,2788,4,PASS,PASS,PASS
24,2,3,24,32,2,22,7,2806,2806,4,PASS,PASS,PASS
24,2,3,24,32,3,21,9,2832,2832,4,PASS,PASS,PASS
24,3,1,4,8,1,3,4,357,357,3,PASS,PASS,PASS
24,3,1,5,8,1,4,4,444,444,4,PASS,PASS,PASS
24,3,1,6,8,1,5,4,531,531,4,PASS,PASS,PASS
24,3,1,7,8,1,6,4,618,618,4,PASS,PASS,PASS
24,3,1,8,8,1,7,4,705,705,4,PASS,PASS,PASS
24,3,1,9,8,1,8,4,792,792,4,PASS,PASS,PASS
24,3,1,10,8,1,9,4,879,879,4,PASS,PASS,PASS
24,3,1,11,8,1,10,4,966,966,4,PASS,PASS,PASS
24,3,1,12,8,1,11,4,1053,1053,4,PASS,PASS,PASS
24,3,1,13,8,1,12,4,1140,1140,4,PASS,PASS,PASS
24,3,1,14,8,1,13,4,1227,1227,4,PASS,PASS,PASS
24,3,1,15,8,1,14,4,1314,1314,4,PASS,PASS,PASS
24,3,1,16,8,1,15,4,1401,1401,4,PASS,PASS,PASS
24,3,1,17,8,1,16,4,1488,1488,4,PASS,PASS,PASS
24,3,1,18,8,1,17,4,1575,1575,4,PASS,PASS,PASS
24,3,1,19,8,1,18,4,1662,1662,4,PASS,PASS,PASS
24,3,1,20,8,1,19,4,1749,1749,4,PASS,PASS,PASS
24,3,1,21,8,1,20,4,1836,1836,4,PASS,PASS,PASS
24,3,1,22,8,1,21,4,1923,1923,4,PASS,PASS,PASS
24,3,1,23,8,1,22,4,2010,2010,4,PASS,PASS,PASS
24,3,1,24,8,1,23,4,2097,2097,4,PASS,PASS,PASS
24,3,2,4,8,1,3,5,453,453,3,PASS,PASS,PASS
24,3,2,4,8,2,2,8,486,486,2,PASS,PASS,PASS
24,3,2,5,8,1,4,5,564,564,4,PASS,PASS,PASS
24,3,2,5,8,2,3,8,597,597,3,PASS,PASS,PASS
24,3,2,6,8,1,5,5,675,675,4,PASS,PASS,PASS
24,3,2,6,8,2,4,8,708,708,4,PASS,PASS,PASS
24,3,2,7,8,1,6,5,786,786,4,PASS,PASS,PASS
24,3,2,7,8,2,5,8,819,819,4,PASS,PASS,PASS
24,3,2,8,8,1,7,5,897,897,4,PASS,PASS,PASS
24,3,2,8,8,2,6,8,930,930,4,PASS,PASS,PASS
24,3,2,9,32,1,8,5,1008,1008,4,PASS,PASS,PASS
24,3,2,9,32,2,7,8,1041,1041,4,PASS,PASS,PASS
24,3,2,10,32,1,9,5,1119,1119,4,PASS,PASS,PASS
24,3,2,10,32,2,8,8,1152,1152,4,PASS,PASS,PASS
24,3,2,11,32,1,10,5,1230,1230,4,PASS,PASS,PASS
24,3,2,11,32,2,9,8,1263,1263,4,PASS,PASS,PASS
24,3,2,12,32,1,11,5,1341,1341,4,PASS,PASS,PASS
24,3,2,12,32,2,10,8,1374,1374,4,PASS,PASS,PASS
24,3,2,13,32,1,12,5,1452,1452,4,PASS,PASS,PASS
24,3,2,13,32,2,11,8,1485,1485,4,PASS,PASS,PASS
24,3,2,14,32,1,13,5,1563,1563,4,PASS,PASS,PASS
24,3,2,14,32,2,12,8,1596,1596,4,PASS,PASS,PASS
24,3,2,15,32,1,14,5,1674,1674,4,PASS,PASS,PASS
24,3,2,15,32,2,13,8,1707,1707,4,PASS,PASS,PASS
24,3,2,16,32,1,15,5,1785,1785,4,PASS,PASS,PASS
24,3,2,16,32,2,14,8,1818,1818,4,PASS,PASS,PASS
24,3,2,17,32,1,16,5,1896,1896,4,PASS,PASS,PASS
24,3,2,17,32,2,15,8,1929,1929,4,PASS,PASS,PASS
24,3,2,18,32,1,17,5,2007,2007,4,PASS,PASS,PASS
24,3,2,18,32,2,16,8,2040,2040,4,PASS,PASS,PASS
24,3,2,19,32,1,18,5,2118,2118,4,PASS,PASS,PASS
24,3,2,19,32,2,17,8,2151,2151,4,PASS,PASS,PASS
24,3,2,20,32,1,19,5,2229,2229,4,PASS,PASS,PASS
24,3,2,20,32,2,18,8,2262,2262,4,PASS,PASS,PASS
24,3,2,21,32,1,20,5,2340,2340,4,PASS,PASS,PASS
24,3,2,21,32,2,19,8,2373,2373,4,PASS,PASS,PASS
24,3,2,22,32,1,21,5,2451,2451,4,PASS,PASS,PASS
24,3,2,22,32,2,20,8,2484,2484,4,PASS,PASS,PASS
24,3,2,23,32,1,22,5,2562,2562,4,PASS,PASS,PASS
24,3,2,23,32,2,21,8,2595,2595,4,PASS,PASS,PASS
24,3,2,24,32,1,23,5,2673,2673,4,PASS,PASS,PASS
24,3,2,24,32,2,22,8,2706,2706,4,PASS,PASS,PASS
24,3,3,4,32,1,3,6,549,549,3,PASS,PASS,PASS
24,3,3,4,32,2,2,9,585,585,2,PASS,PASS,PASS
24,3,3,4,32,3,1,12,639,639,1,PASS,PASS,PASS
24,3,3,5,32,1,4,6,684,684,4,PASS,PASS,PASS
24,3,3,5,32,2,3,9,720,720,3,PASS,PASS,PASS
24,3,3,5,32,3,2,12,774,774,2,PASS,PASS,PASS
24,3,3,6,32,1,5,6,819,819,4,PASS,PASS,PASS
24,3,3,6,32,2,4,9,855,855,4,PASS,PASS,PASS
24,3,3,6,32,3,3,12,909,909,3,PASS,PASS,PASS
24,3,3,7,32,1,6,6,954,954,4,PASS,PASS,PASS
24,3,3,7,32,2,5,9,990,990,4,PASS,PASS,PASS
24,3,3,7,32,3,4,12,1044,1044,4,PASS,PASS,PASS
24,3,3,8,32,1,7,6,1089,1089,4,PASS,PASS,PASS
24,3,3,8,32,2,6,9,1125,1125,4,PASS,PASS,PASS
24,3,3,8,32,3,5,12,1179,1179,4,PASS,PASS,PASS
24,3,3,9,32,1,8,6,1224,1224,4,PASS,PASS,PASS
24,3,3,9,32,2,7,9,1260,1260,4,PASS,PASS,PASS
24,3,3,9,32,3,6,12,1314,1314,4,PASS,PASS,PASS
24,3,3,10,32,1,9,6,1359,1359,4,PASS,PASS,PASS
24,3,3,10,32,2,8,9,1395,1395,4,PASS,PASS,PASS
24,3,3,10,32,3,7,12,1449,1449,4,PASS,PASS,PASS
24,3,3,11,32,1,10,6,1494,1494,4,PASS,PASS,PASS
24,3,3,11,32,2,9,9,1530,1530,4,PASS,PASS,PASS
24,3,3,11,32,3,8,12,1584,1584,4,PASS,PASS,PASS
24,3,3,12,32,1,11,6,1629,1629,4,PASS,PASS,PASS
24,3,3,12,32,2,10,9,1665,1665,4,PASS,PASS,PASS
24,3,3,12,32,3,9,12,1719,1719,4,PASS,PASS,PASS
24,3,3,13,32,1,12,6,1764,1764,4,PASS,PASS,PASS
24,3,3,13,32,2,11,9,1800,1800,4,PASS,PASS,PASS
24,3,3,13,32,3,10,12,1854,1854,4,PASS,PASS,PASS
24,3,3,14,32,1,13,6,1899,1899,4,PASS,PASS,PASS
24,3,3,14,32,2,12,9,1935,1935,4,PASS,PASS,PASS
24,3,3,14,32,3,11,12,1989,1989,4,PASS,PASS,PASS
24,3,3,15,32,1,14,6,2034,2034,4,PASS,PASS,PASS
24,3,3,15,32,2,13,9,2070,2070,4,PASS,PASS,PASS
24,3,3,15,32,3,12,12,2124,2124,4,PASS,PASS,PASS
24,3,3,16,32,1,15,6,2169,2169,4,PASS,PASS,PASS
24,3,3,16,32,2,14,9,2205,2205,4,PASS,PASS,PASS
24,3,3,16,32,3,13,12,2259,2259,4,PASS,PASS,PASS
24,3,3,17,32,1,16,6,2304,2304,4,PASS,PASS,PASS
24,3,3,17,32,2,15,9,2340,2340,4,PASS,PASS,PASS
24,3,3,17,32,3,14,12,2394,2394,4,PASS,PASS,PASS
24,3,3,18,32,1,17,6,2439,2439,4,PASS,PASS,PASS
24,3,3,18,32,2,16,9,2475,2475,4,PASS,PASS,PASS
24,3,3,18,32,3,15,12,2529,2529,4,PASS,PASS,PASS
24,3,3,19,32,1,18,6,2574,2574,4,PASS,PASS,PASS
24,3,3,19,32,2,17,9,2610,2610,4,PASS,PASS,PASS
24,3,3,19,32,3,16,12,2664,2664,4,PASS,PASS,PASS
24,3,3,20,32,1,19,6,2709,2709,4,PASS,PASS,PASS
24,3,3,20,32,2,18,9,2745,2745,4,PASS,PASS,PASS
24,3,3,20,32,3,17,12,2799,2799,4,PASS,PASS,PASS
24,3,3,21,32,1,20,6,2844,2844,4,PASS,PASS,PASS
24,3,3,21,32,2,19,9,2880,2880,4,PASS,PASS,PASS
24,3,3,21,32,3,18,12,2934,2934,4,PASS,PASS,PASS
24,3,3,22,32,1,21,6,2979,2979,4,PASS,PASS,PASS
24,3,3,22,32,2,20,9,3015,3015,4,PASS,PASS,PASS
24,3,3,22,32,3,19,12,3069,3069,4,PASS,PASS,PASS
24,3,3,23,32,1,22,6,3114,3114,4,PASS,PASS,PASS
24,3,3,23,32,2,21,9,3150,3150,4,PASS,PASS,PASS
24,3,3,23,32,3,20,12,3204,3204,4,PASS,PASS,PASS
24,3,3,24,32,1,23,6,3249,3249,4,PASS,PASS,PASS
24,3,3,24,32,2,22,9,3285,3285,4,PASS,PASS,PASS
24,3,3,24,32,3,21,12,3339,3339,4,PASS,PASS,PASS
